platform,post_author_id,post_author_name_pi,post_comment_count,post_date,post_datetime,post_gather_id,post_id,post_like_count,post_link_pi,post_share_count,post_text_pi,comment_author_id,comment_author_name_pi,comment_date,comment_datetime,comment_gather_id,comment_id,comment_like_count,comment_link_pi,comment_parent_post_id,comment_replied_to_id,comment_text_pi,tiktok_post_plays,x_comment_is_quote,x_comment_is_reply,country,gather_topic,content_topic,primary_topic,phoenix_processed_at,phoenix_job_run_id,prob_afxumo,prob_not_afxumo,prob_toxicity,prob_severe_toxicity,prob_insult,prob_identity_attack,prob_threat,prob_sexually_explicit,prob_flirtation,topic_COUNTER_VE_LABELS,topic_HS_ANTI_FOREIGN,topic_HS_CASTE_RACISM,topic_HS_CLAN_HIERARCHY,topic_HS_CLAN_TARGETING,topic_HS_DEHUMANISATION_TARGETING,topic_HS_DEHUMANISE_MEDIA_TRUST,topic_HS_FACTIONAL_ATTACKS_AND_BETRAYAL,topic_HS_GBOV_GENDERED,topic_PEACE_CALLS_FOR_PEACE,topic_PEACE_INDIGENOUS_MECHANISMS,topic_PEACE_MEDIA_LITERACY_COUNTER_RUMOUR,topic_PEACE_RECONCILIATION_FORGIVENESS,topic_PEACE_TRADITIONAL_MEDIATION,topic_PEACE_UNITY_HEALING,topic_PEACE_WOMEN_VICTIM_SURVIVOR_VOICES,topic_RM_ATROCITY_PLANNING_RUMOURS,topic_VE_ATROCITY_AERIAL_AND_ATTACKS,topic_VE_CODED_YOUTH_REFERENCES,topic_VE_MILITIA_MOBILISATION,topic_VE_OPERATIONAL_ESCALATION,topic_VE_RECRUITMENT_COERCION,topic_VE_RELIGIOUS_JUSTIFICATION,topic_VE_SELF_REFERENCE_TERMS,topic_VE_TAKFIR_DEHUMANISE,topic_counter_disinfo_correction,topic_delegitimisation_anti_state,topic_explicit_violence_or_attack,topic_gendered_hate_or_humiliation,topic_grievance_victimhood,topic_interfaith_peace,topic_misdisinfo_rumour_conspiracy,topic_peace_cohesion_counter,topic_reconciliation_forgiveness,topic_religious_justification_takfir,topic_retaliation_mobilisation,topic_sectarian_or_religious_incitement,topic_sexualised_harm_or_humiliation,topic_unity_cohesion,topic_ve_attack_tactics,topic_ve_crossborder_diaspora,topic_ve_group_branding,topic_ve_propaganda_recruitment,topic_ve_recruitment_or_hijrah,topic_HS_MTN_CODED_METAPHOR_REVIEW,topic_RM_FINANCING_REQUESTS,topic_VE_ARABIC_PEACE_OR_WAR_TERMS_REVIEW,topic_VE_FINANCING_COORDINATION,topic_direct_threats_intimidation,topic_doxxing_or_personal_data_cues,topic_ve_bayah_affiliation,topic_HS_MILITARISATION_STEREOTYPE_MATHIANG_ANYOR,topic_VE_SECURITY_DELEGITIMATION_SPY_CLAIMS,topic_PEACE_HASHTAG_CAMPAIGNS,topic_nonviolence_deescalation,topic_expulsion_or_ethnic_cleansing_cues,topic_PEACE_ORG_REFERENCES,topic_PEACE_SYMBOLIC_SLOGANS,topic_HS_ETHNIC_SCAPEGOATING_JIENGE_CLUSTER,topic_HS_NATIONAL_IDENTITY_ANTI_ARAB_FRAMING,topic_HS_REGIONALISM_KOKORA,topic_HS_RETURN_DIASPORA_STIGMA,topic_coded_slurs_ethnic,topic_hate_slurs_or_coded,topic_identity_incitement_dehumanisation,EA_HS_Normal,EA_HS_Abusive,EA_HS_Hate,EA_HS_pred,EA_HS_conf,Polarization_Kenya_not_polarization,Polarization_Kenya_polarization,Afxumo_Somali_not_afxumo,Afxumo_Somali_afxumo,HateSpeech_Sudan_not_hate_speech,HateSpeech_Sudan_hate_speech,HateSpeech_Sudan_pred,HateSpeech_Sudan_conf,post_author_category,post_author_class,post_author_description_pi,post_author_followers_count,post_author_location,post_author_link_pi,post_class,comment_author_class,comment_class,facebook_video_views,x_post_retweeted_id,post_id_parent,post_text_pi_parent,post_author_id_parent,post_author_name_pi_parent,post_date_parent,post_datetime_parent,post_gather_id_parent,post_like_count_parent,post_share_count_parent,post_comment_count_parent,post_link_pi_parent,post_author_category_parent,post_author_class_parent,post_class_parent,platform_post,Polarization_Kenya_pred,Polarization_Kenya_conf,Afxumo_Somali_pred,Afxumo_Somali_conf
x,63556dac-c106-c8fc-52bc-b9fde8d1e63b,Breznsoiza,4.0,2015-06-26,2015-06-26 16:00:01 UTC,1314.0,7ea11b17-8809-b889-e99b-13a3a6aa7352,157.0,https://x.com/Breznsoiza/status/614463131474075648,20.0,"مطعم خرسان للمؤكولات الأفغانيةفي #ميونخ
Khorassan Afganisches Restaurant
48°09'59.0""N1°35'25.9E
 #مطاعم_تستحق_الزيارة http://t.co/eBbVK0XNLl",,,,,,,,,,,,,,,Somalia,Hate Speech,Hate Speech,Hate Speech,2026-01-15 15:40:46.723151 UTC,2325,,very_high,,,,,,,,0.0,0.0,0.0,0.0,0.0,0.0,0.0,0.0,0.0,0.0,0.0,0.0,0.0,0.0,0.0,0.0,0.0,0.0,0.0,0.0,0.0,0.0,0.0,0.0,0.0,0.0,0.0,0.0,0.0,0.0,0.0,0.0,0.0,0.0,0.0,0.0,0.0,0.0,0.0,0.0,0.0,0.0,0.0,0.0,,,,,,,,,,,,,,,,,,,,,,0.9997581839561462,0.0001575725764269,8.426655404036865e-05,Normal,0.9997581839561462,,,0.9822739958763124,0.0177259929478168,,,,,,,,,,,,,,,,,,,,,,,,,,,,,,,,,,
x,799eab72-f168-be0f-d3c2-670494da2323,SatoMasahisa,23.0,2017-11-10,2017-11-10 19:14:17 UTC,1314.0,fb9e790f-c0e7-fa7f-cce1-335579152dd2,762.0,https://x.com/SatoMasahisa/status/929064686284431361,204.0,"【エチオピアのアジスアベバ到着、久々です。AU本部や経済協力案件等も見たいと思います】
エチオピアと言えばやはりコーヒーです。空港到着後、TOMOCAコーヒー店に。エチオピア最初のコーヒー会社で、1953年に設立、東京の代々木上原にも店舗があるそうです。濃くて美味しい！ https://t.co/wZ9bP72DgX",,,,,,,,,,,,,,,Somalia,Hate Speech,Hate Speech,Hate Speech,2026-01-15 15:40:46.723151 UTC,2325,,very_high,,,,,,,,0.0,0.0,0.0,0.0,0.0,0.0,0.0,0.0,0.0,0.0,0.0,0.0,0.0,0.0,0.0,0.0,0.0,0.0,0.0,0.0,0.0,0.0,0.0,0.0,0.0,0.0,0.0,0.0,0.0,0.0,0.0,0.0,0.0,0.0,0.0,0.0,0.0,0.0,0.0,0.0,0.0,0.0,0.0,0.0,,,,,,,,,,,,,,,,,,,,,,0.9997299313545228,0.0001749944931361,9.506032802164556e-05,Normal,0.9997299313545228,,,0.9858556389808656,0.0141444131731987,,,,,,,,,,,,,,,,,,,,,,,,,,,,,,,,,,
x,e7d3de24-91a8-c482-b11b-04e60c5f5d90,Odowaa,60.0,2019-01-05,2019-01-05 16:48:55 UTC,1318.0,b0d800e5-6124-8cc6-ce8f-97ee3e87a7a6,298.0,https://x.com/Odowaa/status/1081593397016776705,64.0,"Happy to be back in #Mogadishu after 10days long official tour to Galmudug State of Somalia. During my visit, I met State leaders &amp; the people of Galmudug to listen to their advices &amp; concerns. I also launched  &amp; inaugurated projects that cover the basic needs of my constituents. https://t.co/bni5oxKQ2I",,,,,,,,,,,,,,,Somalia,Hate Speech,Hate Speech,Hate Speech,2026-01-15 15:40:46.723151 UTC,2325,,very_high,low,low,low,low,low,low,medium,0.0,0.0,0.0,0.0,0.0,0.0,0.0,0.0,0.0,0.0,0.0,0.0,0.0,0.0,0.0,0.0,0.0,0.0,0.0,0.0,0.0,0.0,0.0,0.0,0.0,0.0,0.0,0.0,0.0,0.0,0.0,0.0,0.0,0.0,0.0,0.0,0.0,0.0,0.0,0.0,0.0,0.0,0.0,0.0,,,,,,,,,,,,,,,,,,,,,,0.9997448325157166,0.0001731481024762,8.198273280868307e-05,Normal,0.9997448325157166,,,0.9789413213729858,0.0210586171597242,,,,,,,,,,,,,,,,,,,,,,,,,,,,,,,,,,
x,e1f61640-9679-07fd-eb00-165ef01165b1,Fosahah,7.0,2019-10-30,2019-10-30 20:47:38 UTC,1314.0,0d413af8-7592-955f-d275-5af25ee51d02,163.0,https://x.com/Fosahah/status/1189645056245932033,22.0,"الليلُ في الريف غير الليل في المدنِ, فافتح ذراعيك للأريافِ واحتضنِ.🏕
تغطيتنا كانت لكوفي كامبانيا دي كافيه المستوحى من كافيهات الريف الإيطالي 🇮🇹، أجواء الكوفي كانت جميلة وعندهم خيارات متنوعة من الحلى والقهوة ☕️.
أعجبتني كيكة العسل 👌
🚶‍♂️👫يوجد قسمين عوائل وأفراد. https://t.co/jmJc76sacz",,,,,,,,,,,,,,,Somalia,Hate Speech,Hate Speech,Hate Speech,2026-01-15 15:40:46.723151 UTC,2325,,very_high,,,,,,,,0.0,0.0,0.0,0.0,0.0,0.0,0.0,0.0,0.0,0.0,0.0,0.0,0.0,0.0,0.0,0.0,0.0,0.0,0.0,0.0,0.0,0.0,0.0,0.0,0.0,0.0,0.0,0.0,0.0,0.0,0.0,0.0,0.0,0.0,0.0,0.0,0.0,0.0,0.0,0.0,0.0,0.0,0.0,0.0,,,,,,,,,,,,,,,,,,,,,,0.9997612833976746,0.0001451570278732,9.360224066767842e-05,Normal,0.9997612833976746,,,0.9502404928207396,0.0497594885528087,,,,,,,,,,,,,,,,,,,,,,,,,,,,,,,,,,
x,b6675944-22f2-fdb4-da41-747ae14c03d0,gabowduale,78.0,2020-06-02,2020-06-02 08:29:01 UTC,1318.0,760fe6b8-5970-0106-74b5-bf2fda8b51b3,649.0,https://x.com/gabowduale/status/1267734956505272320,87.0,The stadium and the clouds this morning. I couldn’t help feeling nostalgic and remembering the first day day we visited when it was AMISOM Base. The message was clear that day “ Mogadishu will fall in 24 hours if we move out “ I was very worried that day - but Alxamdulilah. https://t.co/VaY67barLZ,,,,,,,,,,,,,,,Somalia,Hate Speech,Hate Speech,Hate Speech,2026-01-15 15:40:46.723151 UTC,2325,,high,low,low,low,low,low,low,medium,0.0,0.0,0.0,0.0,0.0,0.0,0.0,0.0,0.0,0.0,0.0,0.0,0.0,0.0,0.0,0.0,0.0,0.0,0.0,0.0,0.0,0.0,0.0,0.0,0.0,0.0,0.0,0.0,0.0,0.0,0.0,0.0,0.0,0.0,0.0,0.0,0.0,0.0,0.0,0.0,0.0,0.0,0.0,0.0,,,,,,,,,,,,,,,,,,,,,,0.9988700747489928,0.0008495675283484,0.0002803241368383,Normal,0.9988700747489928,,,0.58774334192276,0.4122566282749176,,,,,,,,,,,,,,,,,,,,,,,,,,,,,,,,,,
x,712cd03b-99f0-8aa7-3eae-370e4fa44c0a,Mr_Ndash,36.0,2020-06-12,2020-06-12 08:32:56 UTC,1314.0,d185ae5b-0da3-c2a5-58f1-f22f134634f4,317.0,https://x.com/Mr_Ndash/status/1271359821174972418,94.0,The perfect Meal for today’s weather by @NdashFoodPOPUP . Please call 0630836783 or whatsapp 0764694343 for all your orders- collections only from 12 - 5pm at Plantation Cafe in Midrand (New road ) . #day78oflockdown https://t.co/EnsxbU5KRy,,,,,,,,,,,,,,,Somalia,Hate Speech,Hate Speech,Hate Speech,2026-01-15 15:40:46.723151 UTC,2325,,very_high,low,low,low,low,low,low,medium,0.0,0.0,0.0,0.0,0.0,0.0,0.0,0.0,0.0,0.0,0.0,0.0,0.0,0.0,0.0,0.0,0.0,0.0,0.0,0.0,0.0,0.0,0.0,0.0,0.0,0.0,0.0,0.0,0.0,0.0,0.0,0.0,0.0,0.0,0.0,0.0,0.0,0.0,0.0,0.0,0.0,0.0,0.0,0.0,,,,,,,,,,,,,,,,,,,,,,0.9997127652168274,0.0001842231868067,0.0001029707345878,Normal,0.9997127652168274,,,0.972674548625946,0.0273254625499248,,,,,,,,,,,,,,,,,,,,,,,,,,,,,,,,,,
x,27d1314f-9d50-eeee-6b1c-e22c28003f54,Asmali77,19.0,2020-09-07,2020-09-07 12:32:15 UTC,1318.0,1864c6cb-58a1-c720-7c6e-07b8ae992230,231.0,https://x.com/Asmali77/status/1302947788741894145,40.0,"Coffee houses, executive apartment buildings, white sand beaches, world class stadiums. This is Mogadishu. This is what I call an ‘investment in peace’. Can’t wait to go Mogadishu for a holiday. https://t.co/1U24loJIKK",,,,,,,,,,,,,,,Somalia,Hate Speech,Hate Speech,Hate Speech,2026-01-15 15:40:46.723151 UTC,2325,,very_high,low,low,low,low,low,low,medium,0.0,0.0,0.0,0.0,0.0,0.0,0.0,0.0,0.0,0.0,0.0,0.0,0.0,0.0,0.0,0.0,0.0,0.0,0.0,0.0,0.0,0.0,0.0,0.0,0.0,0.0,0.0,0.0,0.0,0.0,0.0,0.0,0.0,0.0,0.0,0.0,0.0,0.0,0.0,0.0,0.0,0.0,0.0,0.0,,,,,,,,,,,,,,,,,,,,,,0.999642014503479,0.0002505640150047,0.0001074238316505,Normal,0.999642014503479,,,0.9487920999526978,0.051207847893238,,,,,,,,,,,,,,,,,,,,,,,,,,,,,,,,,,
x,5d8ea88e-440e-e429-8d49-41e51f108eb0,zubaidah_x,22.0,2020-09-16,2020-09-16 08:03:00 UTC,1314.0,0538213a-ba7c-a7fc-f46d-f2c95808b19b,273.0,https://x.com/zubaidah_x/status/1306141520903442437,112.0,"Breakfast 😍😍😍

📍Cafe Accra, East Legon
📞0558039344
💸¢45

📍Cafe Kwae, One Airport Square
📞 0204004010
💸¢49 (¢35 extra for mimosa)

📍Palm Moments, Nyaniba/Osu
📞0593374393
💸¢35

📍Frozen Spoon, Airport Residential
📞0557388773
💸¢35 https://t.co/Ozyvn6wlMg",,,,,,,,,,,,,,,Somalia,Hate Speech,Hate Speech,Hate Speech,2026-01-15 15:40:46.723151 UTC,2325,,very_high,low,low,low,low,low,low,high,0.0,0.0,0.0,0.0,0.0,0.0,0.0,0.0,0.0,0.0,0.0,0.0,0.0,0.0,0.0,0.0,0.0,0.0,0.0,0.0,0.0,0.0,0.0,0.0,0.0,0.0,0.0,0.0,0.0,0.0,0.0,0.0,0.0,0.0,0.0,0.0,0.0,0.0,0.0,0.0,0.0,0.0,0.0,0.0,,,,,,,,,,,,,,,,,,,,,,0.9995077848434448,0.0003114521678071,0.0001807194203138,Normal,0.9995077848434448,,,0.9697941541671752,0.0302058234810829,,,,,,,,,,,,,,,,,,,,,,,,,,,,,,,,,,
x,0b4407b3-5432-0f41-f86c-93f73a756c61,UG_Airlines,20.0,2020-10-02,2020-10-02 15:54:20 UTC,1318.0,0321eb1b-f8d5-9ca1-1040-01a9277c7b28,357.0,https://x.com/UG_Airlines/status/1312058342584582146,79.0,"We are back to #Mogadishu. Thank you #Somalia for the wonderful welcome to Uganda Airlines at Aden Adde International Airport upon relaunch of our scheduled flights from Entebbe to Mogadishu.

Waa Mahadsantahay! #FlyUgandaAirlines

🎥 @sntvnews1 https://t.co/tZp0dOALUc",,,,,,,,,,,,,,,Somalia,Hate Speech,Hate Speech,Hate Speech,2026-01-15 15:40:46.723151 UTC,2325,,very_high,low,low,low,low,low,low,medium,0.0,0.0,0.0,0.0,0.0,0.0,0.0,0.0,0.0,0.0,0.0,0.0,0.0,0.0,0.0,0.0,0.0,0.0,0.0,0.0,0.0,0.0,0.0,0.0,0.0,0.0,0.0,0.0,0.0,0.0,0.0,0.0,0.0,0.0,0.0,0.0,0.0,0.0,0.0,0.0,0.0,0.0,0.0,0.0,,,,,,,,,,,,,,,,,,,,,,0.999739706516266,0.0001804336061468,7.985979755176231e-05,Normal,0.999739706516266,,,0.9771395325660706,0.0228605233132839,,,,,,,,,,,,,,,,,,,,,,,,,,,,,,,,,,
x,cf388e6a-6139-380c-6c5e-5bd921a3fc0b,saroleza,15.0,2020-10-28,2020-10-28 12:36:07 UTC,1314.0,8b9ac045-dda0-876f-889b-1b4a23259322,186.0,https://x.com/saroleza/status/1321430544601780226,58.0,"هامبيلا 💠 حي السويدي
يفتح من 💠 ٦ ص - ١٢ ص
الجمعة 💠 ١ م - ١٢ ص
جلسات 💠 أفراد + عوائل بارتشن🚪
طلبي 💠 فلات وايت ١٥ريال
رأيي 💠 نوعين قهوة كلهم أعجبوني ( هامبيلا أثيوبية + سلفادور قوية ) بُن صواع
المكان جميل جداً وألوانه مريحة للعين
لكن الجو العام ما ناسبني
باقي الصور #ثريد👇🏼 https://t.co/jvMYgOzej3",,,,,,,,,,,,,,,Somalia,Hate Speech,Hate Speech,Hate Speech,2026-01-15 15:40:46.723151 UTC,2325,,high,,,,,,,,0.0,0.0,0.0,0.0,0.0,0.0,0.0,0.0,0.0,0.0,0.0,0.0,0.0,0.0,0.0,0.0,0.0,0.0,0.0,0.0,0.0,0.0,0.0,0.0,0.0,0.0,0.0,0.0,0.0,0.0,0.0,0.0,0.0,0.0,0.0,0.0,0.0,0.0,0.0,0.0,0.0,0.0,0.0,0.0,,,,,,,,,,,,,,,,,,,,,,0.9997461438179016,0.0001615972869331,9.228449926013128e-05,Normal,0.9997461438179016,,,0.5966939926147461,0.4033060073852539,,,,,,,,,,,,,,,,,,,,,,,,,,,,,,,,,,
x,b4a4edfc-62b6-0be3-974f-3f376635525a,AbdullahiMNOR,123.0,2021-02-18,2021-02-18 16:20:24 UTC,1318.0,9faef62d-5827-7a4f-9962-edb470d22525,168.0,https://x.com/AbdullahiMNOR/status/1362436815412731906,39.0,"Farmaajo dalkaan waxaa uu yimid gacmihiisa kareem leh, Balse nasiib daro waxaa uu ka tagayaa gacmihiisa oo dhiig leh, dalkana ay yaalaan Qabuuro loogu magac daray (Qabuurihi Farmaajo) oo lagu aasay dad amarkiisa lagu dilay sida magaalada Muqdiaho, Baydhabo, Dhuusamareeb iyo Gedo. https://t.co/PYsjIaFiPF",,,,,,,,,,,,,,,Somalia,Hate Speech,Hate Speech,Hate Speech,2026-01-15 15:40:46.723151 UTC,2325,,high,,,,,,,,0.0,0.0,0.0,0.0,0.0,0.0,0.0,0.0,0.0,0.0,0.0,0.0,0.0,0.0,0.0,0.0,0.0,0.0,0.0,0.0,0.0,0.0,0.0,0.0,0.0,0.0,0.0,0.0,0.0,0.0,0.0,0.0,0.0,0.0,0.0,0.0,0.0,0.0,0.0,0.0,0.0,0.0,0.0,0.0,,,,,,,,,,,,,,,,,,,,,,0.9912234544754028,0.0006295310449786,0.0081470441073179,Normal,0.9912234544754028,,,0.6830734610557556,0.316926509141922,,,,,,,,,,,,,,,,,,,,,,,,,,,,,,,,,,
x,401b307e-f227-5afa-41da-2cf6b2cd5ec7,ghassansaoud,48.0,2021-08-26,2021-08-26 05:37:40 UTC,1318.0,d5b8ec58-8c3b-6c03-87ec-0787fdebe9c4,1063.0,https://x.com/ghassansaoud/status/1430766373085528064,139.0,"حاولت عام 2005 وفشلت، 
وحاولت عام 2006  وفشلت، 
وحاولت بين عامي 2006 و2012 عبر كلّ أشكال التحريض المذهبي وفشلت، 
وحاولت بين عامي 2012 و2019 عبر جيوش التكفيريين وفشلت، 
وهي تحاول من جديد وستفشل حتماً.

https://t.co/qVBC9Anz7I",,,,,,,,,,,,,,,Somalia,Hate Speech,Hate Speech,Hate Speech,2026-01-15 15:40:46.723151 UTC,2325,very_high,,,,,,,,,0.0,0.0,0.0,0.0,0.0,0.0,0.0,0.0,0.0,0.0,0.0,0.0,0.0,0.0,0.0,0.0,0.0,0.0,0.0,0.0,0.0,0.0,0.0,0.0,0.0,0.0,0.0,0.0,0.0,0.0,0.0,0.0,0.0,0.0,0.0,0.0,0.0,0.0,0.0,0.0,0.0,0.0,0.0,0.0,,,,,,,,,,,,,,,,,,,,,,0.0417632758617401,0.000155625239131,0.958081066608429,Hate,0.958081066608429,,,0.0988116413354873,0.901188313961029,,,,,,,,,,,,,,,,,,,,,,,,,,,,,,,,,,
x,8eee2b3e-a547-7d78-f67f-4e99f7de49f1,cafebaghdad,9.0,2021-10-20,2021-10-20 07:43:15 UTC,1314.0,fe3cf70f-2561-e9cf-ef7f-e60dfa504851,325.0,https://x.com/cafebaghdad/status/1450729310675816449,60.0,ふかしたひきわり小麦に、いろいろな具がのったクスクス。あつあつのスープをかけて食べる。具材からの旨味を、これでもかと吸い上げているクスクスだけでも十分楽しめる。ブルグルとも呼ばれる大きさの粒を使えば、歯応えも加わる。チュニジア、アルジェリアなど北アフリカでは外せない一品。 https://t.co/4tPwRHpfQw,,,,,,,,,,,,,,,Somalia,Hate Speech,Hate Speech,Hate Speech,2026-01-15 15:40:46.723151 UTC,2325,,very_high,,,,,,,,0.0,0.0,0.0,0.0,0.0,0.0,0.0,0.0,0.0,0.0,0.0,0.0,0.0,0.0,0.0,0.0,0.0,0.0,0.0,0.0,0.0,0.0,0.0,0.0,0.0,0.0,0.0,0.0,0.0,0.0,0.0,0.0,0.0,0.0,0.0,0.0,0.0,0.0,0.0,0.0,0.0,0.0,0.0,0.0,,,,,,,,,,,,,,,,,,,,,,0.999692440032959,0.0002073800133075,0.0001001887430902,Normal,0.999692440032959,,,0.920165240764618,0.0798348262906074,,,,,,,,,,,,,,,,,,,,,,,,,,,,,,,,,,
x,7aac007e-591f-9478-c436-e8e0f5322bed,southweststat,46.0,2021-12-26,2021-12-26 12:46:01 UTC,1318.0,cedef368-48c7-4f70-a995-2bf48a975ce8,342.0,https://x.com/southweststat/status/1475085491968032769,76.0,KGS kama qeybgalayso shirka uu iclaamiyay Ra’iisul Wasaaraha” https://t.co/KwHLOs2yJ0,,,,,,,,,,,,,,,Somalia,Hate Speech,Hate Speech,Hate Speech,2026-01-15 15:40:46.723151 UTC,2325,,very_high,,,,,,,,0.0,0.0,0.0,0.0,0.0,0.0,0.0,0.0,0.0,0.0,0.0,0.0,0.0,0.0,0.0,0.0,0.0,0.0,0.0,0.0,0.0,0.0,0.0,0.0,0.0,0.0,0.0,0.0,0.0,0.0,0.0,0.0,0.0,0.0,0.0,0.0,0.0,0.0,0.0,0.0,0.0,0.0,0.0,0.0,,,,,,,,,,,,,,,,,,,,,,0.999768316745758,0.000118711599498,0.0001129871161538,Normal,0.999768316745758,,,0.9878419637680054,0.0121579775586724,,,,,,,,,,,,,,,,,,,,,,,,,,,,,,,,,,
x,82300ae8-91ed-540f-fdfe-832fa5bc3ca3,UNSomalia,36.0,2022-08-20,2022-08-20 16:54:06 UTC,1318.0,a8707b26-2ed2-57e2-7e40-5d62dd7ada1a,245.0,https://x.com/UNSomalia/status/1561033846233395201,83.0,"The @UN in #Somalia strongly condemns the Al-Shabaab attack on the Hayat Hotel in #Mogadishu, and extends its condolences to the victims' families. It wishes a speedy recovery for the injured, and expresses its solidarity with all #Somalis in their fight against #terrorism. https://t.co/KjPQiYxaTt",,,,,,,,,,,,,,,Somalia,Hate Speech,Hate Speech,Hate Speech,2026-01-15 15:40:46.723151 UTC,2325,,high,low,low,low,low,low,low,medium,0.0,0.0,0.0,0.0,0.0,0.0,0.0,0.0,0.0,0.0,0.0,0.0,0.0,0.0,0.0,0.0,0.0,0.0,0.0,0.0,0.0,0.0,0.0,1.0,0.0,0.0,0.0,0.0,0.0,0.0,0.0,0.0,0.0,0.0,0.0,0.0,0.0,0.0,0.0,0.0,0.0,1.0,1.0,0.0,,,,,,,,,,,,,,,,,,,,,,0.9997456669807434,0.0001492941519245,0.0001049687562044,Normal,0.9997456669807434,,,0.6443648934364319,0.3556351065635681,,,,,,,,,,,,,,,,,,,,,,,,,,,,,,,,,,
x,df55d08d-c6c9-7ea9-1e7a-6a14afcb7981,CTNSIS,44.0,2023-06-06,2023-06-06 08:42:38 UTC,1318.0,0a869e74-e56d-5b93-dafb-a9300825b640,923.0,https://x.com/CTNSIS/status/1666002646639996929,165.0,Uganda Army ATMIS Contingent rescued 4 soldiers &amp; subsequently regained full control of the Bulo Mareer FOB from the Al-Qāeda branch in Somalia. https://t.co/otbz770FJe,,,,,,,,,,,,,,,Somalia,Hate Speech,Other,Hate Speech,2026-01-15 15:40:46.723151 UTC,2325,very_high,,low,low,low,low,low,low,medium,0.0,0.0,0.0,0.0,0.0,0.0,0.0,0.0,0.0,0.0,0.0,0.0,0.0,0.0,0.0,0.0,0.0,0.0,0.0,0.0,0.0,0.0,0.0,0.0,0.0,0.0,0.0,0.0,0.0,0.0,0.0,0.0,0.0,0.0,0.0,0.0,0.0,0.0,0.0,0.0,0.0,0.0,0.0,0.0,,,,,,,,,,,,,,,,,,,,,,0.978179395198822,0.0080748563632369,0.0137457931414246,Normal,0.978179395198822,,,0.2195149809122085,0.7804850339889526,,,,,,,,,,,,,,,,,,,,,,,,,,,,,,,,,,
x,b859988f-58f7-7f2e-5467-2bcfbf636e48,exnews24,1.0,2023-09-22,2023-09-22 10:30:00 UTC,1314.0,a7c9e245-6ab0-1d58-f816-6d9dcdb9302d,193.0,https://x.com/exnews24/status/1705167555088777632,18.0,"【SHOP】GENERATIONS×AMAZING COFFEE POPUP TOUR 2023

✡️山形 9/28木-10/1日
0035 BY KIYOKAWAYA

✡️鳥取 9/30土-10/1日
レストラン ル・ポルト

✡️栃木 10/3火-10/4水
LOKANTA! 

✡️佐賀 10/14土-10/18水
みのりカフェ季楽

和歌山 滋賀 岡山 香川 石川 岐阜
https://t.co/yyhrkQyUla https://t.co/9yW7hphzoe",,,,,,,,,,,,,,,Somalia,Hate Speech,Hate Speech,Hate Speech,2026-01-15 15:40:46.723151 UTC,2325,,very_high,,,,,,,,0.0,0.0,0.0,0.0,0.0,0.0,0.0,0.0,0.0,0.0,0.0,0.0,0.0,0.0,0.0,0.0,0.0,0.0,0.0,0.0,0.0,0.0,0.0,0.0,0.0,0.0,0.0,0.0,0.0,0.0,0.0,0.0,0.0,0.0,0.0,0.0,0.0,0.0,0.0,0.0,0.0,0.0,0.0,0.0,,,,,,,,,,,,,,,,,,,,,,0.999642848968506,0.0001717038539936,0.0001853668945841,Normal,0.999642848968506,,,0.9853244423866272,0.0146754952147603,,,,,,,,,,,,,,,,,,,,,,,,,,,,,,,,,,
x,1608afcf-dab3-8bf1-949d-427a2af5bc00,OGAA_NSHO,18.0,2023-10-28,2023-10-28 18:54:36 UTC,1318.0,882a3816-7c34-b01f-8d06-74ed81a8a5f2,370.0,https://x.com/OGAA_NSHO/status/1718340506680254798,16.0,"Jiilkanagaan waxaan dha dhaminay guul darro badan iyo guulo xataa hadii ay yaryihiin

-Duulaankii Afghaanistaan 
- Duulaankii ciraaq 2003
- Duulaankii soomaaliya dhamaadkii 2006 galbeedka iyo males zinawi iyo qabsashada cadowga caasimada Soomaaliya 
-Duulaankii faransiiska ee",,,,,,,,,,,,,,,Somalia,Hate Speech,Hate Speech,Hate Speech,2026-01-15 15:40:46.723151 UTC,2325,very_high,,,,,,,,,0.0,0.0,0.0,0.0,0.0,0.0,0.0,0.0,0.0,0.0,0.0,0.0,0.0,0.0,0.0,0.0,0.0,0.0,0.0,0.0,0.0,0.0,0.0,0.0,0.0,0.0,0.0,0.0,0.0,0.0,0.0,0.0,0.0,0.0,0.0,0.0,0.0,0.0,0.0,0.0,0.0,0.0,0.0,0.0,,,,,,,,,,,,,,,,,,,,,,0.9997871518135072,0.0001238819240825,8.897412772057578e-05,Normal,0.9997871518135072,,,0.0587561018764972,0.9412439465522766,,,,,,,,,,,,,,,,,,,,,,,,,,,,,,,,,,
x,511ea8ce-f20b-108c-e6bb-4b13d224d3b2,ATMIS_Somalia,1.0,2023-11-01,2023-11-01 16:44:10 UTC,1318.0,d903caf8-837b-9137-07a5-a9cdbd360562,221.0,https://x.com/ATMIS_Somalia/status/1719757234828149050,9.0,"In #Mogadishu today, #ATMIS Force Commander Lt. Gen. Sam Okiding briefed media on military gains, support for #Somali Security Forces, ongoing fight against terrorist groups &amp; preparedness for #ElNino.

He pledged continued support for @SNAForce in joint operations to degrade Al https://t.co/4ZNlTnriWF",,,,,,,,,,,,,,,Somalia,Hate Speech,Hate Speech,Hate Speech,2026-01-15 15:40:46.723151 UTC,2325,very_high,,low,low,low,low,low,low,medium,0.0,0.0,0.0,0.0,0.0,0.0,0.0,0.0,0.0,0.0,0.0,0.0,0.0,0.0,0.0,0.0,0.0,0.0,0.0,0.0,0.0,0.0,0.0,0.0,0.0,0.0,0.0,0.0,0.0,0.0,0.0,0.0,0.0,0.0,0.0,0.0,0.0,0.0,0.0,0.0,0.0,0.0,0.0,0.0,,,,,,,,,,,,,,,,,,,,,,0.9993483424186708,0.0004430005792528,0.0002086020831484,Normal,0.9993483424186708,,,0.1364468038082122,0.8635532259941101,,,,,,,,,,,,,,,,,,,,,,,,,,,,,,,,,,
x,775ccb3b-9794-eddc-6b6d-92559b06fcd6,hitotsu_1,1.0,2023-12-19,2023-12-19 09:22:59 UTC,1314.0,41e1a76e-d6cc-b08f-a096-fcf0fdd6c29e,198.0,https://x.com/hitotsu_1/status/1737040824796590477,2.0,"#SHIBACOFFEE 
#コーヒーのある暮らし

前から行ってみたかったお店。
住宅街にある隠れ家的な雰囲気🏠

今回はエチオピア🇪🇹をミディアムで。

ひっそり佇む感じのお店、大好きです👍 https://t.co/MtdPESibSb",,,,,,,,,,,,,,,Somalia,Hate Speech,Hate Speech,Hate Speech,2026-01-15 15:40:46.723151 UTC,2325,,very_high,,,,,,,,0.0,0.0,0.0,0.0,0.0,0.0,0.0,0.0,0.0,0.0,0.0,0.0,0.0,0.0,0.0,0.0,0.0,0.0,0.0,0.0,0.0,0.0,0.0,0.0,0.0,0.0,0.0,0.0,0.0,0.0,0.0,0.0,0.0,0.0,0.0,0.0,0.0,0.0,0.0,0.0,0.0,0.0,0.0,0.0,,,,,,,,,,,,,,,,,,,,,,0.9997029900550842,0.0002034273347817,9.353735367767511e-05,Normal,0.9997029900550842,,,0.982535719871521,0.0174642596393823,,,,,,,,,,,,,,,,,,,,,,,,,,,,,,,,,,
x,1608afcf-dab3-8bf1-949d-427a2af5bc00,OGAA_NSHO,8.0,2024-01-13,2024-01-13 07:41:02 UTC,1318.0,b4c4f96e-7459-823c-2a3e-cc5dd18a880e,311.0,https://x.com/OGAA_NSHO/status/1746074864862020048,29.0,"Gumaadka iyo musiibada qaza ka socoto waa mid dhaaftay xataa in uu caqligeena galo sida uu xaalku u adagyahay .
Cabsidu waa in ilaahay nagu badalo umad kale in aan u gar gaari weynay walaalaheen :
إِن تَتَوَلَّوْا يَسْتَبْدِلْ قَوْمًا غَيْرَكُمْ ثُمَّ لَا يَكُونُوا أَمْثَالَكُم https://t.co/48avAcFNkZ",,,,,,,,,,,,,,,Somalia,Hate Speech,Hate Speech,Hate Speech,2026-01-15 15:40:46.723151 UTC,2325,high,,,,,,,,,0.0,0.0,0.0,0.0,0.0,0.0,0.0,0.0,0.0,0.0,0.0,0.0,0.0,0.0,0.0,0.0,0.0,0.0,0.0,0.0,0.0,0.0,0.0,0.0,0.0,0.0,0.0,0.0,0.0,0.0,0.0,0.0,0.0,0.0,0.0,0.0,0.0,0.0,0.0,0.0,0.0,0.0,0.0,0.0,,,,,,,,,,,,,,,,,,,,,,0.9997743964195251,0.0001408053212799,8.48634954309091e-05,Normal,0.9997743964195251,,,0.3321596682071686,0.6678403615951538,,,,,,,,,,,,,,,,,,,,,,,,,,,,,,,,,,
x,66637138-fc27-bfbf-4d40-c27011ac924e,Awale11,41.0,2024-02-15,2024-02-15 15:10:21 UTC,1318.0,9a0ec217-f6ef-5942-4d11-d74fba8942c1,237.0,https://x.com/Awale11/status/1758146737846296721,30.0,"Madaxweyne Daahir Rayaale. Soo dhawow.

Madaxweyne taariikhda Somaliland ku xusan, xukunka wareejiyay dad iyo dal dhan oo dhinac u wada jeeda #Somaliland 

Waxa Aan Madaxweyne Rayaale bartay wakhti ay saaxiib ahaayeen walaalkay (Allah ha u naxariistee)
Colonel Adam Shirwac. Oo https://t.co/6A3bzKQ5JZ",,,,,,,,,,,,,,,Somalia,Hate Speech,Hate Speech,Hate Speech,2026-01-15 15:40:46.723151 UTC,2325,,very_high,,,,,,,,0.0,0.0,0.0,0.0,0.0,0.0,0.0,0.0,0.0,0.0,0.0,0.0,0.0,0.0,0.0,0.0,0.0,0.0,0.0,0.0,0.0,0.0,0.0,0.0,0.0,0.0,0.0,0.0,0.0,0.0,0.0,0.0,0.0,0.0,0.0,0.0,0.0,0.0,0.0,0.0,0.0,0.0,0.0,0.0,,,,,,,,,,,,,,,,,,,,,,0.9997757077217102,0.0001158410232164,0.0001084250980056,Normal,0.9997757077217102,,,0.9879373908042908,0.0120626306161284,,,,,,,,,,,,,,,,,,,,,,,,,,,,,,,,,,
x,1608afcf-dab3-8bf1-949d-427a2af5bc00,OGAA_NSHO,24.0,2024-02-16,2024-02-16 07:59:14 UTC,1318.0,b1cd3ca0-7b34-d214-cfa3-25941a7ae2e0,297.0,https://x.com/OGAA_NSHO/status/1758400631776116858,3.0,"2040 Somalia  : 😀😀😀
Ciidamada Multi-National ee soomaaliya ka baxaayo waxaa lagu badali doonaa kuwa ka socdo Ya'juuj iyo Maajuuj .",,,,,,,,,,,,,,,Somalia,Hate Speech,Hate Speech,Hate Speech,2026-01-15 15:40:46.723151 UTC,2325,,very_high,,,,,,,,0.0,0.0,0.0,0.0,0.0,0.0,0.0,0.0,0.0,0.0,0.0,0.0,0.0,0.0,0.0,0.0,0.0,0.0,0.0,0.0,0.0,0.0,0.0,0.0,0.0,0.0,0.0,0.0,0.0,0.0,0.0,0.0,0.0,0.0,0.0,0.0,0.0,0.0,0.0,0.0,0.0,0.0,0.0,0.0,,,,,,,,,,,,,,,,,,,,,,0.9994358420372008,9.307906293543056e-05,0.000471032661153,Normal,0.9994358420372008,,,0.9173397421836852,0.0826602578163147,,,,,,,,,,,,,,,,,,,,,,,,,,,,,,,,,,
x,1608afcf-dab3-8bf1-949d-427a2af5bc00,OGAA_NSHO,32.0,2024-02-26,2024-02-26 07:42:43 UTC,1318.0,4a576261-8df1-0611-6259-11e3e8ba32ef,237.0,https://x.com/OGAA_NSHO/status/1762020354271097294,11.0,"Qeexintaanka doqonimada 
🔹Haddii aad quraanjada nooca guduudan qaado oo aad gayso guryaha quraanjado madow waxaa dhex mari dagaal aad u qaraar .

🔹Waa nooc doqonimada kamid ah in aad soomaaliya gayso ciidamo shisheeye itoobiyaan kenyaati ugandays burundays ameerikaan ingiriis https://t.co/ArLicwqXEz",,,,,,,,,,,,,,,Somalia,Hate Speech,Hate Speech,Hate Speech,2026-01-15 15:40:46.723151 UTC,2325,very_high,,,,,,,,,0.0,0.0,0.0,0.0,0.0,0.0,0.0,0.0,0.0,0.0,0.0,0.0,0.0,0.0,0.0,0.0,0.0,0.0,0.0,0.0,0.0,0.0,0.0,0.0,0.0,0.0,0.0,0.0,0.0,0.0,0.0,0.0,0.0,0.0,0.0,0.0,0.0,0.0,0.0,0.0,0.0,0.0,0.0,0.0,,,,,,,,,,,,,,,,,,,,,,0.9994297623634338,0.0002492975036147,0.0003209394053556,Normal,0.9994297623634338,,,0.0171642936766147,0.9828357100486756,,,,,,,,,,,,,,,,,,,,,,,,,,,,,,,,,,
x,1608afcf-dab3-8bf1-949d-427a2af5bc00,OGAA_NSHO,33.0,2024-02-28,2024-02-28 12:18:53 UTC,1318.0,ad690221-93ec-6071-a10e-c942e51543bd,355.0,https://x.com/OGAA_NSHO/status/1762814629716074711,18.0,"🔹Midig Soomaaliyada aan rabno : 
🔹Bidix : Soomaaliyada uu shisheeyhu rabo dal fowda ah ciidamo shisheeye meel walbo walaaqayaan sabool ah wax xorriyad ah ayna ka jirin dadkiisa wadooyinka lagu bahdilo qaarno diyaarado lagu gumaado magaalo walba ay joogaan kumanaan ciidamo https://t.co/9fYLyVxdqH",,,,,,,,,,,,,,,Somalia,Hate Speech,Hate Speech,Hate Speech,2026-01-15 15:40:46.723151 UTC,2325,very_high,,,,,,,,,0.0,0.0,0.0,0.0,0.0,0.0,0.0,0.0,0.0,0.0,0.0,0.0,0.0,0.0,0.0,0.0,0.0,0.0,0.0,0.0,0.0,0.0,0.0,0.0,0.0,0.0,0.0,0.0,0.0,0.0,0.0,0.0,0.0,0.0,0.0,0.0,0.0,0.0,0.0,0.0,0.0,0.0,0.0,0.0,,,,,,,,,,,,,,,,,,,,,,0.9997878670692444,0.0001089016586774,0.0001032666041282,Normal,0.9997878670692444,,,0.0315239802002906,0.9684759974479676,,,,,,,,,,,,,,,,,,,,,,,,,,,,,,,,,,
x,1608afcf-dab3-8bf1-949d-427a2af5bc00,OGAA_NSHO,37.0,2024-04-19,2024-04-19 13:39:35 UTC,1318.0,2cb08396-adc7-7edf-5db9-339e5a0647fe,398.0,https://x.com/OGAA_NSHO/status/1781316716418527249,6.0,"Luuq , Balad xaawo , garbahaarey , ceel waaq , buur dhuubo , baar dheere : 
Magaalooyinkaas uma sheegin si aan kuu siiyo macluumo juquraafiyadeed ee waa magaalooyinka itoobiya iyo kenya ka haystaan gobolka Gedo koonfurta soomaaliya .",,,,,,,,,,,,,,,Somalia,Hate Speech,Hate Speech,Hate Speech,2026-01-15 15:40:46.723151 UTC,2325,very_high,,,,,,,,,0.0,0.0,0.0,0.0,0.0,0.0,0.0,0.0,0.0,0.0,0.0,0.0,0.0,0.0,0.0,0.0,0.0,0.0,0.0,0.0,0.0,0.0,0.0,0.0,0.0,0.0,0.0,0.0,0.0,0.0,0.0,0.0,0.0,0.0,0.0,0.0,0.0,0.0,0.0,0.0,0.0,0.0,0.0,0.0,,,,,,,,,,,,,,,,,,,,,,0.9997004270553588,0.0001741728192428,0.0001253738882951,Normal,0.9997004270553588,,,0.022084292024374,0.9779157042503356,,,,,,,,,,,,,,,,,,,,,,,,,,,,,,,,,,
x,d71763ab-6996-077e-db33-ad8067093c20,awamisammy,125.0,2024-05-05,2024-05-05 13:47:46 UTC,1314.0,ffcd4b02-9056-1553-b132-d991cc6295aa,444.0,https://x.com/awamisammy/status/1787116984129233268,67.0,"Hoteli ya Pizzeria Leone L'Africano, Dodoma; 

Muhudumu kaja katupa menu na kututangazia kabisa ""saivi (3pm) tunatoa piza tu, vyakula vingine ni hadi after 5pm""

Wazungu wamekuja like 10 minutes later, wameoda tambi sijui na makorokocho gani mengine, wameletewa vizuri tu!

Huu",,,,,,,,,,,,,,,Somalia,Hate Speech,Hate Speech,Hate Speech,2026-01-15 15:40:46.723151 UTC,2325,,very_high,,,,,,,,0.0,0.0,0.0,0.0,0.0,0.0,0.0,0.0,0.0,0.0,0.0,0.0,0.0,0.0,0.0,0.0,0.0,0.0,0.0,0.0,0.0,0.0,0.0,0.0,0.0,0.0,0.0,0.0,0.0,0.0,0.0,0.0,0.0,0.0,0.0,0.0,0.0,0.0,0.0,0.0,0.0,0.0,0.0,0.0,,,,,,,,,,,,,,,,,,,,,,0.5105113983154297,0.0019422020995989,0.4875464141368866,Normal,0.5105113983154297,,,0.7845872640609741,0.2154127061367035,,,,,,,,,,,,,,,,,,,,,,,,,,,,,,,,,,
x,c5318331-9b2d-8ae6-8f2b-f0bc3978e07d,FahadBinYasin,185.0,2024-05-13,2024-05-13 15:26:40 UTC,1318.0,79deee45-75bc-b427-11d6-d4bcdeca3c0a,806.0,https://x.com/FahadBinYasin/status/1790040975714181308,165.0,"𝐐𝐄𝐘𝐁𝐓𝐈𝐈 𝟐𝐀𝐀𝐃: 

Madaxweyne Farmaajo wuxuu dhaxlay 2017 ciidan qaran oo aan sagaal bilood wax xuquuq ah helin. Ciidan aan lahayn diiwaan casri ah iyo hannaan dabagal. 

Sanadkii u horreeyey Madaxweyne Farmaajo wuxuu u dhexeeyey Madaxtooyada iyo Xarunta Wasaaradda https://t.co/7vOsLuyFEh",,,,,,,,,,,,,,,Somalia,Hate Speech,Hate Speech,Hate Speech,2026-01-15 15:40:46.723151 UTC,2325,,very_high,,,,,,,,0.0,0.0,0.0,0.0,0.0,0.0,0.0,0.0,0.0,0.0,0.0,0.0,0.0,0.0,0.0,0.0,0.0,0.0,0.0,0.0,0.0,0.0,0.0,0.0,0.0,0.0,0.0,0.0,0.0,0.0,0.0,0.0,0.0,0.0,0.0,0.0,0.0,0.0,0.0,0.0,0.0,0.0,0.0,0.0,,,,,,,,,,,,,,,,,,,,,,0.9997801184654236,0.0001261866418644,9.363507706439124e-05,Normal,0.9997801184654236,,,0.9790713787078856,0.0209286157041788,,,,,,,,,,,,,,,,,,,,,,,,,,,,,,,,,,
x,1608afcf-dab3-8bf1-949d-427a2af5bc00,OGAA_NSHO,32.0,2024-05-26,2024-05-26 05:10:08 UTC,1318.0,2b1c8e4a-f5bb-2a73-da92-1bc1983a7121,545.0,https://x.com/OGAA_NSHO/status/1794596860931305732,24.0,"Natanyahu cadaab dhab ah ayuu ku jiraa saacadahaan  : إِن تَكُونُواْ تَأْلَمُونَ فَإِنَّهُمْ يَأْلَمُونَ كَمَا تَأْلَمُونَ

- Baahinta kataaib  al qasaam afduubka askar hor leh
- dibad baxyo aad u waa weyn oo ka dhan ah xukuumadiisa kuna baaqayso in la rido lana maxkamadeeyo .
- https://t.co/nyKu1XXBzN",,,,,,,,,,,,,,,Somalia,Hate Speech,Violent Extremism,Hate Speech,2026-01-15 15:40:46.723151 UTC,2325,high,,,,,,,,,0.0,0.0,0.0,0.0,0.0,0.0,0.0,0.0,0.0,0.0,0.0,0.0,0.0,0.0,0.0,0.0,0.0,0.0,0.0,0.0,0.0,0.0,0.0,0.0,1.0,0.0,0.0,0.0,0.0,0.0,0.0,0.0,0.0,0.0,0.0,0.0,0.0,0.0,0.0,0.0,0.0,0.0,0.0,0.0,,,,,,,,,,,,,,,,,,,,,,0.9997382760047911,9.000445425044745e-05,0.000171762847458,Normal,0.9997382760047911,,,0.3819985687732696,0.618001401424408,,,,,,,,,,,,,,,,,,,,,,,,,,,,,,,,,,
x,1608afcf-dab3-8bf1-949d-427a2af5bc00,OGAA_NSHO,21.0,2024-07-15,2024-07-15 13:48:33 UTC,1318.0,a13ebece-e8cc-d205-9503-95d79c92f687,452.0,https://x.com/OGAA_NSHO/status/1812846718259446252,16.0,Kama ayna cararin taariikhdooda mugdiga ah iyo wabiyadii dhiigga  ay ku daadiyeen dagaaladii saliibiga ee ay dharkaan xirnaayeen . https://t.co/4hyNcms6ls,,,,,,,,,,,,,,,Somalia,Hate Speech,Hate Speech,Hate Speech,2026-01-15 15:40:46.723151 UTC,2325,,high,,,,,,,,0.0,0.0,0.0,0.0,0.0,0.0,0.0,0.0,0.0,0.0,0.0,0.0,0.0,0.0,0.0,0.0,0.0,0.0,0.0,0.0,0.0,0.0,0.0,0.0,0.0,0.0,0.0,0.0,0.0,0.0,0.0,0.0,0.0,0.0,0.0,0.0,0.0,0.0,0.0,0.0,0.0,0.0,0.0,0.0,,,,,,,,,,,,,,,,,,,,,,0.9997392296791076,0.0001585800782777,0.0001020994459395,Normal,0.9997392296791076,,,0.5330835580825806,0.466916412115097,,,,,,,,,,,,,,,,,,,,,,,,,,,,,,,,,,
x,a2feaf73-52b9-c3ed-096c-5564a52542c8,xumas_iq,69.0,2024-11-12,2024-11-12 05:58:54 UTC,1301.0,274add25-c439-c202-fea2-d95c3ec844a7,480.0,https://x.com/xumas_iq/status/1856215072902640127,101.0,Hamas: We support the right of the Syrians and Iraqis to resist Iran. We apologize for the exaggerated and unnecessary praise of Iran. https://t.co/EUne2lnOzO,,,,,,,,,,,,,,,Somalia,Hate Speech,Hate Speech,Hate Speech,2026-01-15 15:40:46.723151 UTC,2325,high,,low,low,low,low,low,low,medium,0.0,0.0,0.0,0.0,0.0,0.0,0.0,0.0,0.0,0.0,0.0,0.0,0.0,0.0,0.0,0.0,0.0,0.0,0.0,0.0,0.0,0.0,0.0,0.0,0.0,0.0,0.0,0.0,0.0,0.0,0.0,0.0,0.0,0.0,0.0,0.0,0.0,0.0,0.0,0.0,0.0,0.0,0.0,0.0,,,,,,,,,,,,,,,,,,,,,,0.99191552400589,0.0056045842356979,0.0024798668455332,Normal,0.99191552400589,,,0.3043696582317352,0.6956303715705872,,,,,,,,,,,,,,,,,,,,,,,,,,,,,,,,,,
x,ecf0c632-3273-1989-7b9b-08b8f2e4a945,ahmednasirlaw,200.0,2024-12-28,2024-12-28 03:58:58 UTC,1318.0,9e897c5c-97ee-5a30-1bd7-b1d26cf022f4,657.0,https://x.com/ahmednasirlaw/status/1872854729367101786,129.0,It's difficult to understand or objectively rationalise why the international community wastes so much money/resources stopping the fall of Mogadishu to Al Shabab. (Perhaps the fall of Damascus few weeks ago should allow the rest of the world see that possibility from a new,,,,,,,,,,,,,,,Somalia,Hate Speech,Hate Speech,Hate Speech,2026-01-15 15:40:46.723151 UTC,2325,,high,low,low,low,low,low,low,medium,0.0,0.0,0.0,0.0,0.0,0.0,0.0,0.0,0.0,0.0,0.0,0.0,0.0,0.0,0.0,0.0,0.0,0.0,0.0,0.0,0.0,0.0,0.0,0.0,0.0,0.0,0.0,0.0,0.0,0.0,0.0,0.0,0.0,0.0,0.0,0.0,0.0,0.0,0.0,0.0,0.0,0.0,0.0,0.0,,,,,,,,,,,,,,,,,,,,,,0.5056071877479553,0.0139307891950011,0.480461984872818,Normal,0.5056071877479553,,,0.6300123333930969,0.3699876666069031,,,,,,,,,,,,,,,,,,,,,,,,,,,,,,,,,,
x,2dc7540d-89a4-53d0-8d79-d329c379e080,HalalZoomer,7.0,2025-01-22,2025-01-22 01:21:11 UTC,1301.0,737f7270-6ca7-5366-62e2-95b98929bf9f,218.0,https://x.com/HalalZoomer/status/1881874719202562261,29.0,"Mohammed Hijab (@mohammed_hijab) calls for Muslim unity and goes off on sectarians:

""We need to bring people together. I know that boils the blood of the sectarians."" https://t.co/xrjWYC3Lyb",,,,,,,,,,,,,,,Somalia,Hate Speech,Hate Speech,Hate Speech,2026-01-15 15:40:46.723151 UTC,2325,very_high,,medium,low,low,medium,low,low,medium,0.0,0.0,0.0,0.0,0.0,0.0,0.0,0.0,0.0,0.0,0.0,0.0,0.0,0.0,1.0,0.0,0.0,0.0,0.0,0.0,0.0,0.0,0.0,0.0,0.0,0.0,0.0,0.0,0.0,0.0,0.0,0.0,0.0,0.0,0.0,0.0,0.0,0.0,0.0,0.0,0.0,0.0,0.0,0.0,,,,,,,,,,,,,,,,,,,,,,0.9990522265434264,0.0005870361346751,0.0003607262042351,Normal,0.9990522265434264,,,0.0520806759595871,0.9479193091392516,,,,,,,,,,,,,,,,,,,,,,,,,,,,,,,,,,
x,d03fe3e3-97cd-9e33-97b5-f0b9cd369b3c,EIshmael_,44.0,2025-03-04,2025-03-04 20:07:11 UTC,1318.0,1543be5a-5b8f-4385-44db-78007ba94024,234.0,https://x.com/EIshmael_/status/1897015990141215155,55.0,"People of #Mogadishu, please stay alert for the next three weeks. I’ve heard that Al-Shabaab is planning 17 terrorist attacks in the city. The US embassy have reportedly stopped using Aden Adde International Airport. https://t.co/ARToABd3wH",,,,,,,,,,,,,,,Somalia,Hate Speech,Other,Hate Speech,2026-01-15 15:40:46.723151 UTC,2325,,high,low,low,low,low,low,low,medium,0.0,0.0,0.0,0.0,0.0,0.0,0.0,0.0,0.0,0.0,0.0,0.0,0.0,0.0,0.0,0.0,0.0,0.0,0.0,0.0,0.0,0.0,0.0,1.0,0.0,0.0,0.0,0.0,0.0,0.0,0.0,0.0,0.0,0.0,0.0,0.0,0.0,0.0,0.0,0.0,0.0,1.0,1.0,0.0,,,,,,,,,,,,,,,,,,,,,,0.9978644251823424,0.0009339987882412,0.0012015925021842,Normal,0.9978644251823424,,,0.5252585411071777,0.4747414588928222,,,,,,,,,,,,,,,,,,,,,,,,,,,,,,,,,,
x,df55d08d-c6c9-7ea9-1e7a-6a14afcb7981,CTNSIS,63.0,2025-03-18,2025-03-18 10:18:17 UTC,1318.0,5b251175-bcef-55c9-cd11-5b48dc131d34,271.0,https://x.com/CTNSIS/status/1901941217966850555,113.0,"Mogadishu will fall to Al-Shabāab terrorists in near future if ATMISS &amp; American Military aren't decisive to protect the restive country.

Terrorists are holding ground after capturing military bases &amp; has established reconnaissance &amp; surveillance outposts around Mogadishu",,,,,,,,,,,,,,,Somalia,Hate Speech,Hate Speech,Hate Speech,2026-01-15 15:40:46.723151 UTC,2325,very_high,,low,low,low,low,low,low,medium,0.0,0.0,0.0,0.0,0.0,1.0,0.0,0.0,0.0,0.0,0.0,0.0,0.0,0.0,0.0,0.0,0.0,0.0,0.0,0.0,0.0,0.0,0.0,0.0,0.0,0.0,0.0,0.0,0.0,0.0,0.0,0.0,0.0,0.0,0.0,0.0,0.0,0.0,0.0,0.0,0.0,0.0,0.0,0.0,,,,,,,,,,,,,,,,,,,,,,0.1442732214927673,0.727800190448761,0.1279265880584716,Abusive,0.727800190448761,,,0.2338507771492004,0.7661492228507996,,,,,,,,,,,,,,,,,,,,,,,,,,,,,,,,,,
x,66637138-fc27-bfbf-4d40-c27011ac924e,Awale11,87.0,2025-04-21,2025-04-21 20:29:16 UTC,1318.0,7ac96589-64e3-e309-a518-90e5a30e6203,330.0,https://x.com/Awale11/status/1914416166669295651,85.0,"Waar BUUS!! baa lagu yidhi Fiqiyoow!!

Kolay fahmi maayee yaa u micneeya!

Haday Siyaad Bare iyo Regime kiisii mar u shaqaysay in uu Umada Reer Somaliland kala qaybiyo oo qayb xukumo, qayb dilo, qayb xidho, qayb bara kiciyo qaybna maxabiis u haysato. Walaahi baan dib la noo https://t.co/cQ7ObxdvWy",,,,,,,,,,,,,,,Somalia,Hate Speech,Hate Speech,Hate Speech,2026-01-15 15:40:46.723151 UTC,2325,high,,,,,,,,,0.0,0.0,0.0,0.0,0.0,0.0,0.0,0.0,0.0,0.0,0.0,0.0,0.0,0.0,0.0,0.0,0.0,0.0,0.0,0.0,0.0,0.0,0.0,0.0,0.0,0.0,1.0,0.0,0.0,0.0,0.0,0.0,0.0,0.0,0.0,0.0,0.0,0.0,0.0,0.0,0.0,0.0,0.0,0.0,,,,,,,,,,,,,,,,,,,,,,0.0001500720100011,0.9994949102401732,0.0003549809334799,Abusive,0.9994949102401732,,,0.4321602582931518,0.5678397417068481,,,,,,,,,,,,,,,,,,,,,,,,,,,,,,,,,,
x,2f1b89d9-8a82-8489-5d0d-b51f515d9398,amazingcoffee__,4.0,2025-04-27,2025-04-27 00:28:18 UTC,1314.0,7d449450-53a3-b86a-23dd-7ca030833a73,506.0,https://x.com/amazingcoffee__/status/1916288256905449618,41.0,"／
ONOMICHI U2 出店2日目🚌
営業時間 10:00〜18:00
＼

🍋シュワシュワマーマレード
⛴️AMAZING CAPSULE

本日も天気が良く心地がよいです☺️
コーヒー片手に散策もおすすめです🚲

スタッフ一同・アメベアで
みなさまのお越しをお待ちしております🌱

byアメコスタッフ+🧸 https://t.co/DyF7CcGsO9",,,,,,,,,,,,,,,Somalia,Hate Speech,Hate Speech,Hate Speech,2026-01-15 15:40:46.723151 UTC,2325,,very_high,,,,,,,,0.0,0.0,0.0,0.0,0.0,0.0,0.0,0.0,0.0,0.0,0.0,0.0,0.0,0.0,0.0,0.0,0.0,0.0,0.0,0.0,0.0,0.0,0.0,0.0,0.0,0.0,0.0,0.0,0.0,0.0,0.0,0.0,0.0,0.0,0.0,0.0,0.0,0.0,0.0,0.0,0.0,0.0,0.0,0.0,,,,,,,,,,,,,,,,,,,,,,0.9997212290763856,0.0001913638261612,8.730239642318338e-05,Normal,0.9997212290763856,,,0.989587664604187,0.0104123568162322,,,,,,,,,,,,,,,,,,,,,,,,,,,,,,,,,,
x,ce38cb95-8503-0778-9750-089a626e7a61,ohmycafe_info,76.0,2025-06-13,2025-06-13 02:00:00 UTC,1314.0,b9ee2d21-6766-ef42-d6b8-2d7c3da4beca,1558.0,https://x.com/ohmycafe_info/status/1933343566832517167,249.0,"☪️「アラジン」OH MY CAFE 🌕🕌✨

【🌙 本日OPEN ⭐️】
6/13(金)、「アラジン」OH MY CAFE がオープンいたしました！
東京：OH MY CAFE（表参道）
大阪：Collabo_Index SHINSAIBASHI
愛知：BOX cafe&amp;space 名古屋ラシック1号店

ご来店お待ちしてます✨

https://t.co/1jIztZoiGx
#OHMYCAFE #アラジン https://t.co/kp2T6XkTFb",,,,,,,,,,,,,,,Somalia,Hate Speech,Hate Speech,Hate Speech,2026-01-15 15:40:46.723151 UTC,2325,,very_high,,,,,,,,0.0,0.0,0.0,0.0,0.0,0.0,0.0,0.0,0.0,0.0,0.0,0.0,0.0,0.0,0.0,0.0,0.0,0.0,0.0,0.0,0.0,0.0,0.0,0.0,0.0,0.0,0.0,0.0,0.0,0.0,0.0,0.0,0.0,0.0,0.0,0.0,0.0,0.0,0.0,0.0,0.0,0.0,0.0,0.0,,,,,,,,,,,,,,,,,,,,,,0.9997554421424866,0.0001347639627056,0.0001097295098588,Normal,0.9997554421424866,,,0.9805732369422911,0.0194267760962247,,,,,,,,,,,,,,,,,,,,,,,,,,,,,,,,,,
x,997963e1-1931-4cb3-af01-11b8657b9eae,cdfupdf,11.0,2025-06-22,2025-06-22 05:48:32 UTC,1318.0,c3e67963-c3d4-0e96-f1f5-92c9690d9ddd,245.0,https://x.com/cdfupdf/status/1936662569076547722,62.0,"UPDF Troops And Somali National Army Dislodge Al-Shabaab From Sabiid-Anole In Somalia. https://t.co/2YaUKyPIzv

@aussom_",,,,,,,,,,,,,,,Somalia,Hate Speech,Violent Extremism,Hate Speech,2026-01-15 15:40:46.723151 UTC,2325,very_high,,,,,,,,,0.0,0.0,0.0,0.0,0.0,0.0,0.0,0.0,0.0,0.0,0.0,0.0,0.0,0.0,0.0,0.0,0.0,0.0,0.0,0.0,0.0,0.0,0.0,1.0,0.0,0.0,0.0,0.0,0.0,0.0,0.0,0.0,0.0,0.0,0.0,0.0,0.0,0.0,0.0,0.0,0.0,1.0,1.0,0.0,,,,,,,,,,,,,,,,,,,,,,0.9994475245475768,0.0002155584807042,0.0003369491023477,Normal,0.9994475245475768,,,0.2295248955488205,0.7704751491546631,,,,,,,,,,,,,,,,,,,,,,,,,,,,,,,,,,
x,149b0fb8-477a-05de-ffa0-49e5b5f3b501,Mwesigwa_Frank1,38.0,2025-07-01,2025-07-01 16:53:38 UTC,1318.0,74c2bcd0-2c5e-33bd-a5b2-afda11ce7ba6,307.0,https://x.com/Mwesigwa_Frank1/status/1940091438555177213,132.0,"This afternoon, I held an Operational debrief of Formed Police Unit 12 that successfully concluded 14 months tour of duty in Mogadishu, Somalia under ATMIS/AUSSOM

I commended the officers for exhibiting professionalism, discipline and successful mission execution under https://t.co/K28WBUN1kq",,,,,,,,,,,,,,,Somalia,Hate Speech,Hate Speech,Hate Speech,2026-01-15 15:40:46.723151 UTC,2325,,very_high,low,low,low,low,low,low,high,0.0,0.0,0.0,0.0,0.0,0.0,0.0,0.0,0.0,0.0,0.0,0.0,0.0,0.0,0.0,0.0,0.0,0.0,0.0,0.0,0.0,0.0,0.0,0.0,0.0,0.0,0.0,0.0,0.0,0.0,0.0,0.0,0.0,0.0,0.0,0.0,0.0,0.0,0.0,0.0,0.0,0.0,0.0,0.0,,,,,,,,,,,,,,,,,,,,,,0.9997453093528748,0.0001676309475442,8.69983050506562e-05,Normal,0.9997453093528748,,,0.9768437743186952,0.0231561996042728,,,,,,,,,,,,,,,,,,,,,,,,,,,,,,,,,,
x,9f8804d5-97fb-0ffe-fac1-93400c527e96,sentdefender,46.0,2025-07-02,2025-07-02 21:00:40 UTC,1318.0,296e653b-323e-ce29-2068-4bd0b974652a,434.0,https://x.com/sentdefender/status/1940515993232490678,67.0,"At least five soldiers with the Uganda People's Defence Force (UPDF), serving as peacekeepers under the African Union Stabilization Support Mission in Somalia (AUSSOM), are now confirmed to have been killed earlier today as a result of a crash involving a Ugandan Mi-35 “Hind” https://t.co/ucjsZ12S8s",,,,,,,,,,,,,,,Somalia,Hate Speech,Hate Speech,Hate Speech,2026-01-15 15:40:46.723151 UTC,2325,high,,low,low,low,low,low,low,medium,0.0,0.0,0.0,0.0,0.0,0.0,0.0,0.0,0.0,0.0,0.0,0.0,0.0,0.0,0.0,0.0,0.0,0.0,0.0,0.0,0.0,0.0,0.0,0.0,0.0,0.0,0.0,0.0,0.0,0.0,0.0,0.0,0.0,0.0,0.0,0.0,0.0,0.0,0.0,0.0,0.0,0.0,0.0,0.0,,,,,,,,,,,,,,,,,,,,,,0.9994891881942748,0.0003922779578715,0.0001185222499771,Normal,0.9994891881942748,,,0.3206101059913635,0.6793898940086365,,,,,,,,,,,,,,,,,,,,,,,,,,,,,,,,,,
x,f18c400b-50e3-50ee-0e4b-78bde8bfcc06,SSBOwner,21.0,2025-08-21,2025-08-21 11:07:31 UTC,1318.0,c46e5201-b1db-4916-12ba-bebe7c18bbf6,228.0,https://x.com/SSBOwner/status/1958486115892986124,53.0,"The Gadabursi Grand Ugaas, visiting from Jigjiga to Republic of Somaliland in Borama calls on his people to stay loyal and stand united with their country Republic of #Somaliland  against Somalia’s failed schemes with Turkey &amp; China to be used as a proxy war for foreign agenda 🔥 https://t.co/jjrTptdoUW",,,,,,,,,,,,,,,Somalia,Hate Speech,Hate Speech,Hate Speech,2026-01-15 15:40:46.723151 UTC,2325,high,,low,low,low,low,low,low,medium,0.0,0.0,0.0,0.0,0.0,0.0,0.0,0.0,0.0,0.0,0.0,0.0,0.0,0.0,0.0,0.0,0.0,0.0,0.0,0.0,0.0,0.0,0.0,0.0,0.0,0.0,0.0,0.0,0.0,0.0,0.0,0.0,0.0,0.0,0.0,0.0,0.0,0.0,0.0,0.0,0.0,0.0,0.0,0.0,,,,,,,,,,,,,,,,,,,,,,0.9514780044555664,0.0445076040923595,0.0040143756195902,Normal,0.9514780044555664,,,0.2577441930770874,0.7422558069229126,,,,,,,,,,,,,,,,,,,,,,,,,,,,,,,,,,
x,237546b5-e247-8d80-6026-fc6aafb87715,5aledz_,38.0,2025-10-12,2025-10-12 19:08:17 UTC,1318.0,9168ca1b-ec2c-48df-37be-6638fcfa320f,2889.0,https://x.com/5aledz_/status/1977451274262974816,183.0,"🇳🇱┓▫️─▫️─▫️─▫️─▫️┏🏴󠁧󠁢󠁥󠁮󠁧󠁿
🇺🇸┻🇳🇱┓▫️─▫️─▫️┏🏴󠁧󠁢󠁥󠁮󠁧󠁿┻🇸🇳
🇦🇷┓▫️┣🇦🇷┓❌┏🇫🇷┫▫️┏🇫🇷
🇦🇺┻🇦🇷┛▫️┃🇨🇵┃▫️┗🇫🇷┻🇵🇱
▫️─▫️─▫️┣🏆┫▫️─▫️─▫️
🇯🇵┳🇭🇷┓▫️┃🇦🇷┃▫️┏🇲🇦┳🇲🇦
🇭🇷┛▫️┣🇭🇷┛✅┗🇲🇦┫▫️┗🇪🇸
🇧🇷┳🇧🇷┛▫️─▫️─▫️┗🇵🇹┳🇵🇹
🇰🇷┛▫️─▫️─▫️─▫️─▫️┗🇨🇭 https://t.co/GwuNsQppH2",,,,,,,,,,,,,,,Somalia,Hate Speech,Hate Speech,Hate Speech,2026-01-15 15:40:46.723151 UTC,2325,,very_high,,,,,,,,0.0,0.0,0.0,0.0,0.0,0.0,0.0,0.0,0.0,0.0,0.0,0.0,0.0,0.0,0.0,0.0,0.0,0.0,0.0,0.0,0.0,0.0,0.0,0.0,0.0,0.0,0.0,0.0,0.0,0.0,0.0,0.0,0.0,0.0,0.0,0.0,0.0,0.0,0.0,0.0,0.0,0.0,0.0,0.0,,,,,,,,,,,,,,,,,,,,,,0.9300958514213562,0.0353580452501773,0.0345461443066597,Normal,0.9300958514213562,,,0.9834332466125488,0.016566727310419,,,,,,,,,,,,,,,,,,,,,,,,,,,,,,,,,,
x,1c9a67dc-c1e5-abaf-8f59-8097916094de,oshicoco_media,10.0,2025-10-26,2025-10-26 12:00:01 UTC,1314.0,a6cb189e-1421-3a36-8348-d795ba654912,314.0,https://x.com/oshicoco_media/status/1982416928162644379,18.0,"ReposCafe&amp;Shisha 麻布十番 (東京)

まだ誰も知らない…⋆˙˖✧ alt https://t.co/tukZUz7z9t",,,,,,,,,,,,,,,Somalia,Hate Speech,Hate Speech,Hate Speech,2026-01-15 15:40:46.723151 UTC,2325,,very_high,,,,,,,,0.0,0.0,0.0,0.0,0.0,0.0,0.0,0.0,0.0,0.0,0.0,0.0,0.0,0.0,0.0,0.0,0.0,0.0,0.0,0.0,0.0,0.0,0.0,0.0,0.0,0.0,0.0,0.0,0.0,0.0,0.0,0.0,0.0,0.0,0.0,0.0,0.0,0.0,0.0,0.0,0.0,0.0,0.0,0.0,,,,,,,,,,,,,,,,,,,,,,0.9996022582054138,0.0001398180029354,0.0002579634601715,Normal,0.9996022582054138,,,0.9329097867012024,0.0670902505517005,,,,,,,,,,,,,,,,,,,,,,,,,,,,,,,,,,
x,5b55d0ce-3219-1c5f-48d4-1f5759517d88,es_cafecinnamon,597.0,2025-11-01,2025-11-01 08:00:19 UTC,1314.0,7b8680b9-dc7f-cd32-4815-b4f24f7461c1,5994.0,https://x.com/es_cafecinnamon/status/1984530931785613810,1289.0,"[2025 Winter Menu]

◌ 𝑾𝒉𝒊𝒕𝒆 𝑺𝒏𝒐𝒘 𝑾𝒊𝒏𝒕𝒆𝒓 ◌

･ﾟ ･ﾟ·:｡･ﾟﾟ･❄️･ﾟ ･ﾟ·:｡･ﾟﾟ･❄️

キラキラ舞う雪のように、心ときめく
冬の味わいをお届けします❆.*｡

一部メニューは期間によって
トッピングが変わります✨❄️

#カフェシナモン https://t.co/AR7Bx0PCTG",,,,,,,,,,,,,,,Somalia,Hate Speech,Hate Speech,Hate Speech,2026-01-15 15:40:46.723151 UTC,2325,,very_high,,,,,,,,0.0,0.0,0.0,0.0,0.0,0.0,0.0,0.0,0.0,0.0,0.0,0.0,0.0,0.0,0.0,0.0,0.0,0.0,0.0,0.0,0.0,0.0,0.0,0.0,0.0,0.0,0.0,0.0,0.0,0.0,0.0,0.0,0.0,0.0,0.0,0.0,0.0,0.0,0.0,0.0,0.0,0.0,0.0,0.0,,,,,,,,,,,,,,,,,,,,,,0.999524474143982,0.0002770243445411,0.0001984699920285,Normal,0.999524474143982,,,0.9890239238739014,0.0109760826453566,,,,,,,,,,,,,,,,,,,,,,,,,,,,,,,,,,
x,b684ede8-631b-40bb-f53d-62dbc6be2509,SecWar,5378.0,2025-11-02,2025-11-02 02:55:26 UTC,1301.0,21adb70b-f622-d177-be74-5edad9e25e16,42833.0,https://x.com/SecWar/status/1984816590940987802,7563.0,"Today, at the direction of President Trump, the Department of War carried out a lethal kinetic strike on another narco-trafficking vessel operated by a Designated Terrorist Organization (DTO) in the Caribbean. 

This vessel—like EVERY OTHER—was known by our intelligence to be involved in illicit narcotics smuggling, was transiting along a known narco-trafficking route, and carrying narcotics. Three male narco-terrorists were aboard the vessel during the strike, which was conducted in international waters. All three terrorists were killed, and no U.S. forces were harmed in this strike.

These narco-terrorists are bringing drugs to our shores to poison Americans at home—and they will not succeed. The Department will treat them EXACTLY how we treated Al-Qaeda. We will continue to track them, map them, hunt them, and kill them.",,,,,,,,,,,,,,,Somalia,Hate Speech,Hate Speech,Hate Speech,2026-01-15 15:40:46.723151 UTC,2325,high,,low,low,low,low,low,low,medium,0.0,0.0,0.0,0.0,0.0,1.0,0.0,0.0,0.0,0.0,0.0,0.0,0.0,0.0,0.0,0.0,0.0,0.0,0.0,0.0,0.0,0.0,0.0,0.0,0.0,0.0,0.0,0.0,0.0,0.0,0.0,0.0,0.0,0.0,0.0,0.0,0.0,0.0,0.0,0.0,0.0,0.0,1.0,0.0,,,,,,,,,,,,,,,,,,,,,,0.1885443776845932,0.7021985054016113,0.1092570945620536,Abusive,0.7021985054016113,,,0.2680121064186096,0.7319879531860352,,,,,,,,,,,,,,,,,,,,,,,,,,,,,,,,,,
x,d3311f0a-1911-c2e8-7be9-514f67f3335b,tomo20889830,15.0,2025-11-27,2025-11-27 22:18:40 UTC,1314.0,3dd7426c-7f2c-b2d3-bb76-ba1d407157b5,212.0,https://x.com/tomo20889830/status/1994169026164216214,4.0,"おはようございます☺️
カフェヨシノ デラモニ
美味しいモーニング食べれて最高！
今日もよろしくお願いします☺️ https://t.co/af9EoCyPmZ",,,,,,,,,,,,,,,Somalia,Hate Speech,Hate Speech,Hate Speech,2026-01-15 15:40:46.723151 UTC,2325,,very_high,,,,,,,,0.0,0.0,0.0,0.0,0.0,0.0,0.0,0.0,0.0,0.0,0.0,0.0,0.0,0.0,0.0,0.0,0.0,0.0,0.0,0.0,0.0,0.0,0.0,0.0,0.0,0.0,0.0,0.0,0.0,0.0,0.0,0.0,0.0,0.0,0.0,0.0,0.0,0.0,0.0,0.0,0.0,0.0,0.0,0.0,,,,,,,,,,,,,,,,,,,,,,0.9997273087501526,0.0001797198638087,9.29934103623964e-05,Normal,0.9997273087501526,,,0.9875153303146362,0.0124846259132027,,,,,,,,,,,,,,,,,,,,,,,,,,,,,,,,,,
x,f585013c-93fe-8ffb-355f-78ef24ec5f4d,BiGMo2346,3.0,2025-12-01,2025-12-01 10:42:15 UTC,1318.0,afd17679-6842-93f5-1ada-c00ba726447e,12.0,https://x.com/BiGMo2346/status/1995443318105264353,1.0,"Former President Bihi has been shot at on his way to Egal Airport.

The irony is a man who fought for this country has been harassed by a man who was a clerk for the government that was genociding his people

How long can Cirro's government continue to weaponise trauma & stability?",,,,,,,,,,,,,,,Somalia,Hate Speech,Hate Speech,Hate Speech,2026-01-15 15:40:46.723151 UTC,2325,very_high,,low,low,low,low,low,low,medium,0.0,0.0,0.0,0.0,0.0,0.0,0.0,0.0,0.0,0.0,0.0,0.0,0.0,0.0,0.0,0.0,0.0,0.0,0.0,0.0,0.0,0.0,0.0,0.0,0.0,0.0,0.0,0.0,0.0,0.0,0.0,0.0,0.0,0.0,0.0,0.0,0.0,0.0,0.0,0.0,0.0,0.0,0.0,0.0,,,,,,,,,,,,,,,,,,,,,,0.0566426441073417,0.7300241589546204,0.2133332341909408,Abusive,0.7300241589546204,,,0.03506950289011,0.964930534362793,,,,,,,,,,,,,,,,,,,,,,,,,,,,,,,,,,
x,c2343162-a479-dc75-604f-bb5a41ee7f6b,motaman799,0.0,2025-12-01,2025-12-01 16:42:34 UTC,1318.0,35a5a7b1-2409-9800-4b38-5fb116965ce4,0.0,https://x.com/motaman799/status/1995533994742743167,0.0,"Huubo gov is creating stability, terra the Somalia nisa agent is in hargeisa and controls the huubo gov so what should we expect, reer somaliland must protect thier country and hard work of 34 years from these faqash hubo gov, they want war so they take us to 🇸🇴",,,,,,,,,,,,,,,Somalia,Hate Speech,Hate Speech,Hate Speech,2026-01-15 15:40:46.723151 UTC,2325,very_high,,medium,low,low,low,low,low,medium,0.0,0.0,0.0,0.0,1.0,0.0,0.0,0.0,0.0,0.0,0.0,0.0,0.0,0.0,0.0,0.0,0.0,0.0,0.0,0.0,0.0,0.0,0.0,0.0,0.0,0.0,0.0,0.0,0.0,0.0,0.0,0.0,0.0,0.0,0.0,0.0,0.0,0.0,0.0,0.0,0.0,0.0,0.0,0.0,,,,,,,,,,,,,,,,,,,,,,0.0018910040380433,0.0764179527759552,0.9216910600662231,Hate,0.9216910600662231,,,0.0465287081897258,0.953471302986145,,,,,,,,,,,,,,,,,,,,,,,,,,,,,,,,,,
x,c8f938b5-97df-1d1c-823f-fd2cfb90d1dd,GriseldaBlanc06,2.0,2025-12-01,2025-12-01 18:15:47 UTC,1318.0,58671476-9639-0bba-c18d-eb6458ba359e,4.0,https://x.com/GriseldaBlanc06/status/1995557453103342020,0.0,"That song isn’t for H/awal, sorry. It was made for the Sade clan. But it’s cute that everyone keeps claiming it, Sade sets the tone and they follow. And Muse Bihi really does remind me of President Mohamed Siad Barre (AUN), both very tough men with presence.

MMT Ragi Talin Jiray - Ilkacase Qays ft Nimcaan Hilaac 
 
“Madaxdii Mareexaan Tali Jiray (MMT)” means the old Sade rulers, the colonizers of their era who ran everything.

#Somalia #Somaliland 
@M_Farmaajo @musebiihi",,,,,,,,,,,,,,,Somalia,Hate Speech,Hate Speech,Hate Speech,2026-01-15 15:40:46.723151 UTC,2325,very_high,,low,low,low,low,low,low,high,0.0,0.0,0.0,0.0,0.0,0.0,0.0,0.0,0.0,0.0,0.0,0.0,0.0,0.0,0.0,0.0,0.0,0.0,0.0,0.0,0.0,0.0,0.0,0.0,0.0,0.0,0.0,0.0,0.0,0.0,0.0,0.0,0.0,0.0,0.0,0.0,0.0,0.0,0.0,0.0,0.0,0.0,0.0,0.0,,,,,,,,,,,,,,,,,,,,,,0.9617601037025452,0.0202556066215038,0.0179843883961439,Normal,0.9617601037025452,,,0.1502133458852768,0.8497866988182068,,,,,,,,,,,,,,,,,,,,,,,,,,,,,,,,,,
x,0de9ac59-bde7-d30f-d11e-05c4278a7f0c,takamil1,0.0,2025-12-01,2025-12-01 18:32:33 UTC,1314.0,ecde574c-413a-191d-5a87-d92961f10ef6,0.0,https://x.com/takamil1/status/1995561674519314757,0.0,🚨🚨🚨 WAR HAS BROKEN OUT BETWEEN RIVAL CLANS IN NORTH SOMALIA(somaliland) the Garxajis clan AKA G36 and Habar Hutu Heclo vs Habar awal,,,,,,,,,,,,,,,Somalia,Hate Speech,Hate Speech,Hate Speech,2026-01-15 15:40:46.723151 UTC,2325,very_high,,,,,,,,,0.0,0.0,0.0,0.0,0.0,0.0,0.0,0.0,0.0,0.0,0.0,0.0,0.0,0.0,0.0,0.0,0.0,0.0,0.0,0.0,0.0,0.0,0.0,0.0,0.0,0.0,0.0,0.0,0.0,0.0,0.0,0.0,0.0,0.0,0.0,0.0,0.0,0.0,0.0,0.0,0.0,0.0,0.0,0.0,,,,,,,,,,,,,,,,,,,,,,0.0006967288791202,0.0076895174570381,0.991613745689392,Hate,0.991613745689392,,,0.066484734416008,0.9335152506828308,,,,,,,,,,,,,,,,,,,,,,,,,,,,,,,,,,
x,9ef76e0f-c536-ee08-5e45-e8d5b5d43534,tamerqdh,135.0,2025-12-02,2025-12-02 20:11:42 UTC,1318.0,e436a3be-4bff-ed39-e3b6-da81b85d55d1,808.0,https://x.com/tamerqdh/status/1995949015771611173,190.0,"ترامب يقول إن الصوماليين سرقوا ولاية مينيسوتا بمليارات الدولارات وإنهم لا يساهمون في شيء وإنه لا يريدهم في بلاده ويؤكد أنه صريح في ذلك ويضيف أن البعض سيقول إن هذا غير لائق سياسيا لكنه لا يهتم ويقول إن بلدهم سيئ لسبب وإن بلدهم كريه وإنهم لا يريدونهم في بلدهم ويقول إننا سنسير في الطريق الخطأ إذا استمررنا في إدخال القمامة إلى بلدنا

ويضيف أن إلهان عمر عضوة كونغرس ديمقراطية متطرفة ولدت في الصومال هي زبالة وأصدقاؤها زبالة وأنهم جاؤوا من الجحيم يشتكون ولا يفعلون شيئا سوى الشكوى وأنهم لا يريدونهم هناك ويجب أن يذهبوا لإصلاح بلده .",,,,,,,,,,,,,,,Somalia,Hate Speech,Hate Speech,Hate Speech,2026-01-15 15:40:46.723151 UTC,2325,high,,,,,,,,,0.0,0.0,0.0,0.0,0.0,0.0,0.0,0.0,0.0,0.0,0.0,0.0,0.0,0.0,0.0,0.0,0.0,0.0,0.0,0.0,0.0,0.0,0.0,0.0,0.0,0.0,0.0,0.0,0.0,0.0,0.0,0.0,0.0,0.0,0.0,0.0,0.0,0.0,0.0,0.0,0.0,0.0,0.0,0.0,,,,,,,,,,,,,,,,,,,,,,0.0003696625644806,6.146558007458225e-05,0.9995688796043396,Hate,0.9995688796043396,,,0.3198411166667938,0.6801589131355286,,,,,,,,,,,,,,,,,,,,,,,,,,,,,,,,,,
x,ff947f16-85de-8f1d-6247-95dd20d45a34,SaadaqMohamed,0.0,2025-12-02,2025-12-02 20:42:36 UTC,1318.0,3386135b-1146-c3ba-48d1-fd31cb4b611b,0.0,https://x.com/SaadaqMohamed/status/1995956791927341440,0.0,"“Waa dal tuugo ah, waa dal uraya Somaliya, dadkooda inay shaqeystaan ma rabaan, waxey ka yimaadeen naar. Walina wey cabanayaan. Kulaabta dalkiina oo hagaajista”..  Madaxwaynaha Mareykanka  Donald Trump oo si xun ugu fogaaday Somalia https://t.co/1OHrqxqJ6m",,,,,,,,,,,,,,,Somalia,Hate Speech,Hate Speech,Hate Speech,2026-01-15 15:40:46.723151 UTC,2325,high,,,,,,,,,0.0,0.0,0.0,0.0,0.0,0.0,0.0,0.0,0.0,0.0,0.0,0.0,0.0,0.0,0.0,0.0,0.0,0.0,0.0,0.0,0.0,0.0,0.0,0.0,0.0,0.0,0.0,0.0,0.0,0.0,0.0,0.0,0.0,0.0,0.0,0.0,0.0,0.0,0.0,0.0,0.0,0.0,0.0,0.0,,,,,,,,,,,,,,,,,,,,,,0.0001005079466267,0.0004849986580666,0.999414563179016,Hate,0.999414563179016,,,0.4050855636596679,0.594914436340332,,,,,,,,,,,,,,,,,,,,,,,,,,,,,,,,,,
x,f5d2760b-1f6d-761e-f177-8f1d70fa2870,FbBreaking75118,0.0,2025-12-03,2025-12-03 11:04:23 UTC,1318.0,76f7cc77-b8dd-3c26-a602-43abf8694e28,1.0,https://x.com/FbBreaking75118/status/1996173664811909370,0.0,Madaxii hore ee kooxda Ridada Soomaaliya ayaa sheegay in Murtad Garguurte uu qorsheysanayo dhulboob kale oo uu ka sameynayo magaalada Muqdisho. https://t.co/hJnl17BtXX,,,,,,,,,,,,,,,Somalia,Hate Speech,Violent Extremism,Hate Speech,2026-01-15 15:40:46.723151 UTC,2325,,very_high,,,,,,,,0.0,0.0,0.0,0.0,0.0,0.0,0.0,0.0,0.0,0.0,0.0,0.0,0.0,0.0,0.0,0.0,0.0,0.0,0.0,0.0,0.0,0.0,0.0,0.0,1.0,0.0,0.0,0.0,0.0,0.0,0.0,0.0,0.0,0.0,1.0,0.0,0.0,0.0,0.0,0.0,0.0,0.0,0.0,0.0,,,,,,,,,,,,,,,,,,,,,,0.0074891806580126,0.0003413597005419,0.9921694397926332,Hate,0.9921694397926332,,,0.9725413918495178,0.0274586286395788,,,,,,,,,,,,,,,,,,,,,,,,,,,,,,,,,,
x,12c7adc8-4fd7-8eb8-f314-29cb297ace33,Gelle99,107.0,2025-12-03,2025-12-03 17:06:26 UTC,1318.0,401e8efa-21a9-1049-85fa-43320faa2954,277.0,https://x.com/Gelle99/status/1996264776263962829,31.0,"Not a single Arab politician has tweeted anything to defend Somali Americans not even the Palestinian ones like @ruwaromman or @RashidaTlaib. Meanwhile their friend Ilhan Omar speaks up for Palestinians 24/7.

I don’t want to see a single Somali defending any Arab ever again. https://t.co/jfLynXovSm",,,,,,,,,,,,,,,Somalia,Hate Speech,Hate Speech,Hate Speech,2026-01-15 15:40:46.723151 UTC,2325,very_high,,medium,low,low,medium,low,low,medium,0.0,0.0,0.0,0.0,0.0,0.0,0.0,0.0,0.0,0.0,0.0,0.0,0.0,0.0,0.0,0.0,0.0,0.0,0.0,0.0,0.0,0.0,0.0,0.0,0.0,0.0,0.0,0.0,0.0,0.0,0.0,0.0,0.0,0.0,0.0,0.0,0.0,0.0,0.0,0.0,0.0,0.0,0.0,0.0,,,,,,,,,,,,,,,,,,,,,,0.0035816396120935,0.993629276752472,0.0027890251949429,Abusive,0.993629276752472,,,0.0459941774606704,0.9540058970451356,,,,,,,,,,,,,,,,,,,,,,,,,,,,,,,,,,
x,f2300370-b0d2-d8ea-f7eb-18b0dbcec00a,aiabdimusa,7.0,2025-12-03,2025-12-03 18:18:41 UTC,1318.0,025bcfdd-11b1-4892-91a4-e2571ef076f5,46.0,https://x.com/aiabdimusa/status/1996282962157932825,10.0,"Things that make you GO 🤔 

1) Bring your campaign donors day at the madaxtoyadda #Somaliland

2) MBC off to the UAE, Qatar in Hargeysa barely 36 hours later🤔 

3) Any undesirables maybe 1 or 2 or more Faqash ride along on the chartered flight from MOGADISHU or DOHA 🤔 https://t.co/4tarrUp5uV",,,,,,,,,,,,,,,Somalia,Hate Speech,Hate Speech,Hate Speech,2026-01-15 15:40:46.723151 UTC,2325,very_high,,low,low,low,low,low,low,medium,0.0,0.0,0.0,0.0,1.0,0.0,0.0,0.0,0.0,0.0,0.0,0.0,0.0,0.0,0.0,0.0,0.0,0.0,0.0,0.0,0.0,0.0,0.0,0.0,0.0,0.0,0.0,0.0,0.0,0.0,0.0,0.0,0.0,0.0,0.0,0.0,0.0,0.0,0.0,0.0,0.0,0.0,0.0,0.0,,,,,,,,,,,,,,,,,,,,,,0.0024071848019957,0.575616180896759,0.421976625919342,Abusive,0.575616180896759,,,0.161595731973648,0.8384042978286743,,,,,,,,,,,,,,,,,,,,,,,,,,,,,,,,,,
x,f3944620-091b-e253-a407-2431228fcb82,Cambaaburshizi,1.0,2025-12-03,2025-12-03 21:22:47 UTC,1318.0,9b86583f-78a8-dcd2-ecb1-890302b4f90d,5.0,https://x.com/Cambaaburshizi/status/1996329292343496879,3.0,"Now that South Yemen has won,soon Somaliland will win as well &amp; all saboteurs will be cleared out,exactly what the 🇺🇸 wants in the Gulf of Aden.Berbera,Bulhar, and Aden are all important to the 🇺🇸 strategic orbit.All bad actors will be put in their place. No more faqash nonsense.",,,,,,,,,,,,,,,Somalia,Hate Speech,Other,Hate Speech,2026-01-15 15:40:46.723151 UTC,2325,very_high,,medium,low,medium,medium,low,low,medium,0.0,0.0,0.0,0.0,1.0,0.0,0.0,0.0,0.0,0.0,0.0,0.0,0.0,0.0,0.0,0.0,0.0,0.0,0.0,0.0,0.0,0.0,0.0,0.0,0.0,0.0,0.0,0.0,0.0,0.0,0.0,0.0,0.0,0.0,0.0,0.0,0.0,0.0,0.0,0.0,0.0,0.0,0.0,0.0,,,,,,,,,,,,,,,,,,,,,,0.0071772299706935,0.9190539717674256,0.0737687647342681,Abusive,0.9190539717674256,,,0.1290948092937469,0.8709052205085754,,,,,,,,,,,,,,,,,,,,,,,,,,,,,,,,,,
x,d77df628-9b0f-2ac3-2d5e-f1e559fdae38,CheckmateEA,1.0,2025-12-04,2025-12-04 09:53:49 UTC,1318.0,06bd95ed-2782-480f-27b5-9ef3822c17f2,18.0,https://x.com/CheckmateEA/status/1996518294099263954,0.0,"Hargeisa marka lala hadlayo shacabka SL waxa lagu yeedha caasimada jamhuuriyada SL.. 

Laakin marka la dawarsanayo waxey noqota tuulo kamid ah “dhulka somalia” sida halkan lagu tilmaamay, Hargeisa dhexdeeda 🤔 https://t.co/LnTCUjRC6g",,,,,,,,,,,,,,,Somalia,Hate Speech,Hate Speech,Hate Speech,2026-01-15 15:40:46.723151 UTC,2325,high,,,,,,,,,0.0,0.0,0.0,0.0,0.0,0.0,0.0,0.0,0.0,0.0,0.0,0.0,0.0,0.0,0.0,0.0,0.0,0.0,0.0,0.0,0.0,0.0,0.0,0.0,0.0,0.0,0.0,0.0,0.0,0.0,0.0,0.0,0.0,0.0,0.0,0.0,0.0,0.0,0.0,0.0,0.0,0.0,0.0,0.0,,,,,,,,,,,,,,,,,,,,,,0.9957608580589294,0.0006691638263873,0.0035700721200555,Normal,0.9957608580589294,,,0.3188371360301971,0.6811628937721252,,,,,,,,,,,,,,,,,,,,,,,,,,,,,,,,,,
x,046dfd0c-17e4-bd5c-3451-ca6c5a86c7ab,fatheyayallas,1.0,2025-12-05,2025-12-05 02:14:04 UTC,1318.0,2870e057-5f61-c9d0-a44e-6b47ea94a175,0.0,https://x.com/fatheyayallas/status/1996764982139351244,0.0,"Minnesota calls landers Gaal raac to undermine our cause and self respect,unbelievable statement. Learn our history America, Somaliland is NOT Somalia",,,,,,,,,,,,,,,Somalia,Hate Speech,Hate Speech,Hate Speech,2026-01-15 15:40:46.723151 UTC,2325,very_high,,low,low,low,low,low,low,medium,0.0,0.0,0.0,0.0,0.0,0.0,0.0,0.0,0.0,0.0,0.0,0.0,0.0,0.0,0.0,0.0,0.0,0.0,0.0,0.0,0.0,0.0,0.0,0.0,1.0,0.0,0.0,0.0,0.0,0.0,0.0,0.0,0.0,0.0,0.0,0.0,0.0,0.0,0.0,0.0,0.0,0.0,0.0,0.0,,,,,,,,,,,,,,,,,,,,,,0.0003288084699306,0.9991540908813475,0.0005170039949007,Abusive,0.9991540908813475,,,0.1048128977417945,0.8951871395111084,,,,,,,,,,,,,,,,,,,,,,,,,,,,,,,,,,
x,2efae9ab-9170-af94-9ec6-0496c0b926b0,SuleimanElite,0.0,2025-12-08,2025-12-08 07:00:52 UTC,1318.0,427406d0-488b-3d0f-8a48-2334a0de7c56,0.0,https://x.com/SuleimanElite/status/1997924319502930322,0.0,"Thank you, Mr, Donald J. Trump

As Somalis, we come from different social backgrounds, including Jareer and Jileec. Unfortunately, within Somalia there has long been discrimination and injustice against the Jareer community. As equal citizens, we have often been denied the https://t.co/feQEdCFgU8",,,,,,,,,,,,,,,Somalia,Hate Speech,Other,Hate Speech,2026-01-15 15:40:46.723151 UTC,2325,very_high,,low,low,low,low,low,low,medium,0.0,0.0,1.0,0.0,0.0,0.0,0.0,0.0,0.0,0.0,0.0,0.0,0.0,0.0,0.0,0.0,0.0,0.0,0.0,0.0,0.0,0.0,0.0,0.0,0.0,0.0,0.0,0.0,0.0,1.0,0.0,0.0,0.0,0.0,0.0,0.0,0.0,0.0,0.0,0.0,0.0,0.0,0.0,0.0,,,,,,,,,,,,,,,,,,,,,,0.991259515285492,0.0035569646861404,0.0051835677586495,Normal,0.991259515285492,,,0.1299183666706085,0.8700816035270691,,,,,,,,,,,,,,,,,,,,,,,,,,,,,,,,,,
x,b673a035-68a6-9107-8961-bae9f4f47cb4,BashiirWabax,2.0,2025-12-10,2025-12-10 09:18:01 UTC,1318.0,4a3592d5-2c50-7f4b-71a8-120e91b79179,2.0,https://x.com/BashiirWabax/status/1998683613190095255,0.0,"Donald Trump, ayaa markale gef iyo Aflaagado u geystey Soomaaliya iyo Xil Ilhan Cumar. 
Markaan waxuu ka faaloodey xataa Xijaabka Ilahn, waxuuna si jees jees leh u sheegay in Soomaaliya ay tahay meesha adduunka ugu xun. Waxuu ku celiyey in Ilhan walaalkeed guursatey si ay sharci https://t.co/pX8uL2OuoZ",,,,,,,,,,,,,,,Somalia,Hate Speech,Hate Speech,Hate Speech,2026-01-15 15:40:46.723151 UTC,2325,,very_high,,,,,,,,0.0,0.0,0.0,0.0,0.0,0.0,0.0,0.0,0.0,0.0,0.0,0.0,0.0,0.0,0.0,0.0,0.0,0.0,0.0,0.0,0.0,0.0,0.0,0.0,0.0,0.0,0.0,0.0,0.0,0.0,0.0,0.0,0.0,0.0,0.0,0.0,0.0,0.0,0.0,0.0,0.0,0.0,0.0,0.0,,,,,,,,,,,,,,,,,,,,,,0.0343402996659278,0.9563153386116028,0.0093443756923079,Abusive,0.9563153386116028,,,0.8963603377342224,0.1036396995186805,,,,,,,,,,,,,,,,,,,,,,,,,,,,,,,,,,
x,e2fa0ed9-9e08-a2a2-a806-75ee4dc75fb6,Calcio_223,14.0,2025-12-10,2025-12-10 15:45:25 UTC,1318.0,a8d56e10-3578-5b1d-3ca2-a32ab5115cad,446.0,https://x.com/Calcio_223/status/1998781104250040700,31.0,"اسسسسسمع الصووووووووووووت
اسسسسسمع الصوووووووووووووت
صوت الشبااااااااك اسسسسسسسسمع
https://t.co/S8QAY3rbUf",,,,,,,,,,,,,,,Somalia,Hate Speech,Hate Speech,Hate Speech,2026-01-15 15:40:46.723151 UTC,2325,,very_high,,,,,,,,0.0,0.0,0.0,0.0,0.0,0.0,0.0,0.0,0.0,0.0,0.0,0.0,0.0,0.0,0.0,0.0,0.0,0.0,0.0,0.0,0.0,0.0,0.0,0.0,0.0,0.0,0.0,0.0,0.0,0.0,0.0,0.0,0.0,0.0,0.0,0.0,0.0,0.0,0.0,0.0,0.0,0.0,0.0,0.0,,,,,,,,,,,,,,,,,,,,,,0.0005792571464553,0.000445953104645,0.9989748001098632,Hate,0.9989748001098632,,,0.9845955967903136,0.0154044050723314,,,,,,,,,,,,,,,,,,,,,,,,,,,,,,,,,,
x,07f33c8b-f75d-65bd-c6d1-9cef004fce02,Khubayb25,0.0,2025-12-10,2025-12-10 17:17:22 UTC,1318.0,c829090f-ab50-29b8-513b-c3c62ffd2965,0.0,https://x.com/Khubayb25/status/1998804243030093866,0.0,"Mujaahidiinta ayaa caawa camaliyad Istish-haadiyo ah ka fuliyey gudaha xero Nac-Nac ee magaalada Muqdisho, xilli ay halkaasi ay ku feelsanaayeen maleeshiyaat murtadiin ah oo loo diyaarinayey duullaan ka dhan muslimiinta... https://t.co/v867CdEiCx",,,,,,,,,,,,,,,Somalia,Hate Speech,Hate Speech,Hate Speech,2026-01-15 15:40:46.723151 UTC,2325,very_high,,,,,,,,,0.0,0.0,0.0,0.0,0.0,0.0,0.0,0.0,0.0,0.0,0.0,0.0,0.0,0.0,0.0,0.0,0.0,0.0,0.0,0.0,0.0,0.0,0.0,0.0,1.0,0.0,0.0,0.0,0.0,0.0,0.0,0.0,0.0,0.0,0.0,0.0,0.0,0.0,0.0,0.0,0.0,0.0,0.0,0.0,,,,,,,,,,,,,,,,,,,,,,0.999610960483551,0.0001083947136066,0.0002806160482577,Normal,0.999610960483551,,,0.1157095059752464,0.8842905163764954,,,,,,,,,,,,,,,,,,,,,,,,,,,,,,,,,,
x,b6968cde-4bd7-dd12-e7fd-8784b0c2f89f,aybeemirree,0.0,2025-12-11,2025-12-11 07:59:51 UTC,1301.0,4d8ebc3b-1053-ebf7-b32f-f52a9f0fcd47,0.0,https://x.com/aybeemirree/status/1999026328197099814,0.0,Trump inu Ku Tilmaamo Soomalida Qashin Maxaa Keeney?┇Sh Umal https://t.co/NfysxBn5Hf via @YouTube,,,,,,,,,,,,,,,Somalia,Hate Speech,Hate Speech,Hate Speech,2026-01-15 15:40:46.723151 UTC,2325,,very_high,,,,,,,,0.0,0.0,0.0,0.0,0.0,0.0,0.0,0.0,0.0,0.0,0.0,0.0,0.0,0.0,0.0,0.0,0.0,0.0,0.0,0.0,0.0,0.0,0.0,0.0,0.0,0.0,0.0,0.0,0.0,0.0,0.0,0.0,0.0,0.0,0.0,0.0,0.0,0.0,0.0,0.0,0.0,0.0,0.0,0.0,,,,,,,,,,,,,,,,,,,,,,0.999775230884552,0.0001403141650371,8.455158240394667e-05,Normal,0.999775230884552,,,0.947177231311798,0.0528227239847183,,,,,,,,,,,,,,,,,,,,,,,,,,,,,,,,,,
x,02ca9af9-16ab-e6a9-1e72-552052015462,caraweloy,4.0,2025-12-11,2025-12-11 08:51:31 UTC,1301.0,db7f8c86-0e5f-5e42-7729-182adc39b724,13.0,https://x.com/caraweloy/status/1999039330594209806,1.0,Bro qaniis men know how to do makeup so well😭I even feel guilty being their subscriber,,,,,,,,,,,,,,,Somalia,Hate Speech,Hate Speech,Hate Speech,2026-01-15 15:40:46.723151 UTC,2325,,very_high,medium,low,low,low,low,low,low,0.0,0.0,0.0,0.0,0.0,0.0,0.0,0.0,1.0,0.0,0.0,0.0,0.0,0.0,0.0,0.0,0.0,0.0,0.0,0.0,0.0,0.0,0.0,0.0,0.0,0.0,0.0,0.0,0.0,0.0,0.0,0.0,0.0,0.0,0.0,0.0,0.0,0.0,0.0,0.0,0.0,0.0,0.0,0.0,,,,,,,,,,,,,,,,,,,,,,0.980340838432312,0.0150099461898207,0.0046492060646414,Normal,0.980340838432312,,,0.799191951751709,0.2008080333471298,,,,,,,,,,,,,,,,,,,,,,,,,,,,,,,,,,
x,e77a6892-6288-d901-d165-2aff20a36f32,AhmedSafi99,0.0,2025-12-11,2025-12-11 16:31:53 UTC,1301.0,9e5ed4f0-4d56-2f7e-b9aa-829aaee88023,1.0,https://x.com/AhmedSafi99/status/1999155187160653869,0.0,"Maanta ummadda Soomaaliyeed meel walba waa lagu bahdilayaa, waana la ciqaabayaa, waxaana lagu hayaa cadaadis. 
Madaxweynaha adduunka ugu awoodda badan ayaa kula jira Soomaalida dagaal gooni ah, wuxuuna nagu tilmaamay “qashin” annagoo ah Muslimiin, isla markaana ka mid ah dadka https://t.co/Ca2mdQg5QO",,,,,,,,,,,,,,,Somalia,Hate Speech,Hate Speech,Hate Speech,2026-01-15 15:40:46.723151 UTC,2325,very_high,,,,,,,,,0.0,0.0,0.0,0.0,0.0,0.0,0.0,0.0,0.0,0.0,0.0,0.0,0.0,0.0,0.0,0.0,0.0,0.0,0.0,0.0,0.0,0.0,0.0,0.0,0.0,0.0,0.0,0.0,0.0,0.0,0.0,0.0,0.0,0.0,0.0,0.0,0.0,0.0,0.0,0.0,0.0,0.0,0.0,0.0,,,,,,,,,,,,,,,,,,,,,,0.999765932559967,0.0001164514324045,0.0001176324731204,Normal,0.999765932559967,,,0.1437900066375732,0.8562099933624268,,,,,,,,,,,,,,,,,,,,,,,,,,,,,,,,,,
x,e77a6892-6288-d901-d165-2aff20a36f32,AhmedSafi99,0.0,2025-12-11,2025-12-11 18:39:26 UTC,1301.0,f4f7af63-8602-1c2a-7076-e5791e3a405b,1.0,https://x.com/AhmedSafi99/status/1999187283292119483,0.0,"Maanta ummadda Soomaaliyeed meel walba waa lagu bahdilayaa, waana la ciqaabayaa, waxaana lagu hayaa cadaadis. 
Madaxweynaha adduunka ugu awoodda badan ayaa kula jira Soomaalida dagaal gooni ah, wuxuuna nagu tilmaamay “qashin” annagoo ah Muslimiin, isla markaana ka mid ah dadka https://t.co/dg1rbM9ucR",,,,,,,,,,,,,,,Somalia,Hate Speech,Hate Speech,Hate Speech,2026-01-15 15:40:46.723151 UTC,2325,very_high,,,,,,,,,0.0,0.0,0.0,0.0,0.0,0.0,0.0,0.0,0.0,0.0,0.0,0.0,0.0,0.0,0.0,0.0,0.0,0.0,0.0,0.0,0.0,0.0,0.0,0.0,0.0,0.0,0.0,0.0,0.0,0.0,0.0,0.0,0.0,0.0,0.0,0.0,0.0,0.0,0.0,0.0,0.0,0.0,0.0,0.0,,,,,,,,,,,,,,,,,,,,,,0.9997637867927552,0.0001155178470071,0.0001207374371006,Normal,0.9997637867927552,,,0.1445045918226242,0.8554953932762146,,,,,,,,,,,,,,,,,,,,,,,,,,,,,,,,,,
x,c5b84c34-b6e0-c36b-ed49-9ef34bb7a723,maxed_s,1.0,2025-12-12,2025-12-12 18:43:29 UTC,1301.0,82ffeaab-c08b-7d8c-bd58-34afaf5f9927,20.0,https://x.com/maxed_s/status/1999550692210426160,4.0,Qarax Iyo qashin bay ku koreen https://t.co/KdXsrdMM5P,,,,,,,,,,,,,,,Somalia,Hate Speech,Hate Speech,Hate Speech,2026-01-15 15:40:46.723151 UTC,2325,,very_high,,,,,,,,0.0,0.0,0.0,0.0,0.0,0.0,0.0,0.0,0.0,0.0,0.0,0.0,0.0,0.0,0.0,0.0,0.0,0.0,0.0,0.0,0.0,0.0,0.0,0.0,0.0,0.0,0.0,0.0,0.0,0.0,0.0,0.0,0.0,0.0,0.0,0.0,0.0,0.0,0.0,0.0,0.0,0.0,0.0,0.0,,,,,,,,,,,,,,,,,,,,,,0.9996676445007324,0.0001999377855099,0.0001324464246863,Normal,0.9996676445007324,,,0.9458035826683044,0.0541963763535022,,,,,,,,,,,,,,,,,,,,,,,,,,,,,,,,,,
x,1d606469-606f-a0a7-09e3-6544e587b844,TuraabiMuxamed,0.0,2025-12-13,2025-12-13 03:26:48 UTC,1301.0,55dbc647-9073-3b7c-c87a-2ae392cf08fd,0.0,https://x.com/TuraabiMuxamed/status/1999682389128409309,0.0,"aqoon hore  malahayn haddana waa sirqoobay oo maskaxiyan ma caafmaad qabo 
Waana nasiib daro ku habsatey reer maraykan dalkuna wuxuu isusii badalahayaa qashin qub dadka waalwaalani hogaamiyaan dunidana kasii fogaanahaya oo lanacay https://t.co/fhDMKgQzd8",,,,,,,,,,,,,,,Somalia,Hate Speech,Hate Speech,Hate Speech,2026-01-15 15:40:46.723151 UTC,2325,very_high,,,,,,,,,0.0,0.0,0.0,0.0,0.0,0.0,0.0,0.0,0.0,0.0,0.0,0.0,0.0,0.0,0.0,0.0,0.0,0.0,0.0,0.0,0.0,0.0,0.0,0.0,0.0,0.0,0.0,0.0,0.0,0.0,0.0,0.0,0.0,0.0,0.0,0.0,0.0,0.0,0.0,0.0,0.0,0.0,0.0,0.0,,,,,,,,,,,,,,,,,,,,,,0.000337500066962,0.9994309544563292,0.0002314406592631,Abusive,0.9994309544563292,,,0.2483600527048111,0.7516399025917053,,,,,,,,,,,,,,,,,,,,,,,,,,,,,,,,,,
x,9fb1fc85-e73e-8365-8256-1aa4bbca1466,SMSSomaliTV1,0.0,2025-12-13,2025-12-13 08:58:53 UTC,1318.0,87fc766d-88e2-b59d-6776-5725df6361f9,0.0,https://x.com/SMSSomaliTV1/status/1999765958614024451,0.0,"Further #details have emerged about fighting that took place in the #Laandheer area, which occurred between two clan #militias from the districts of Abudwaaq and Heraale. https://t.co/PkC0UasM0s",,,,,,,,,,,,,,,Somalia,Hate Speech,Other,Hate Speech,2026-01-15 15:40:46.723151 UTC,2325,very_high,,low,low,low,low,low,low,medium,0.0,0.0,0.0,1.0,0.0,0.0,0.0,0.0,0.0,0.0,0.0,0.0,0.0,0.0,0.0,0.0,0.0,0.0,0.0,0.0,0.0,0.0,0.0,0.0,0.0,0.0,0.0,0.0,0.0,0.0,0.0,0.0,0.0,0.0,0.0,0.0,0.0,0.0,0.0,0.0,0.0,0.0,0.0,0.0,,,,,,,,,,,,,,,,,,,,,,0.9984820485115052,0.0011042964179068,0.0004136814677622,Normal,0.9984820485115052,,,0.1681554168462753,0.8318446278572083,,,,,,,,,,,,,,,,,,,,,,,,,,,,,,,,,,
x,4b928dda-f226-83bd-05b0-bd50af4d146e,Rahmasaafi,0.0,2025-12-13,2025-12-13 17:43:03 UTC,1301.0,996c15f9-e3c1-6820-23c2-b3d846c93922,2.0,https://x.com/Rahmasaafi/status/1999897872427536412,0.0,"Somalida Ku dhashay maraykan  dhibaato badan ayay u keentay  ilhan omar oo madaxweynihii dalka ay ku tagtay qaxooti hadana ka dhigay xildhibaan  magac iyo lacag bay ka heshay in ay 24 caydo  social media  Xitaa caruurtii isguulada lagu yidhaa qashin ayaad tihiin
#Caqliga saxda ah",,,,,,,,,,,,,,,Somalia,Hate Speech,Hate Speech,Hate Speech,2026-01-15 15:40:46.723151 UTC,2325,,very_high,,,,,,,,0.0,0.0,0.0,0.0,0.0,0.0,0.0,0.0,0.0,0.0,0.0,0.0,0.0,0.0,0.0,0.0,0.0,0.0,0.0,0.0,0.0,0.0,0.0,0.0,0.0,0.0,0.0,0.0,0.0,0.0,0.0,0.0,0.0,0.0,0.0,0.0,0.0,0.0,0.0,0.0,0.0,0.0,0.0,0.0,,,,,,,,,,,,,,,,,,,,,,0.0001316105190198,0.999658226966858,0.0002101955178659,Abusive,0.999658226966858,,,0.9386569261550904,0.0613430440425872,,,,,,,,,,,,,,,,,,,,,,,,,,,,,,,,,,
x,ff947f16-85de-8f1d-6247-95dd20d45a34,SaadaqMohamed,0.0,2025-12-13,2025-12-13 18:28:52 UTC,1301.0,64dfa2a7-c7d3-0eb6-3508-0eb6add79a5c,0.0,https://x.com/SaadaqMohamed/status/1999909402686742600,0.0,"Madaxweynah Kaptan Ibrahim Traore Oo Difaacay somalid un jawabay Madaxweynah Marykanka aya yir 
Somalid ma ah qashin wa dad shaqo oo wan dad wanaagsan oo meel walbo aya tagan ka dhex muuqdo ilhan Omar wan tagerya wayo ma ahan qof baqdo wa geesiyda waxay u doodeyso taqano https://t.co/NlzZ7xaxZO",,,,,,,,,,,,,,,Somalia,Hate Speech,Hate Speech,Hate Speech,2026-01-15 15:40:46.723151 UTC,2325,very_high,,,,,,,,,0.0,0.0,0.0,0.0,0.0,0.0,0.0,0.0,0.0,0.0,0.0,0.0,0.0,0.0,0.0,0.0,0.0,0.0,0.0,0.0,0.0,0.0,0.0,0.0,0.0,0.0,0.0,0.0,0.0,0.0,0.0,0.0,0.0,0.0,0.0,0.0,0.0,0.0,0.0,0.0,0.0,0.0,0.0,0.0,,,,,,,,,,,,,,,,,,,,,,0.9997537732124328,0.0001288303465116,0.0001173396158264,Normal,0.9997537732124328,,,0.097923919558525,0.9020761251449584,,,,,,,,,,,,,,,,,,,,,,,,,,,,,,,,,,
x,96cd5566-dbed-73f2-a08c-b33697782395,Mesut1OO,0.0,2025-12-14,2025-12-14 01:38:56 UTC,1318.0,1ea520be-7829-4a80-1a99-8edffc7b66b3,8.0,https://x.com/Mesut1OO/status/2000017631613489435,0.0,"Tensions rise within the minority Hill Billy clan, with internal factions in open conflict. 

Laangaab syndrome needs a cure. 

https://t.co/53zJmb2jHE",,,,,,,,,,,,,,,Somalia,Hate Speech,Hate Speech,Hate Speech,2026-01-15 15:40:46.723151 UTC,2325,high,,low,low,low,low,low,low,medium,0.0,0.0,0.0,1.0,0.0,0.0,0.0,0.0,0.0,0.0,0.0,0.0,0.0,0.0,0.0,0.0,0.0,0.0,0.0,0.0,0.0,0.0,0.0,0.0,0.0,0.0,0.0,0.0,0.0,0.0,0.0,0.0,0.0,0.0,0.0,0.0,0.0,0.0,0.0,0.0,0.0,0.0,0.0,0.0,,,,,,,,,,,,,,,,,,,,,,0.0530742555856704,0.9017233848571776,0.0452024638652801,Abusive,0.9017233848571776,,,0.4066096544265747,0.5933903455734253,,,,,,,,,,,,,,,,,,,,,,,,,,,,,,,,,,
facebook,4a085952-d14c-9f77-6893-e24726d79973,Aba Shalih,34.0,2025-12-14,2025-12-14 02:23:29 UTC,1323.0,6ce30688-c8a8-3030-72ae-58b6e0aca3b3,28.0,https://www.facebook.com/groups/763284271246995/posts/1932709937637750/,7.0,"Salafi Wahhabi, Keras Kepada Sesama Muslim, Berkasih Sayang Kepada Zionis

Permusuhan sebagian Wahabi terhadap sesama Muslim bukan karena akidah semata, tetapi akibat manhaj yang mudah menyesatkan dan membid‘ahkan perbedaan internal umat. Energi kritik diarahkan ke praktik Ahlussunnah seperti tawassul dan tasawuf, bukan ke penjajahan. Sementara sikap lunak terhadap Zionis lahir dari kepentingan politik dan aliansi kekuasaan demi stabilitas rezim. Akibatnya, penjajahan Palestina dianggap sekedar isu politik, sedangkan perbedaan furu‘iyah sesama Muslim diperlakukan seolah ancaman akidah.",,,,,,,,,,,,,,,Somalia,Hate Speech,Hate Speech,Hate Speech,2026-01-15 15:40:46.723151 UTC,2325,very_high,,,,,,,,,0.0,0.0,0.0,0.0,0.0,0.0,0.0,0.0,0.0,0.0,0.0,0.0,0.0,0.0,0.0,0.0,0.0,0.0,0.0,0.0,0.0,0.0,0.0,0.0,0.0,0.0,0.0,0.0,0.0,0.0,0.0,0.0,0.0,0.0,0.0,0.0,0.0,0.0,0.0,0.0,0.0,0.0,0.0,0.0,,,,,,,,,,,,,,,,,,,,,,0.989779770374298,0.0004022274806629,0.0098180416971445,Normal,0.989779770374298,,,0.0655679404735565,0.934432089328766,,,,,,,,,,,,,,,,,,,,,,,,,,,,,,,,,,
facebook,df0ac519-bac0-53f0-cfb3-529254473b63,Taliyah Aag Waqooyi,2.0,2025-12-14,2025-12-14 07:02:08 UTC,1323.0,bfbd2d0b-c2c4-4b9b-a5d6-5ea5b726ba35,32.0,https://www.facebook.com/taliyah.aag.waqooyi/posts/pfbid0dQjMsuxmpD2ThqDTPdmRaQu6wE53T5CGuSFtx9k6AGE8CHhyexwSHgyRem7CFq4ql,1.0,"#DEG_DEG Maleeshiyaad aad hubeysan oo Ku heyba Aun Nuur Aadan guunbe ayaa lawareegay xafada dayax dhusamareeb 

Dhankle maleeshiyaad #Qorqoor ayaa ayagana dhaq dhaqaaqyo Ciidan kawada aaga madaxtooyada galmudug ayagaoona lasoo baxay baaburta dagaalka 

Sacaadaha soo socda waxaa laga cabsi qabaa inuu dagaal xoogan Ka dhaco gudaha dhusamareeb 

Dhankale ilaha Qaar ayaa iisheegaya gudaha dhusamareeb inuu mardhow Ka bilaaban doono banana bax xoogan oo rabshado wato",,,,,,,,,,,,,,,Somalia,Hate Speech,Hate Speech,Hate Speech,2026-01-15 15:40:46.723151 UTC,2325,high,,,,,,,,,0.0,0.0,0.0,0.0,0.0,0.0,0.0,0.0,0.0,0.0,0.0,0.0,0.0,0.0,0.0,0.0,0.0,0.0,0.0,0.0,0.0,0.0,0.0,0.0,0.0,0.0,0.0,0.0,0.0,0.0,0.0,0.0,0.0,0.0,0.0,0.0,0.0,0.0,0.0,0.0,0.0,0.0,0.0,0.0,,,,,,,,,,,,,,,,,,,,,,0.999637484550476,0.000101024081232,0.0002614195109345,Normal,0.999637484550476,,,0.2838687598705292,0.7161312103271484,,,,,,,,,,,,,,,,,,,,,,,,,,,,,,,,,,
facebook,915a089c-3d9c-d63c-fc3c-1b3fdacaec9c,Mustaqbal Media,9.0,2025-12-14,2025-12-14 09:46:16 UTC,1323.0,8c09ea47-79b4-ea82-45d5-c2469fbc7bdb,75.0,https://www.facebook.com/reel/843813074929984/,10.0,"Guddoomiye Mungaab ""Xamar waa ka gudubtay madax jabis iyo qarax dad badan hal mar ku geeriyoodaan""",,,,,,,,,,,,,,,Somalia,Hate Speech,Hate Speech,Hate Speech,2026-01-15 15:40:46.723151 UTC,2325,,high,,,,,,,,0.0,0.0,0.0,0.0,0.0,0.0,0.0,0.0,0.0,0.0,0.0,0.0,0.0,0.0,0.0,0.0,0.0,0.0,0.0,0.0,1.0,0.0,0.0,0.0,0.0,0.0,0.0,0.0,0.0,0.0,0.0,0.0,0.0,0.0,0.0,0.0,0.0,0.0,0.0,0.0,0.0,0.0,0.0,0.0,,,,,,,,,,,,,,,,,,,,,,0.9994207620620728,0.000186364093679,0.0003929517406504,Normal,0.9994207620620728,,,0.6910295486450195,0.3089704811573028,,,,,,,,,,,,,,,,,,,,,,,,,,,,,,,,,,
x,79474dd0-55e7-6a1b-1f92-871856f1b301,Araweelo2009,0.0,2025-12-14,2025-12-14 12:06:15 UTC,1301.0,c459e6ba-c520-321d-a7dd-38a679403a17,3.0,https://x.com/Araweelo2009/status/2000175501957087424,2.0,Somali kuwalo oday qashin ah 🤣🤣 https://t.co/Bpbihr8ZC2,,,,,,,,,,,,,,,Somalia,Hate Speech,Hate Speech,Hate Speech,2026-01-15 15:40:46.723151 UTC,2325,high,,,,,,,,,0.0,0.0,0.0,0.0,0.0,0.0,0.0,0.0,0.0,0.0,0.0,0.0,0.0,0.0,0.0,0.0,0.0,0.0,0.0,0.0,0.0,0.0,0.0,0.0,0.0,0.0,0.0,0.0,0.0,0.0,0.0,0.0,0.0,0.0,0.0,0.0,0.0,0.0,0.0,0.0,0.0,0.0,0.0,0.0,,,,,,,,,,,,,,,,,,,,,,0.9985204339027404,0.0013782792957499,0.0001012407665257,Normal,0.9985204339027404,,,0.3166217505931854,0.683378279209137,,,,,,,,,,,,,,,,,,,,,,,,,,,,,,,,,,
facebook,11ad141e-a1f6-5323-0cf7-12900a9ebbc8,Tooshka Jigjiga Medina,0.0,2025-12-14,2025-12-14 14:53:25 UTC,1323.0,f48a76d1-ba4a-0168-aa80-58e8f24d1988,0.0,https://www.facebook.com/permalink.php?story_fbid=pfbid034sUAhAb7oATjcoZ4UYk97aULCEEKF6Uc1aEinRadw2iaAXjdhLrfmqy9FFY3bo4bl&id=61584979235620,5.0,"Ciidamada fadaraalka.itobiya ayaa 
Shalay waxay tageen 
Dacawalay laanqayr xarahin iyo goobo kale o 
Deegaanada besha arab ah 

Su aalaha ay dafka.waydiinayeenbwaxay ahayd 
Waala idinka.soo cabtay o waxa la.yidhi ciidamo 
Tigniko wata o Somaliland ka yimid ba na kor fadhiya 

Shacabkiiba ugu jawaabay ciidanka ay sheegayaan 
Soo hela anaku dad abaariysan o xoolohoda ku kala mashquulsan ba nahay waxay shegayan naguma.oogna  balse iyaga ayaa duulan ah oo ciidankii deegaanka e la.wada laha e canshuurtayada cunayay ay waardiyaynayan
Marna u dagalamayan ee iyaga waydiiya sababta ay noo kor fadhiyaan 

Dawladii fadaraalku markay aragtay in aanu hal.nin o qori wataba joogin intay yaabtay bay iska laabatay 

Sidoo kale fadaraalku wuxuu ka balansanyahay 
Oo looga xoolo.qalay oo ay usii socdaan lababaar iyo deeganada habargidir 
Deeganadan o iyagana dacwo laga gudbiyay
Dacwadas o ah waxa na kor fadhiya ciidamo.tigniko wata oo galmudug ka yimid 

Besha Ogadeen ayaa ayaamahanba ku cabaadaysay waxa balamay arab iyo habargidir 
Isku mar in labada dhinac xabada nalagaga dhufto ayaa lagu balamay yoocale iyo shilaabo in isku mar la gubo ayaa lagu balamay
Hada ogow labadan reer ismaba yaqanaan 
Kuna darso lababa iyaga ku duulay
Iyagoo ogadeen dirays gashan ah o mid walba dhibaato u gaystay iyagoo leh dhulka aad dagantihiin baan leenahay e ka guura 
Hadana iyagii baa fadaraal.u dacwooday o leh
Wa nalagu soo duulaya iyagoo ka cabsi qaba wixii ay dadka gaadmada ugu gaysteen in laga soo gudo wa nasiib daro in ay tabartaada iyo ficilkaagu is yeelan wayaan
 Gabadh geesi dhalay.

Cagdheer daasado ayaa u shanqadhaaya",,,,,,,,,,,,,,,Somalia,Hate Speech,Hate Speech,Hate Speech,2026-01-15 15:40:46.723151 UTC,2325,very_high,,,,,,,,,0.0,0.0,0.0,0.0,0.0,0.0,0.0,0.0,0.0,0.0,0.0,0.0,0.0,0.0,0.0,0.0,0.0,0.0,0.0,0.0,0.0,0.0,0.0,0.0,0.0,0.0,0.0,0.0,0.0,0.0,0.0,0.0,0.0,0.0,0.0,0.0,0.0,0.0,0.0,0.0,0.0,0.0,0.0,0.0,,,,,,,,,,,,,,,,,,,,,,0.9996846914291382,0.0001118012369261,0.0002035763318417,Normal,0.9996846914291382,,,0.0309528727084398,0.9690471291542052,,,,,,,,,,,,,,,,,,,,,,,,,,,,,,,,,,
facebook,35e3a38e-955f-3a60-4461-ef8e6022470b,Galmudug Online,93.0,2025-12-14,2025-12-14 15:30:18 UTC,1323.0,e72f2d78-1652-e40e-53af-b5408539ca9b,257.0,https://www.facebook.com/galmudugonline20/posts/pfbid02HxvBcyZ8x2CGJ8rsHr1UWMqnt2mHhzyY79HiRnuuLEaV2Cf9UkhvxFGsS5TvTuVkl,25.0,"#DEGDEG: Horjooge Maleeshiyaad beeleed Fuaad Duqow Ayaa La Soo Warinayaa In Ciidanka Dowlada Oo Ku Sugan Gobolka Shabeelada Hoose Ay Gacanta Ku Dhigeen,kadib Markii Saacado Kooban Uu Dagaal Ku Dhex Maray Deegaano U Dhaw Yaaqbariweyne.

Maleeshiyaad Uu Hogaaminayay Duqow Oo Horay Maxkamada Ciidanka Qalabka Sida Ay Ku Xukuntay Dil Toogasho ah Isagoo Maqane Ah Iyo Ciidanka Dowlada Soomaaliya.

Aragtidaada Nala Wadaag.",,,,,,,,,,,,,,,Somalia,Hate Speech,Hate Speech,Hate Speech,2026-01-15 15:40:46.723151 UTC,2325,high,,,,,,,,,0.0,0.0,0.0,0.0,0.0,0.0,0.0,0.0,0.0,0.0,0.0,0.0,0.0,0.0,0.0,0.0,0.0,0.0,0.0,0.0,0.0,0.0,0.0,0.0,0.0,0.0,0.0,0.0,0.0,0.0,0.0,0.0,0.0,0.0,0.0,0.0,0.0,0.0,0.0,0.0,0.0,0.0,0.0,0.0,,,,,,,,,,,,,,,,,,,,,,0.9997803568840028,0.0001181762490887,0.000101368597825,Normal,0.9997803568840028,,,0.4766481816768646,0.5233518481254578,,,,,,,,,,,,,,,,,,,,,,,,,,,,,,,,,,
facebook,e86ae11b-cb9b-abe6-fc55-d53220f02d3d,Rido Yunianto,1771.0,2025-12-14,2025-12-14 16:30:01 UTC,1323.0,987c1790-6a81-492b-3d10-78272e8bb1ca,1563.0,https://www.facebook.com/permalink.php?story_fbid=pfbid0ctNTTa9Rj4ZbteD1PtpbthyrXKLVKhsCw9sKKBsZ6fygf9JEBhqBQjpDbdyH6NkGl&id=100023498771631,60.0,"I'm using this account just for sharing, my main account has 73k followers.

Rido Yunianto",,,,,,,,,,,,,,,Somalia,Hate Speech,Hate Speech,Hate Speech,2026-01-15 15:40:46.723151 UTC,2325,,very_high,low,low,low,low,low,low,medium,0.0,0.0,0.0,0.0,0.0,0.0,0.0,0.0,0.0,0.0,0.0,0.0,0.0,0.0,0.0,0.0,0.0,0.0,0.0,0.0,0.0,0.0,0.0,0.0,1.0,0.0,0.0,0.0,0.0,0.0,0.0,0.0,0.0,0.0,0.0,0.0,0.0,0.0,0.0,0.0,0.0,0.0,0.0,0.0,,,,,,,,,,,,,,,,,,,,,,0.9983793497085572,0.0013357083080336,0.0002849727170541,Normal,0.9983793497085572,,,0.9761840105056764,0.0238159410655498,,,,,,,,,,,,,,,,,,,,,,,,,,,,,,,,,,
facebook,773e9e69-0985-36e7-c66a-3e3448613087,Umar Farooq,3.0,2025-12-14,2025-12-14 19:20:36 UTC,1323.0,9a3bca74-7818-3076-f36a-1940d615568c,0.0,https://www.facebook.com/permalink.php?story_fbid=pfbid032uEcHB8rii9qVKAtHBvEmx9JRh3Paqgb53yNtSyWeAgCh3co3PbCvdY2TbSxz2Nil&id=100089362165501,0.0,Idk mai ced q hu 🤷🫡,,,,,,,,,,,,,,,Somalia,Hate Speech,Hate Speech,Hate Speech,2026-01-15 15:40:46.723151 UTC,2325,,very_high,low,low,low,low,low,low,medium,0.0,0.0,0.0,0.0,0.0,0.0,0.0,0.0,0.0,0.0,0.0,0.0,0.0,0.0,0.0,0.0,0.0,0.0,0.0,0.0,0.0,0.0,0.0,0.0,0.0,0.0,0.0,0.0,0.0,0.0,0.0,0.0,0.0,0.0,0.0,0.0,0.0,0.0,0.0,0.0,0.0,0.0,0.0,0.0,,,,,,,,,,,,,,,,,,,,,,0.8866920471191406,0.1126234233379364,0.0006845462485216,Normal,0.8866920471191406,,,0.982071578502655,0.0179283916950225,,,,,,,,,,,,,,,,,,,,,,,,,,,,,,,,,,
facebook,fc313353-68eb-2e47-1849-88b821511a04,Ustaz Mohd Al-Amin Bin Daud Al-Azhari,653.0,2025-12-15,2025-12-15 05:14:45 UTC,1323.0,d4fff03a-3232-068d-9137-b9a4f3786acb,484.0,https://www.facebook.com/ustazalamindaud/posts/pfbid02WXTWsjkaG7LtBgaXuJDFsjixwCJGYyD71HrmQn3BJeK3nMomwRX51S45JfMm9AVul,49.0,"Wahhabi Siam berani mengisbatkan jihah (arah) dan tempat bagi Allah. Wahhabi Malaysia pengecut. Padahal itulah aqidah mereka. Kata ikut aqidah Al-Quran dan As-Sunnah, kenapa aqidah kalian berbeza-beza?",,,,,,,,,,,,,,,Somalia,Hate Speech,Hate Speech,Hate Speech,2026-01-15 15:40:46.723151 UTC,2325,very_high,,,,,,,,,0.0,0.0,0.0,0.0,0.0,0.0,0.0,0.0,0.0,0.0,0.0,0.0,0.0,0.0,0.0,0.0,0.0,0.0,0.0,0.0,0.0,0.0,0.0,0.0,0.0,0.0,0.0,0.0,0.0,0.0,0.0,0.0,0.0,0.0,0.0,0.0,0.0,0.0,0.0,0.0,0.0,0.0,0.0,0.0,,,,,,,,,,,,,,,,,,,,,,0.025165420025587,0.019421461969614,0.9554131031036376,Hate,0.9554131031036376,,,0.0622626058757305,0.9377374053001404,,,,,,,,,,,,,,,,,,,,,,,,,,,,,,,,,,
facebook,80a1e6b2-6a5c-3fee-99f1-79d971ff300d,Maxamed Axmed Xaashi,2.0,2025-12-15,2025-12-15 06:22:59 UTC,1323.0,909d2932-ca1f-1c9f-03ad-350dcf118c4f,5.0,https://www.facebook.com/xildhibaandalmar.haashi/posts/pfbid02ivc8eJgVaNaEb2bB8WoJsWtk5rQDTnE3rjHaQ5UoE3vCQnHTZsG35f3HpZn5twhYl,0.0,"Gabay: Dacawalay , 
~Cirkoo furan dhulkoo wada camiran cuudka oo dhalaya
~Dadkoo caafimad wada qaboo hawdka wada ceesha
~Celi Arab iyo ogaadeen tiyoo cuudku wada foofo
~Ceelasha tiyoo laga wada caboo nabadu ceegaagtoo

~Waatii calaamadu dhacdee laysku ciirsadaye
~Cagjar iyo gafaydhaa is biday ciidan farawayne 
~Caska waaga waataad dagaal nagu casayseene 
~Dacawalay cuqaashii fadhiday culimadii diinta
~Caruurtiyo haweenkii markaad caasha soo galisay

●Cadceed dhaca miyaan reer subeer ciiro kaga keenin
●Miyaan haashinoo caranayaa cawda kula goynin 
●Miyaan muusayaal calanka sidin laysma caasiyo'e
●
●Cabdaliyo miyaan reer Cismaan ciida kugu jiidin
●Axmed yuusuf miyaanu kugu cashayn laysma caasiyo'e

~Maantii calaamadu dhacdee lays casaba toogtay
~
~Cuna buurka iyo rayfalkaan kugu cashiireeyey
~Hubka culus markaan kugu rideen cunaha kaa toogtay

●Reer magan markaan wada cuneen caymadka udiiday
●Waatay caliyo haaruun go'een curadadoodiiye
●Cabdilaha catawgii ka baxay cuurki bah xawaadle
●Abraahiimka caatada aheen caymadka udiiday
●Miyaad aragtay nimankii cuslaa caday ma gooyaane
●Cagdheer oo dhan waataan ka dhigay cuudka oo kale
●Dhaantada ragii curin jiree foofin jiray cuudka 
●Cawlyahanba maydkoodibuu cunay waraabuuye
*Miyaa celi la daan-daansadaa ceeb xumaa dhiciye

●Cadad male intuu reer ugaas cunay waraabuuye 
●Waatii curadadiinii la jaray aad ka cararteene 
●Cududihii niyuugaan ka dhigay xuubki caarada'e 
*Miyaa celi la daandaansadaa ceeb xumaa dhiciye",,,,,,,,,,,,,,,Somalia,Hate Speech,Hate Speech,Hate Speech,2026-01-15 15:40:46.723151 UTC,2325,high,,,,,,,,,0.0,0.0,0.0,0.0,0.0,0.0,0.0,0.0,0.0,0.0,0.0,0.0,0.0,0.0,0.0,0.0,0.0,0.0,0.0,0.0,0.0,0.0,0.0,0.0,0.0,0.0,0.0,0.0,0.0,0.0,0.0,0.0,0.0,0.0,0.0,0.0,0.0,0.0,0.0,0.0,0.0,0.0,0.0,0.0,,,,,,,,,,,,,,,,,,,,,,0.9997469782829284,0.0001622773997951,9.073624096345156e-05,Normal,0.9997469782829284,,,0.3197543323040008,0.6802456974983215,,,,,,,,,,,,,,,,,,,,,,,,,,,,,,,,,,
facebook,95467d82-3385-bf41-01cc-a3a830151f9c,Xassan Qawdhan,6.0,2025-12-15,2025-12-15 07:06:55 UTC,1323.0,134bccbc-1291-3670-9f89-20baed17109d,2.0,https://www.facebook.com/xasancabdilaahi.qawdhan/posts/pfbid0pw6c5UabGoXj5vYVZCrsz9JSfA48BVJ8GsepjiC8oUYZvuZkS2ETgskTm6YCsSQJl,1.0,"Dhagarta rag aan ogahay iyo dhamandaadsanaanta Cirro.
----------------------------------------------
Waxay ugu tala galeen in ay magaalo kasta ka shaqeeyaan sidii uu dhiig ugu daadanlahaa magucuna isaga u raaci lahaa.

Markii koobaad waxa bilaabmay madax-jabis, kii markii uu fashilmay waxay u rogeen kicin bulsho.  Waxay ka soo bilaabeen Burco, waxay ku guulaysteen in halkaa dhiig ku daato.  Waxay ku xigsiiyeen Hargaysa gaar ahaan isusoo bixii garoonka Xawaadle oo qorshihiisu ahaa in dhibaato ka dhacdo, kiina may suurtoobin Alxm. 

Waxa xigtay Boorama oo maamlka ina Cirro si fiican looga xaraabaystay, iyadoo shacab badan lagu galaaftay marmarsiiyo laga helay sabab uu leeyahay.

Ugu dambay aroorta 16ka 12aad 2025 waxa la soo qallaynayaa isu soo bixii baaqday bishii 10aad ee Xawaadle, qorshuhu soo dhawayn maahee waa in meeshaa dhiig ku daato, bal se waxaynu eegaynaa in ay xukuumaddii jaanisyada bixin ogayn aroorta jaaniskaa bixiso iyo in faramadhan dirto kuwax nafaha noolnool khudbadihii ay ku tacsiyaynlahaayeen sii diyaarsaday.",,,,,,,,,,,,,,,Somalia,Hate Speech,Hate Speech,Hate Speech,2026-01-15 15:40:46.723151 UTC,2325,,high,,,,,,,,0.0,0.0,0.0,0.0,0.0,0.0,0.0,0.0,0.0,0.0,0.0,0.0,0.0,0.0,0.0,0.0,0.0,0.0,0.0,0.0,0.0,0.0,0.0,0.0,0.0,0.0,0.0,0.0,0.0,0.0,0.0,0.0,0.0,0.0,0.0,0.0,0.0,0.0,0.0,0.0,0.0,0.0,0.0,0.0,,,,,,,,,,,,,,,,,,,,,,0.9987121820449828,0.0001015683301375,0.0011862233513966,Normal,0.9987121820449828,,,0.6754720211029053,0.3245279788970947,,,,,,,,,,,,,,,,,,,,,,,,,,,,,,,,,,
x,ab142d5d-4083-1312-94bc-0e2cc4df7c72,Abuunaisa1,0.0,2025-12-15,2025-12-15 09:13:09 UTC,1301.0,37c0a37c-7127-c9b7-08cb-82b262b6ce3b,0.0,https://x.com/Abuunaisa1/status/2000494327722873144,0.0,"☘️Ya Ubangiji Ina Roqonka Tabbatuwa Cikin Lamura, Da Qulla Niyya Akan Shiriya.🤲

🌹An kar6o daga Abu Hurairah R.A,haqiqa Annabi S.A.W yace :Ya ku taron mata musulmai,kada wata maqociya ta wulaqanta maqociyarta,ko da akan qashin akuya ne mara nama a jikinsa.🌹

Bukhari da Muslim. https://t.co/GCpQd9btzs",,,,,,,,,,,,,,,Somalia,Hate Speech,Hate Speech,Hate Speech,2026-01-15 15:40:46.723151 UTC,2325,high,,,,,,,,,0.0,0.0,0.0,0.0,0.0,0.0,0.0,0.0,0.0,0.0,0.0,0.0,0.0,0.0,0.0,0.0,0.0,0.0,0.0,0.0,0.0,0.0,0.0,0.0,0.0,0.0,0.0,0.0,0.0,0.0,0.0,0.0,0.0,0.0,0.0,0.0,0.0,0.0,0.0,0.0,0.0,0.0,0.0,0.0,,,,,,,,,,,,,,,,,,,,,,0.9996700286865234,0.0002007341972785,0.0001293089153477,Normal,0.9996700286865234,,,0.4828934073448181,0.5171065330505371,,,,,,,,,,,,,,,,,,,,,,,,,,,,,,,,,,
x,5cdec0f8-6648-f946-18ba-6bc28232c449,RadioKulmis,0.0,2025-12-15,2025-12-15 16:26:58 UTC,1318.0,da1ee7fd-bf91-780c-94d5-a20b1e5c1c7a,1.0,https://x.com/RadioKulmis/status/2000603500607123945,0.0,"Just a reminder again-

Lagaroone Kufaar @Abdi_Iftin Noolihii Diinta Islaamka dhibaa, ceebtiisana ma asturan karto 💯💯. #Somalia https://t.co/PAOxjAI3W1",,,,,,,,,,,,,,,Somalia,Hate Speech,Hate Speech,Hate Speech,2026-01-15 15:40:46.723151 UTC,2325,,very_high,,,,,,,,0.0,0.0,0.0,0.0,0.0,0.0,0.0,0.0,0.0,0.0,0.0,0.0,0.0,0.0,0.0,0.0,0.0,0.0,0.0,0.0,0.0,0.0,0.0,0.0,1.0,0.0,0.0,0.0,0.0,0.0,0.0,0.0,0.0,0.0,0.0,0.0,0.0,0.0,0.0,0.0,0.0,0.0,0.0,0.0,,,,,,,,,,,,,,,,,,,,,,0.6240137219429016,0.0004104540566913,0.375575840473175,Normal,0.6240137219429016,,,0.7583262920379639,0.2416736781597137,,,,,,,,,,,,,,,,,,,,,,,,,,,,,,,,,,
facebook,2407f02d-37e9-5232-a282-81584da36b2e,Aaron Stevens,1.0,2025-12-15,2025-12-15 21:01:42 UTC,1323.0,e44373c5-96a1-1724-ab08-f848fede9d84,2.0,https://www.facebook.com/aaron.stevens.22684/posts/pfbid036cvdKSjkFZT4tw2uEsNaKJDBjb6LNxQfD5R9RVj7ap3i6NfRCNhdv2uZXTbmXTUyl,1.0,If someone buys this application for there 4l80... I WILL BUILD IT FOR FREE....YES FREE BECAUSE I WANT TO DO VIDEO N PICTURES.,,,,,,,,,,,,,,,Somalia,Hate Speech,Hate Speech,Hate Speech,2026-01-15 15:40:46.723151 UTC,2325,,very_high,low,low,low,low,low,low,high,0.0,0.0,0.0,0.0,0.0,0.0,0.0,0.0,0.0,0.0,0.0,0.0,0.0,0.0,0.0,0.0,0.0,0.0,0.0,0.0,0.0,0.0,0.0,0.0,0.0,0.0,0.0,0.0,0.0,0.0,0.0,0.0,0.0,0.0,0.0,0.0,0.0,0.0,0.0,0.0,0.0,0.0,0.0,0.0,,,,,,,,,,,,,,,,,,,,,,0.9978204965591432,0.0020410062279552,0.000138512768899,Normal,0.9978204965591432,,,0.9645918607711792,0.0354081280529499,,,,,,,,,,,,,,,,,,,,,,,,,,,,,,,,,,
facebook,ddf06775-1b2e-88c0-ead4-2e34e87462c2,Unicef Zambia,3.0,2025-12-16,2025-12-16 06:06:02 UTC,1323.0,109a2049-948a-ab4d-e302-226fb651cdb4,38.0,https://www.facebook.com/unicefzambia/posts/pfbid0e1ExqxTZBByEZ5TAcoqGYinAfucf6BgeWoMshKPgDfTsVuzHQqyLVEB1aZvAx3UTl,14.0,"The risks facing children—especially in digital spaces—remain very real❗. Gender-based violence is one of these threats, and it demands continued, active action. UNICEF remains firmly committed to protecting every child from online violence and abuse.

Cyberbullying, online harassment, grooming, sextortion, exploitation, and exposure to harmful content continue to grow as serious threats in the digital world.

The newly launched National Child Online Protection Strategy (2025–2029) marks a critical milestone for Zambia 🇿🇲. It strengthens our collective ability to keep children safe online by:

• 🧩 Improving child protection systems for reporting and responding to online abuse
• 📱 Expanding digital literacy for parents, teachers, children and adolescents
• 🤝 Ensuring children with disabilities are fully included and protected

No child or adolescent should suffer in silence. If online harm occurs, help is available:
📞 116 Childline (Toll-Free, 24/7)
📞 933 Lifeline
📞 944 GBV Support

Gender-based violence in digital spaces is real—and our commitment to ending it is ongoing 🔁. Together, we can build a safer digital future for every child 💙✨.

#NoExcuseForOnlineAbuse #EndGBV #UNICEF #JoiningForcesAlliance #ZICTA #COPStrategy2025 #UNiTE #EndDigitalViolence",,,,,,,,,,,,,,,Somalia,Hate Speech,Hate Speech,Hate Speech,2026-01-15 15:40:46.723151 UTC,2325,,very_high,low,low,low,low,low,low,medium,0.0,0.0,0.0,0.0,0.0,0.0,0.0,0.0,0.0,0.0,0.0,0.0,0.0,0.0,0.0,0.0,0.0,0.0,0.0,0.0,0.0,0.0,0.0,0.0,0.0,0.0,0.0,0.0,0.0,0.0,0.0,0.0,0.0,0.0,0.0,0.0,0.0,0.0,0.0,0.0,0.0,0.0,0.0,0.0,,,,,,,,,,,,,,,,,,,,,,0.9995493292808532,0.0002807135751936,0.0001698753912933,Normal,0.9995493292808532,,,0.9581955075263976,0.0418044887483119,,,,,,,,,,,,,,,,,,,,,,,,,,,,,,,,,,
facebook,4ee9004f-aeae-2bb3-1e7c-a11408b366d9,Watoto Australia,53.0,2025-12-16,2025-12-16 08:00:38 UTC,1323.0,33177c8e-4538-9aea-0b21-bd46024e44c9,258.0,https://www.facebook.com/watotoaustralia/posts/pfbid02gKZxE1tBe9pRkwVew1AoRSKvSkecZbawmCEibSUQ9SA9zwWoP3k7MryNCTUXdujsl,3.0,"""Mum was nervous about me travelling to Uganda. Even though she’d met the choir and knew the organisation, she was still concerned for my safety. My best friend was coming with me, which helped—but saying goodbye at the airport still felt surreal. Mum was crying, and I am thinking, “Are we really going to Africa right now?” We arrived at night, but even in the darkness, the drive was eye-opening—so many people wandering the streets, animals on the road, and vendors selling almost everything. We were taken to a large red-brick guesthouse where we spent our first night. The staff were incredibly kind, and they cooked the most delicious meal. The next day, we bought some groceries and headed to Suubi Village, where we would be living for the next month. As soon as you drive into Watoto, you are struck by how organised and lush it is compared to the rest of Kampala. After settling into a house, we shared with another 22-year-old from the USA and completing orientation, we were taken to Baby Watoto. For the next month, I helped in the one-to-eighteen-month room—feeding them, playing with them, and reading to them. I was even able to take one of the smallest babies, Grace, to church. She was so light, and being able to worship while holding such a precious little baby is a moment I will never forget. During our time in Uganda, we attended a local cell group, met families from all over the world, and a neighbourhood mum. She was caring for six children in a tiny shack with no electricity, no running water, and just one mattress that the entire family shared. She had recently joined the program and dreamed of opening her own store. Towards the end of my trip, during worship, I felt the Lord say to me, “What are you going to do with the life I have given you?” I thought about my family, my education, my financial resources, and how much money I spend on things I don’t need. This trip made me rethink my priorities. Life is about people — and in the end, the things we chase will fade. When I think about the future now, even though I am young, I know it’s going to look very different.""
Bella

If you would like more information about volunteering scan the QR code.",,,,,,,,,,,,,,,Somalia,Hate Speech,Hate Speech,Hate Speech,2026-01-15 15:40:46.723151 UTC,2325,,very_high,low,low,low,low,low,low,medium,0.0,0.0,0.0,0.0,0.0,0.0,0.0,0.0,0.0,0.0,0.0,0.0,0.0,0.0,0.0,0.0,0.0,0.0,0.0,0.0,0.0,0.0,0.0,0.0,0.0,0.0,0.0,0.0,0.0,0.0,0.0,0.0,0.0,0.0,0.0,0.0,0.0,0.0,0.0,0.0,0.0,0.0,0.0,0.0,,,,,,,,,,,,,,,,,,,,,,0.9992604851722716,0.0005560375284403,0.000183396419743,Normal,0.9992604851722716,,,0.78811115026474,0.21188884973526,,,,,,,,,,,,,,,,,,,,,,,,,,,,,,,,,,
x,f585013c-93fe-8ffb-355f-78ef24ec5f4d,BiGMo2346,15.0,2025-12-16,2025-12-16 09:27:10 UTC,1318.0,358a6adf-1310-925c-2710-cc0241a293c4,62.0,https://x.com/BiGMo2346/status/2000860240330547407,11.0,President Bihi is back in the country and yes it is political but that happens to be legal in Somaliland. https://t.co/wpLdm3y7C9,,,,,,,,,,,,,,,Somalia,Hate Speech,Hate Speech,Hate Speech,2026-01-15 15:40:46.723151 UTC,2325,,very_high,low,low,low,low,low,low,medium,0.0,0.0,0.0,0.0,0.0,0.0,0.0,0.0,0.0,0.0,0.0,0.0,0.0,0.0,0.0,0.0,0.0,0.0,0.0,0.0,0.0,0.0,0.0,0.0,0.0,0.0,0.0,0.0,0.0,0.0,0.0,0.0,0.0,0.0,0.0,0.0,0.0,0.0,0.0,0.0,0.0,0.0,0.0,0.0,,,,,,,,,,,,,,,,,,,,,,0.9962305426597596,0.003224381012842,0.000545093556866,Normal,0.9962305426597596,,,0.8153619766235352,0.1846380084753036,,,,,,,,,,,,,,,,,,,,,,,,,,,,,,,,,,
facebook,4afe86cb-80c8-05a4-f4ce-0bf08e6d301e,Madar Sports,24.0,2025-12-16,2025-12-16 17:51:13 UTC,1323.0,49350b2d-2924-4b2a-2d6a-f88e2200a3e0,164.0,https://www.facebook.com/permalink.php?story_fbid=pfbid02sDMDkT2QFx4g22xGf8s4pv4hvVFCGt1RkVyFwq5YgwuNCCuBAgaH4mMpY5AAX6tgl&id=100082407806186,1.0,"🚨Latin waa laangaab kaliya Africa ayay dhaaman Raphinha oynu ogayn waxa uu qabtay sanadkii hore hadii uuna ka mid ahayn shaxda FIFA maxaa loo baahan yahay inaad sameyso si aad uga mid noqoto, shardigu waa inaa udhalato Europe ✅️ Bellingham & Palmer 😂

FG: Anigu ma taageero Barça & Raphinha balse aqoonteyda kubadu waxay ii sheegaysa kaliya Dembele ayaa ka horeeyay sanadkii hore waxa uu dheeraana waa kaliya Champions league ✅️

Fikirkaaga adiga oon taageeronimo hadleyn igula wadaag qaybta faalada ee Commentga ✍️",,,,,,,,,,,,,,,Somalia,Hate Speech,Other,Hate Speech,2026-01-15 15:40:46.723151 UTC,2325,,very_high,,,,,,,,0.0,0.0,0.0,1.0,0.0,0.0,0.0,0.0,0.0,0.0,0.0,0.0,0.0,0.0,0.0,0.0,0.0,0.0,0.0,0.0,0.0,0.0,0.0,0.0,0.0,0.0,0.0,0.0,0.0,0.0,0.0,0.0,0.0,0.0,0.0,0.0,0.0,0.0,0.0,0.0,0.0,0.0,0.0,0.0,,,,,,,,,,,,,,,,,,,,,,0.0822749137878418,0.9172038435935974,0.0005212135729379,Abusive,0.9172038435935974,,,0.9245160222053528,0.0754840075969696,,,,,,,,,,,,,,,,,,,,,,,,,,,,,,,,,,
facebook,c6eec090-2755-72fc-89eb-4a912e7deda0,Frank Isac,0.0,2025-12-17,2025-12-17 04:08:05 UTC,1323.0,8a7ff7a4-cbd9-dfb9-26ff-766a7bc902d9,0.0,https://www.facebook.com/frank.isac.56/posts/pfbid02oqeMmGYGcvaGN9Ch6eHriK1P5FshkE6TCe3hUQUcSNci9ajYQzDfBJvAMj1BWxrFl,1.0,"SHUAIB ABDULLAHI: BAD NEWS. You have failed. No one wants to host you, so far.
‘Quran only’ or Hadith-rejectionists (People who reject the Hadith Books) or Mushrik-callers (People who call Muslims Mushriks) -- have not responded whether they will host you in Toronto, Canada.",,,,,,,,,,,,,,,Somalia,Hate Speech,Hate Speech,Hate Speech,2026-01-15 15:40:46.723151 UTC,2325,very_high,,medium,low,low,medium,low,low,medium,0.0,0.0,0.0,0.0,0.0,0.0,0.0,0.0,0.0,0.0,0.0,0.0,0.0,0.0,0.0,0.0,0.0,0.0,0.0,0.0,0.0,0.0,0.0,0.0,1.0,0.0,0.0,0.0,0.0,0.0,0.0,0.0,0.0,0.0,0.0,0.0,0.0,0.0,0.0,0.0,0.0,0.0,0.0,0.0,,,,,,,,,,,,,,,,,,,,,,0.0050851386040449,0.9910420179367064,0.0038727605715394,Abusive,0.9910420179367064,,,0.0820234417915344,0.9179766178131104,,,,,,,,,,,,,,,,,,,,,,,,,,,,,,,,,,
x,197d998e-8bd4-9998-0c62-9c32b3a19d05,Adam_Mow,0.0,2025-12-17,2025-12-17 08:26:56 UTC,1318.0,c369856d-693c-929d-24e4-c7d8ca5ed5ad,1.0,https://x.com/Adam_Mow/status/2001207470513881220,0.0,H.g madaxweyne beesha caalamku uma ogola ineey kusoo baxaan sababtoo ah waa dad xadaarad dagaal leh sheekada xalane waa lasoo afjari lahaa lkn dad an aminsaneen in gaal la.aantiis aan la noolan karin baa somalia aalaaba madax ka noqda👇 https://t.co/TaIllkxOAh,,,,,,,,,,,,,,,Somalia,Hate Speech,Violent Extremism,Hate Speech,2026-01-15 15:40:46.723151 UTC,2325,very_high,,,,,,,,,0.0,0.0,0.0,0.0,0.0,0.0,0.0,0.0,0.0,0.0,0.0,0.0,0.0,0.0,0.0,0.0,0.0,0.0,0.0,0.0,0.0,0.0,0.0,0.0,1.0,0.0,0.0,0.0,0.0,0.0,0.0,0.0,0.0,0.0,0.0,0.0,0.0,0.0,0.0,0.0,0.0,0.0,0.0,0.0,,,,,,,,,,,,,,,,,,,,,,0.999562442302704,0.0001266822800971,0.0003109059471171,Normal,0.999562442302704,,,0.0243428479880094,0.9756571054458618,,,,,,,,,,,,,,,,,,,,,,,,,,,,,,,,,,
facebook,0572715c-c9a2-0451-4d6b-f8a24a48ccd8,Abdullahi Yusuf Xaaji Mideeye,108.0,2025-12-17,2025-12-17 08:27:23 UTC,1323.0,ba9f7946-7709-5a01-65b5-53c625b02855,63.0,https://www.facebook.com/abdilahi.yusuf/posts/pfbid02n3TYZvXGxQB2EPaKq4zvwn2bRXZWRFVL7FRmeEEGxMazt3JQbSTYq8MebLMUkyg2l,0.0,"Laangaab hadaad Maqasho Waa Dadka Iska Dhalka ah Ee Aan Xaafad kale u talabayn

Admin KHaalid Buux",,,,,,,,,,,,,,,Somalia,Hate Speech,Other,Hate Speech,2026-01-15 15:40:46.723151 UTC,2325,high,,,,,,,,,0.0,0.0,0.0,1.0,0.0,0.0,0.0,0.0,0.0,0.0,0.0,0.0,0.0,0.0,0.0,0.0,0.0,0.0,0.0,0.0,0.0,0.0,0.0,0.0,0.0,0.0,0.0,0.0,0.0,0.0,0.0,0.0,0.0,0.0,0.0,0.0,0.0,0.0,0.0,0.0,0.0,0.0,0.0,0.0,,,,,,,,,,,,,,,,,,,,,,0.1984767466783523,0.799897313117981,0.0016258913092315,Abusive,0.799897313117981,,,0.4011083245277405,0.5988916754722595,,,,,,,,,,,,,,,,,,,,,,,,,,,,,,,,,,
facebook,bb921caf-9715-1d78-8f56-b03c31e2ce4b,Fardousa Ceelaabe,15.0,2025-12-17,2025-12-17 09:43:13 UTC,1323.0,a507a47a-bbb3-1fd1-6f9a-fe3d6f305f5e,5.0,https://www.facebook.com/zakiyabintu.mahmed/posts/pfbid02rSgYBZLaZ8UVctBBpGLxH67YW4WFg7zAKfogr25mA6jUQB9RN1eRZTNi93CAgerEl,0.0,"Maantun baan is ogaaday inaan laangaab ahay 😭 
Carruurtaydun aan u hiiliyo🥱😹",,,,,,,,,,,,,,,Somalia,Hate Speech,Hate Speech,Hate Speech,2026-01-15 15:40:46.723151 UTC,2325,,high,,,,,,,,0.0,0.0,0.0,1.0,0.0,0.0,0.0,0.0,0.0,0.0,0.0,0.0,0.0,0.0,0.0,0.0,0.0,0.0,0.0,0.0,0.0,0.0,0.0,0.0,0.0,0.0,0.0,0.0,0.0,0.0,0.0,0.0,0.0,0.0,0.0,0.0,0.0,0.0,0.0,0.0,0.0,0.0,0.0,0.0,,,,,,,,,,,,,,,,,,,,,,0.9979986548423768,0.0018344260752201,0.0001668630284257,Normal,0.9979986548423768,,,0.7413921356201172,0.2586078643798828,,,,,,,,,,,,,,,,,,,,,,,,,,,,,,,,,,
facebook,f40474ef-1357-892f-5a03-706246be6594,Zain A,6.0,2025-12-17,2025-12-17 11:02:13 UTC,1323.0,39ce69e7-7b1e-9f8e-478b-c6f1d1036c6f,4.0,https://www.facebook.com/groups/763284271246995/posts/1935300834045327/,0.0,Sekte paling ugal2an emang wahabiyun. Udah tau dicap nabi sebagai tanduk setan tapi tetap jadi wahabiyun.,,,,,,,,,,,,,,,Somalia,Hate Speech,Hate Speech,Hate Speech,2026-01-15 15:40:46.723151 UTC,2325,very_high,,,,,,,,,0.0,0.0,0.0,0.0,0.0,0.0,0.0,0.0,0.0,0.0,0.0,0.0,0.0,0.0,0.0,0.0,0.0,0.0,0.0,0.0,0.0,0.0,0.0,0.0,0.0,0.0,0.0,0.0,0.0,0.0,0.0,0.0,0.0,0.0,0.0,0.0,0.0,0.0,0.0,0.0,0.0,0.0,0.0,0.0,,,,,,,,,,,,,,,,,,,,,,0.901363492012024,0.0160325076431036,0.0826039463281631,Normal,0.901363492012024,,,0.0497991628944873,0.950200855731964,,,,,,,,,,,,,,,,,,,,,,,,,,,,,,,,,,
facebook,5a823205-3b15-ba76-c0ae-57a8e5f7ff53,Syed Zain Ul Hassan,0.0,2025-12-17,2025-12-17 12:32:00 UTC,1323.0,c3fbf273-28fe-3d22-bb48-24f08bb61bc5,2.0,https://www.facebook.com/reel/1379780883848195/,2.0,"Jo Allah ki utaari hui SHARRIYYAT k mutabiq faisla nahe krte, wohi tou mushrik hain!

Al- Quran 📖",,,,,,,,,,,,,,,Somalia,Hate Speech,Hate Speech,Hate Speech,2026-01-15 15:40:46.723151 UTC,2325,high,,,,,,,,,0.0,0.0,0.0,0.0,0.0,0.0,0.0,0.0,0.0,0.0,0.0,0.0,0.0,0.0,0.0,0.0,0.0,0.0,0.0,0.0,0.0,0.0,0.0,0.0,1.0,0.0,0.0,0.0,0.0,0.0,0.0,0.0,0.0,0.0,0.0,0.0,0.0,0.0,0.0,0.0,0.0,0.0,0.0,0.0,,,,,,,,,,,,,,,,,,,,,,0.9863656759262084,0.0107204914093017,0.0029138189274817,Normal,0.9863656759262084,,,0.4482147991657257,0.5517851710319519,,,,,,,,,,,,,,,,,,,,,,,,,,,,,,,,,,
facebook,13d65801-917b-b73e-8f84-7a97ddcf2177,Abdirashiid Khaliif Xareed,0.0,2025-12-17,2025-12-17 14:34:44 UTC,1323.0,15d97f25-8860-c44e-3bf5-0d3b2511c57b,0.0,https://www.facebook.com/groups/629748809894638/posts/714454354757416/,0.0,"Suufi saliib iyo mulxid xor ah ileen waa hal qof Catoosh Maxamed
Sidaan maxay ahayd nin marna kiristan ah marna mulxid ah hadana qadiyad iyo aragti ka hadlaya",,,,,,,,,,,,,,,Somalia,Hate Speech,Other,Hate Speech,2026-01-15 15:40:46.723151 UTC,2325,very_high,,,,,,,,,0.0,1.0,0.0,0.0,0.0,0.0,0.0,0.0,0.0,0.0,0.0,0.0,0.0,0.0,0.0,0.0,0.0,0.0,0.0,0.0,0.0,0.0,0.0,0.0,1.0,0.0,0.0,0.0,0.0,0.0,0.0,0.0,0.0,0.0,0.0,0.0,0.0,0.0,0.0,0.0,0.0,0.0,0.0,0.0,,,,,,,,,,,,,,,,,,,,,,0.9989218711853028,0.0010037494357675,7.438137981807813e-05,Normal,0.9989218711853028,,,0.040791530162096,0.9592084884643556,,,,,,,,,,,,,,,,,,,,,,,,,,,,,,,,,,
facebook,7dad075f-f8eb-0ed0-61fc-2254d154da73,Taliye Shabeelo,13.0,2025-12-17,2025-12-17 20:05:52 UTC,1323.0,080a5d36-4e5b-49e2-5bb2-dd1026ddbf89,2.0,https://www.facebook.com/groups/3369924019957970/posts/4283560458594317/,80.0,"Shir Somalia loogu arinsanaayo waxa ka Hadli karo qof dadka somaliyeed u damqanaayo maanta jubland oo dhan Waxa ka dhigtay hal kismaayo dadka walalaha ee somaliyeed  Ee jubland kula dega Waxaad u ogolaan waysay ineey Markooda madaxweyne ka noqdaan si ee dadkooda fursad Ugu Halaan iney u adeegaan
markaasa ka Hadleysaa. 20milyan oo somali ah Inaad masiirkoda ka hadasho

Shimbirayohow Heesa Weeye Wixiinu Lakin Caawa Waxaa Ayaan Daran Raga Kismaayo Kugula shiraya adiga oo Argigixiso ah ee Weliba Talo kaa waydiinaya Masiirka Umada Soomaaliyeed 14 years aad Jubaland Afgembi ku haysataa markaas baad rabtaa in aad Dowladnimo inooga sheekayso.

Waxaas waxaa ka sii daran puntland oo 27sanno iyo ka badan jirta oo adiga ku soo dhistay ayaa maanta kolba dhinac u jeedineysaa Axmed madoowe diba qalooc ayaa nagu noqotay ina adeerow doqonteyna noo daa hadaa rabi taqaan.",,,,,,,,,,,,,,,Somalia,Hate Speech,Hate Speech,Hate Speech,2026-01-15 15:40:46.723151 UTC,2325,very_high,,,,,,,,,1.0,0.0,0.0,0.0,0.0,0.0,0.0,0.0,0.0,0.0,0.0,0.0,0.0,0.0,0.0,0.0,0.0,0.0,0.0,0.0,0.0,0.0,0.0,0.0,0.0,0.0,0.0,0.0,0.0,0.0,0.0,0.0,0.0,0.0,0.0,0.0,0.0,0.0,0.0,0.0,0.0,0.0,0.0,0.0,,,,,,,,,,,,,,,,,,,,,,0.0099475672468543,0.9889933466911316,0.0010591176105663,Abusive,0.9889933466911316,,,0.1424383074045181,0.8575616478919983,,,,,,,,,,,,,,,,,,,,,,,,,,,,,,,,,,
facebook,535f80d3-5b8e-4e04-9bc6-2438565ed765,Hajji Nazirr Khadar Cumar,0.0,2025-12-17,2025-12-17 20:27:38 UTC,1323.0,7b5e9b6f-8bfc-01f0-b3d3-65daa43dd017,3.0,https://www.facebook.com/cabdinaasir.ipnukhadar.1/posts/pfbid0t4AfLGHpfrGZuL4c9UB5zzxe4H3pWMhYUfPJwDguXfnvzwjRkgDE29rRrRzAqKNCl,0.0,"Gabay: Dacawalay , 
~Cirkoo furan dhulkoo wada camiran cuudka oo dhalaya
~Dadkoo caafimad wada qaboo hawdka wada ceesha
~Celi Arab iyo ogaadeen tiyoo cuudku wada foofo
~Ceelasha tiyoo laga wada caboo nabadu ceegaagtoo

~Waatii calaamadu dhacdee laysku ciirsadaye
~Cagjar iyo gafaydhaa is biday ciidan farawayne 
~Caska waaga waataad dagaal nagu casayseene 
~Dacawalay cuqaashii fadhiday culimadii diinta
~Caruurtiyo haweenkii markaad caasha soo galisay

●Cadceed dhaca miyaan reer subeer ciiro kaga keenin
●Miyaan abokor muuse o  caranayaa cawda kula goynin 
●Miyaan muusayaal calanka sidin laysma caasiyo'e
●
●Cabdaliyo miyaan reer Cismaan ciida kugu jiidin
●Axmed yuusuf miyaanu kugu cashayn laysma caasiyo'e

~Maantii calaamadu dhacdee lays casaba toogtay
~
~Cuna buurka iyo rayfalkaan kugu cashiireeyey
~Hubka culus markaan kugu rideen cunaha kaa toogtay

●Reer magan markaan wada cuneen caymadka udiiday
●Waatay caliyo haaruun go'een curadadoodiiye
●Cabdilaha catawgii ka baxay cuurki bah xawaadle
●Abraahiimka caatada aheen caymadka udiiday
●Miyaad aragtay nimankii cuslaa caday ma gooyaane
●Cagdheer oo dhan waataan ka dhigay cuudka oo kale
●Dhaantada ragii curin jiree foofin jiray cuudka 
●Cawlyahanba maydkoodibuu cunay waraabuuye
*Miyaa samane la daan-daansadaa ceeb xumaa dhiciye
●Cadad male intuu reer ugaas cunay waraabuuye 
●Waatii curadadiinii la jaray aad ka cararteene 
●Cududihii niyuugaan ka dhigay xuubki caarada'e 
*Miyaa celi la daandaansadaa ceeb xumaa dhiciye

QR Amin Amin Jama",,,,,,,,,,,,,,,Somalia,Hate Speech,Hate Speech,Hate Speech,2026-01-15 15:40:46.723151 UTC,2325,high,,,,,,,,,0.0,0.0,0.0,0.0,0.0,0.0,0.0,0.0,0.0,0.0,0.0,0.0,0.0,0.0,0.0,0.0,0.0,0.0,0.0,0.0,0.0,0.0,0.0,0.0,0.0,0.0,0.0,0.0,0.0,0.0,0.0,0.0,0.0,0.0,0.0,0.0,0.0,0.0,0.0,0.0,0.0,0.0,0.0,0.0,,,,,,,,,,,,,,,,,,,,,,0.9997426867485046,0.0001676936662988,8.958182297647e-05,Normal,0.9997426867485046,,,0.308374673128128,0.6916252970695496,,,,,,,,,,,,,,,,,,,,,,,,,,,,,,,,,,
facebook,3ac3efa7-6e11-fee9-addb-2d6110c989d8,Celtic Ancestry Gifts,0.0,2025-12-17,2025-12-17 21:45:38 UTC,1323.0,df94b9b8-e98b-b6ac-130f-bd34026f57d1,1.0,https://www.facebook.com/reel/739689339175039/,0.0,"Embrace the warmth of family traditions this holiday season. Our Choose Any Irish Coat of Arms Ceramic Christmas Ornament celebrates your heritage, transforming your tree into a tapestry of memories with every glance. Each ornament is a beautiful representation of your clan pride, perfect for sharing stories and adding a personal touch to your festive decor.

Discover your clan today.

#CelticHeritage #IrishClans #FamilyTraditions #Ancestry #ChristmasOrnaments #HeritageGifts #ClanPride

Shop Now https://celticancestrygifts.com/products/choose-any-irish-coat-of-arms-cereamic-christmas-ornament-4085142",,,,,,,,,,,,,,,Somalia,Hate Speech,Hate Speech,Hate Speech,2026-01-15 15:40:46.723151 UTC,2325,,very_high,low,low,low,low,low,low,high,0.0,0.0,0.0,0.0,0.0,0.0,0.0,0.0,0.0,0.0,0.0,0.0,0.0,0.0,0.0,0.0,0.0,0.0,0.0,0.0,0.0,0.0,0.0,0.0,0.0,0.0,0.0,0.0,0.0,0.0,0.0,0.0,0.0,0.0,0.0,0.0,0.0,0.0,0.0,0.0,0.0,0.0,0.0,0.0,,,,,,,,,,,,,,,,,,,,,,0.9996707439422609,0.0001795740099623,0.0001496453187428,Normal,0.9996707439422609,,,0.9719465374946594,0.0280534327030181,,,,,,,,,,,,,,,,,,,,,,,,,,,,,,,,,,
x,a7602e09-ddb2-d14a-e113-9645998538f5,ajama105,29.0,2025-12-17,2025-12-17 21:59:54 UTC,1318.0,3d02610c-610e-db24-e588-1349162213c7,101.0,https://x.com/ajama105/status/2001412062614872191,14.0,"Check this clown 😂😂

All the zoos are talking like this nowadays 

@haadka @westtoeastt https://t.co/H6LmuFfL4s",,,,,,,,,,,,,,,Somalia,Hate Speech,Hate Speech,Hate Speech,2026-01-15 15:40:46.723151 UTC,2325,very_high,,medium,low,medium,low,low,low,medium,0.0,0.0,0.0,0.0,0.0,0.0,0.0,0.0,0.0,0.0,0.0,0.0,0.0,0.0,0.0,0.0,0.0,0.0,0.0,0.0,0.0,0.0,0.0,0.0,0.0,0.0,0.0,0.0,0.0,0.0,0.0,0.0,0.0,0.0,0.0,0.0,0.0,0.0,0.0,0.0,0.0,0.0,0.0,0.0,,,,,,,,,,,,,,,,,,,,,,0.6122713088989258,0.3796825408935547,0.0080460822209715,Normal,0.6122713088989258,,,0.0342024452984333,0.965797483921051,,,,,,,,,,,,,,,,,,,,,,,,,,,,,,,,,,
x,400fbe7c-f295-d5c5-ce72-636ade1a5f68,AbdikarinBundi1,0.0,2025-12-18,2025-12-18 04:26:00 UTC,1301.0,3cdab790-bf45-e45f-7119-fb88a376599c,1.0,https://x.com/AbdikarinBundi1/status/2001509227123110184,0.0,"Labbadan shaqsi waxay Somalia ka dhigeen Dal Qashin ah. Waa labbadda hortaagan in Qarran Soomàaliyeed oo Dunnidda laga tixgaliyo unkamo. Bal ka warran haddaan ku dhaho waxaaba loo uunkay iney wax Dummiyaan, oo aysan wax dhisin. Sheekh Shariif ayagaa dumiyey, Xassan Sheekh ayagaa https://t.co/8Kucjim3NJ",,,,,,,,,,,,,,,Somalia,Hate Speech,Hate Speech,Hate Speech,2026-01-15 15:40:46.723151 UTC,2325,high,,,,,,,,,0.0,0.0,0.0,0.0,0.0,0.0,0.0,0.0,0.0,0.0,0.0,0.0,0.0,0.0,0.0,0.0,0.0,0.0,0.0,0.0,0.0,0.0,0.0,0.0,0.0,0.0,0.0,0.0,0.0,0.0,0.0,0.0,0.0,0.0,0.0,0.0,0.0,0.0,0.0,0.0,0.0,0.0,0.0,0.0,,,,,,,,,,,,,,,,,,,,,,0.0001765380147844,0.0003771830524783,0.9994462132453918,Hate,0.9994462132453918,,,0.2623093724250793,0.7376906871795654,,,,,,,,,,,,,,,,,,,,,,,,,,,,,,,,,,
x,fac4e4ba-a32d-f337-12e5-11564f4a64f1,Muuse_35,0.0,2025-12-18,2025-12-18 04:41:19 UTC,1301.0,0aa12147-4830-b0f5-8f9d-51d7a80a10e3,0.0,https://x.com/Muuse_35/status/2001513081571000325,0.0,"Oromo qashin ah bal meeqo dhul Soomaaliyeed Ku darsatay dhulkeeda Oromo fulaynimo qashin isku darsatay 
Wax walba Caay xun wy is taahilaan naclatullah 🤬🤬🤬🤬 https://t.co/lPTj7KOAi3",,,,,,,,,,,,,,,Somalia,Hate Speech,Hate Speech,Hate Speech,2026-01-15 15:40:46.723151 UTC,2325,very_high,,,,,,,,,0.0,0.0,0.0,0.0,0.0,0.0,0.0,0.0,0.0,0.0,0.0,0.0,0.0,0.0,0.0,0.0,0.0,0.0,0.0,0.0,0.0,0.0,0.0,0.0,0.0,0.0,0.0,0.0,0.0,0.0,0.0,0.0,0.0,0.0,0.0,0.0,0.0,0.0,0.0,0.0,0.0,0.0,0.0,0.0,,,,,,,,,,,,,,,,,,,,,,0.0552090592682361,0.766067385673523,0.1787236034870147,Abusive,0.766067385673523,,,0.0136674884706735,0.9863324761390686,,,,,,,,,,,,,,,,,,,,,,,,,,,,,,,,,,
facebook,2e94209e-e05f-0ea9-3d47-836903b69981,Codka Caqliga,2.0,2025-12-18,2025-12-18 06:19:18 UTC,1323.0,ccb5cc37-f81a-4dba-d0f9-33762a640bc0,6.0,https://www.facebook.com/permalink.php?story_fbid=pfbid0Y7XJ3otkJvgi8aLsPxPDGdjUaG6GWE87MvjxUWfpfSXXzUzkhX7VpaARqiZ2fjvVl&id=61581701867937,1.0,"WAA MAXAY MICNAHA MOORYAAN?

""Magacan Mooryaanta la yidhaahdo ee Af-soomaaliga soo galey markii ay duntay dowladii garab-ku-daaqa ahayd ee askartu, dabadeedna ay dawlad la'aan iyo xaqqaa maquuqoo iyo garab-ku-daaq soomaaliya oo dhan ka dillaacay. Ereyga Mooryaan hadaa dib ugu noqdo waxa uu salka ku hayaa sida sheekada Xuunshadii lagu yidhi: Maanad arkayn baaleydii iyo boocleydiiba maanta wey maqanyihiine? Ay tidhi; Tolow xagee la qabtay?! ee lagu yidhi: baroordiiqdii nebiga geeridiisa ayaa lagu maqan yahay. Ay tidhi; markuu nebigu noolaaba xaarkaan cuni jirey, imikana ninka halkaa ka kacaya ayaan sugayaaye ha i habsaaninina.

Mooryaantu maalinba heer bay ahaayeen. Mar waa kuwii sokeeyaha gacalkooda ah la dirirayey ee libinta ka raadinayey. Mar waa kuwii markii lala dagaalamayey dawladii Milletariga ee kuwa guryo-noqodka ahi caruurta iyo maatada baadayey ee boobayey. Mar waa kuwii garab ku-taaglayaasha dunida ee xoogga la bidayo ee maanta mooyee aan barri la maqli doonin hoos galeyey ee ka doorbidayey dalkoodii iyo dadnnimadoodii iyo karaamadoodii iyo alle-barigiiba, inay iyaga(garab ku-kutaaglayaasha) baryaan oo  u haysata inay taagayn doonaanoo oo ay xoojjin doonaanoo oo aan xoogg lagu dhici karin oo waaraya siin doonaan, Mooryaantu maanta halkaasay marayaan.  Maalinba ninbaa mooryaana. Ninkii Jannada laga waayo ayaa mooryaana"" - professor Saalax Jaamac 

(""Maalinba ninbaa Mooryaana. Ninkii Jannada laga waayo ayaa mooryaana "").  Waa sarbeeb uu professor-ku  ku tilmaamayo in xattaa kuwa hadda jooga ee madax-lamoodka ahi ay Mooryaan yihiin waana runtii.
 
  ✍️ Codka Caqliga",,,,,,,,,,,,,,,Somalia,Hate Speech,Hate Speech,Hate Speech,2026-01-15 15:40:46.723151 UTC,2325,very_high,,,,,,,,,0.0,0.0,0.0,0.0,0.0,0.0,0.0,0.0,0.0,0.0,0.0,0.0,0.0,0.0,0.0,0.0,0.0,0.0,0.0,0.0,0.0,0.0,0.0,0.0,0.0,0.0,0.0,0.0,0.0,0.0,0.0,0.0,0.0,0.0,0.0,0.0,0.0,0.0,0.0,0.0,0.0,0.0,0.0,0.0,,,,,,,,,,,,,,,,,,,,,,0.9994505047798156,0.0003978311724495,0.0001516469928901,Normal,0.9994505047798156,,,0.154236614704132,0.8457633852958679,,,,,,,,,,,,,,,,,,,,,,,,,,,,,,,,,,
facebook,65acf115-1b1e-9224-f223-1791cb21baf1,ILQAWLE,0.0,2025-12-18,2025-12-18 08:33:27 UTC,1323.0,6e759617-357f-248d-509c-67cfb6288b07,1.0,https://www.facebook.com/ilqawle/posts/pfbid028LJo96SpVmgJUUjQ4YDfcQKrqHRbBAnS3LkX2vHwQekarFKtzfHJda4gxenUtp2nl,0.0,CIISE WAA MUNAAFIQ OGAAS KOODA GANDAHOODA .SHEEKHODA . MADAXWEYNAHOODA IYO SALALAAGOODA 🤣🤣🤣,,,,,,,,,,,,,,,Somalia,Hate Speech,Hate Speech,Hate Speech,2026-01-15 15:40:46.723151 UTC,2325,,high,,,,,,,,0.0,0.0,0.0,0.0,0.0,0.0,0.0,0.0,0.0,0.0,0.0,0.0,0.0,0.0,0.0,0.0,0.0,0.0,0.0,0.0,0.0,0.0,0.0,0.0,0.0,0.0,0.0,0.0,0.0,0.0,0.0,0.0,0.0,0.0,0.0,0.0,0.0,0.0,0.0,0.0,0.0,0.0,0.0,0.0,,,,,,,,,,,,,,,,,,,,,,0.9996188879013062,0.0002233442646684,0.0001578074734425,Normal,0.9996188879013062,,,0.6963621377944946,0.3036378622055053,,,,,,,,,,,,,,,,,,,,,,,,,,,,,,,,,,
facebook,4a52d5af-0b05-d544-5cbd-24376ea021cf,Comrades Usman,3.0,2025-12-18,2025-12-18 11:41:55 UTC,1323.0,8068eeaa-e473-0324-c341-f3b14d967c20,5.0,https://www.facebook.com/groups/727526119118768/posts/1348860433651997/,0.0,"EZI ESUSU CLAN – PRIDE OF GOOD CHARACTER

In Egbira land, the name Ezi Esusu stands as a symbol of honor, unity, and compassion.
We are known not by loud words, but by upright character, respect for humanity, and service to one another.

