platform,post_author_id,post_author_name_pi,post_comment_count,post_date,post_datetime,post_gather_id,post_id,post_like_count,post_link_pi,post_share_count,post_text_pi,comment_author_id,comment_author_name_pi,comment_date,comment_datetime,comment_gather_id,comment_id,comment_like_count,comment_link_pi,comment_parent_post_id,comment_replied_to_id,comment_text_pi,tiktok_post_plays,x_comment_is_quote,x_comment_is_reply,country,gather_topic,content_topic,primary_topic,phoenix_processed_at,phoenix_job_run_id,prob_afxumo,prob_not_afxumo,prob_toxicity,prob_severe_toxicity,prob_insult,prob_identity_attack,prob_threat,prob_sexually_explicit,prob_flirtation,topic_COUNTER_VE_LABELS,topic_HS_ANTI_FOREIGN,topic_HS_CASTE_RACISM,topic_HS_CLAN_HIERARCHY,topic_HS_CLAN_TARGETING,topic_HS_DEHUMANISATION_TARGETING,topic_HS_DEHUMANISE_MEDIA_TRUST,topic_HS_FACTIONAL_ATTACKS_AND_BETRAYAL,topic_HS_GBOV_GENDERED,topic_PEACE_CALLS_FOR_PEACE,topic_PEACE_INDIGENOUS_MECHANISMS,topic_PEACE_MEDIA_LITERACY_COUNTER_RUMOUR,topic_PEACE_RECONCILIATION_FORGIVENESS,topic_PEACE_TRADITIONAL_MEDIATION,topic_PEACE_UNITY_HEALING,topic_PEACE_WOMEN_VICTIM_SURVIVOR_VOICES,topic_RM_ATROCITY_PLANNING_RUMOURS,topic_VE_ATROCITY_AERIAL_AND_ATTACKS,topic_VE_CODED_YOUTH_REFERENCES,topic_VE_MILITIA_MOBILISATION,topic_VE_OPERATIONAL_ESCALATION,topic_VE_RECRUITMENT_COERCION,topic_VE_RELIGIOUS_JUSTIFICATION,topic_VE_SELF_REFERENCE_TERMS,topic_VE_TAKFIR_DEHUMANISE,topic_counter_disinfo_correction,topic_delegitimisation_anti_state,topic_explicit_violence_or_attack,topic_gendered_hate_or_humiliation,topic_grievance_victimhood,topic_interfaith_peace,topic_misdisinfo_rumour_conspiracy,topic_peace_cohesion_counter,topic_reconciliation_forgiveness,topic_religious_justification_takfir,topic_retaliation_mobilisation,topic_sectarian_or_religious_incitement,topic_sexualised_harm_or_humiliation,topic_unity_cohesion,topic_ve_attack_tactics,topic_ve_crossborder_diaspora,topic_ve_group_branding,topic_ve_propaganda_recruitment,topic_ve_recruitment_or_hijrah,topic_HS_MTN_CODED_METAPHOR_REVIEW,topic_RM_FINANCING_REQUESTS,topic_VE_ARABIC_PEACE_OR_WAR_TERMS_REVIEW,topic_VE_FINANCING_COORDINATION,topic_direct_threats_intimidation,topic_doxxing_or_personal_data_cues,topic_ve_bayah_affiliation,topic_HS_MILITARISATION_STEREOTYPE_MATHIANG_ANYOR,topic_VE_SECURITY_DELEGITIMATION_SPY_CLAIMS,topic_PEACE_HASHTAG_CAMPAIGNS,topic_nonviolence_deescalation,topic_expulsion_or_ethnic_cleansing_cues,topic_PEACE_ORG_REFERENCES,topic_PEACE_SYMBOLIC_SLOGANS,topic_HS_ETHNIC_SCAPEGOATING_JIENGE_CLUSTER,topic_HS_NATIONAL_IDENTITY_ANTI_ARAB_FRAMING,topic_HS_REGIONALISM_KOKORA,topic_HS_RETURN_DIASPORA_STIGMA,topic_coded_slurs_ethnic,topic_hate_slurs_or_coded,topic_identity_incitement_dehumanisation,EA_HS_Normal,EA_HS_Abusive,EA_HS_Hate,EA_HS_pred,EA_HS_conf,Polarization_Kenya_not_polarization,Polarization_Kenya_polarization,Afxumo_Somali_not_afxumo,Afxumo_Somali_afxumo,HateSpeech_Sudan_not_hate_speech,HateSpeech_Sudan_hate_speech,HateSpeech_Sudan_pred,HateSpeech_Sudan_conf,post_author_category,post_author_class,post_author_description_pi,post_author_followers_count,post_author_location,post_author_link_pi,post_class,comment_author_class,comment_class,facebook_video_views,x_post_retweeted_id,post_id_parent,post_text_pi_parent,post_author_id_parent,post_author_name_pi_parent,post_date_parent,post_datetime_parent,post_gather_id_parent,post_like_count_parent,post_share_count_parent,post_comment_count_parent,post_link_pi_parent,post_author_category_parent,post_author_class_parent,post_class_parent,platform_post,Polarization_Kenya_pred,Polarization_Kenya_conf,Afxumo_Somali_pred,Afxumo_Somali_conf
x,75c99eb3-40be-73c6-59e2-d80cfc164651,SouthSudan_Net,1.0,2014-09-28,2014-09-28 05:54:55 UTC,1308.0,7274f39b-a864-1a94-cddf-44b8a832ae31,0.0,https://x.com/SouthSudan_Net/status/516103740193927168,0.0,Get your #Africa facts right: websites seek to stem flow of misinformation http://t.co/pJNhnEokSN via @guardian,,,,,,,,,,,,,,,South Sudan,Peace,Hate Speech,Peace,2026-01-15 15:40:46.723151 UTC,2325,,very_high,low,low,low,low,low,low,medium,,,,,,0.0,,,,0.0,0.0,0.0,0.0,,0.0,0.0,0.0,0.0,0.0,0.0,,0.0,0.0,0.0,0.0,0.0,0.0,0.0,0.0,0.0,0.0,1.0,0.0,0.0,0.0,0.0,0.0,0.0,0.0,0.0,0.0,0.0,0.0,0.0,0.0,0.0,0.0,0.0,,0.0,,,,0.0,0.0,,,,,,,,,,,0.9993938207626344,0.0003575500159058,0.000248630385613,Normal,0.9993938207626344,,,,,0.999272882938385,0.0007271565846167,not_hate_speech,0.999272882938385,,,,,,,,,,,,,,,,,,,,,,,,,,,,,,
x,c7695021-b81d-5aa3-4d69-afe3808388c7,samirasawlani,3.0,2016-07-10,2016-07-10 14:10:55 UTC,1308.0,e1b5363c-8056-93db-ddb3-babdb9c22a9b,19.0,https://x.com/samirasawlani/status/752143064618110976,42.0,"Situation in South Sudan is complex-pls verify what u tweet &amp; quote ur sources.
Misinformation causes chaos &amp; can cost lives.",,,,,,,,,,,,,,,South Sudan,Peace,Hate Speech,Peace,2026-01-15 15:40:46.723151 UTC,2325,,very_high,low,low,low,low,low,low,medium,,,,,,0.0,,,,0.0,0.0,0.0,0.0,,0.0,0.0,0.0,0.0,0.0,0.0,,0.0,0.0,0.0,0.0,1.0,0.0,0.0,0.0,0.0,0.0,1.0,0.0,0.0,0.0,0.0,0.0,0.0,0.0,0.0,0.0,0.0,0.0,0.0,0.0,0.0,0.0,0.0,,0.0,,,,0.0,0.0,,,,,,,,,,,0.9989124536514282,0.0007815353455953,0.0003060373128391,Normal,0.9989124536514282,,,,,0.9992468357086182,0.0007532113813795,not_hate_speech,0.9992468357086182,,,,,,,,,,,,,,,,,,,,,,,,,,,,,,
x,9eefabf9-4b92-f044-15d4-6dcd0ad64249,defyhatenow,0.0,2016-07-10,2016-07-10 22:37:46 UTC,1308.0,a96d1807-fa02-ba71-0eca-d3d3c0bb117e,0.0,https://x.com/defyhatenow/status/752270616754065408,0.0,"Re: verify info to counter online incitement @jokmadut""Every misinformation can cost a life""https://t.co/BpeVIQ8Wav #defyhatenow #SouthSudan",,,,,,,,,,,,,,,South Sudan,Peace,Hate Speech,Peace,2026-01-15 15:40:46.723151 UTC,2325,,very_high,low,low,low,low,low,low,low,,,,,,0.0,,,,0.0,0.0,0.0,0.0,,0.0,0.0,0.0,0.0,0.0,0.0,,0.0,0.0,0.0,0.0,1.0,0.0,0.0,0.0,0.0,0.0,1.0,0.0,0.0,0.0,0.0,0.0,0.0,0.0,0.0,0.0,0.0,0.0,0.0,0.0,0.0,0.0,0.0,,0.0,,,,0.0,0.0,,,,,,,,,,,0.9984930753707886,0.0010090899886563,0.000497817818541,Normal,0.9984930753707886,,,,,0.9992177486419678,0.0007822911138646,not_hate_speech,0.9992177486419678,,,,,,,,,,,,,,,,,,,,,,,,,,,,,,
x,4d9af704-32ff-c52e-e02c-cc0dd70ecdb2,News_CRN,0.0,2017-07-07,2017-07-07 06:47:52 UTC,1308.0,ecce5bb8-d28b-26ca-1397-bfaab81ae2e7,0.0,https://x.com/News_CRN/status/883215976468238336,0.0,Youth in Ezo County of Tombura State are calling upon the citizens to forget about past situation and focus on unity and reconciliation.,,,,,,,,,,,,,,,South Sudan,Peace,Hate Speech,Peace,2026-01-15 15:40:46.723151 UTC,2325,,very_high,low,low,low,low,low,low,low,,,,,,0.0,,,,0.0,0.0,0.0,1.0,,1.0,0.0,0.0,0.0,0.0,0.0,,0.0,0.0,0.0,0.0,0.0,0.0,0.0,0.0,0.0,0.0,0.0,1.0,1.0,0.0,0.0,0.0,0.0,0.0,0.0,0.0,0.0,0.0,0.0,0.0,0.0,0.0,0.0,,0.0,,,,0.0,0.0,,,,,,,,,,,0.9994558691978456,0.000408857158618,0.0001352801482426,Normal,0.9994558691978456,,,,,0.99823260307312,0.0017673224210739,not_hate_speech,0.99823260307312,,,,,,,,,,,,,,,,,,,,,,,,,,,,,,
x,15da2412-4361-ab7c-d3e4-e837405680b7,leneiser,0.0,2017-07-07,2017-07-07 18:21:34 UTC,1308.0,7b63f485-5c7a-d01c-586c-19156af02d01,0.0,https://x.com/leneiser/status/883390550509932546,0.0,@BellPottinger All the money you got from Gupta's should be used by you to run a reconciliation and unity campaign in SA,,,,,,,,,,,,,,,South Sudan,Peace,Hate Speech,Peace,2026-01-15 15:40:46.723151 UTC,2325,,very_high,low,low,low,low,low,low,medium,,,,,,0.0,,,,0.0,0.0,0.0,1.0,,1.0,0.0,0.0,0.0,0.0,0.0,,0.0,0.0,0.0,0.0,0.0,0.0,0.0,0.0,0.0,0.0,0.0,1.0,1.0,0.0,0.0,0.0,0.0,0.0,0.0,0.0,0.0,0.0,0.0,0.0,0.0,0.0,0.0,,0.0,,,,0.0,0.0,,,,,,,,,,,0.996045172214508,0.0036008986644446,0.000353990093572,Normal,0.996045172214508,,,,,0.999195158481598,0.0008048878517001,not_hate_speech,0.999195158481598,,,,,,,,,,,,,,,,,,,,,,,,,,,,,,
x,f8c0223d-bec1-63fd-95f8-0c2d0087e143,NxGenSS,1.0,2017-07-08,2017-07-08 10:49:36 UTC,1308.0,aaf7b75b-70fc-fa58-0336-e765dfbbbdf8,4.0,https://x.com/NxGenSS/status/883639196635869184,1.0,"Talking about reconciliation and legal accountability, @benygmabor. #NxGenSouthSudan #SouthSudan #SSYLF https://t.co/yEQVJo7DoX",,,,,,,,,,,,,,,South Sudan,Peace,Peace,Peace,2026-01-15 15:40:46.723151 UTC,2325,,very_high,low,low,low,low,low,low,medium,,,,,,0.0,,,,0.0,0.0,0.0,1.0,,0.0,0.0,0.0,0.0,0.0,0.0,,0.0,0.0,0.0,0.0,0.0,0.0,0.0,0.0,0.0,0.0,0.0,1.0,1.0,0.0,0.0,0.0,0.0,0.0,0.0,0.0,0.0,0.0,0.0,0.0,0.0,0.0,0.0,,0.0,,,,0.0,0.0,,,,,,,,,,,0.9995459914207458,0.0002581866865511,0.0001957878121174,Normal,0.9995459914207458,,,,,0.9989616870880128,0.0010383075568825,not_hate_speech,0.9989616870880128,,,,,,,,,,,,,,,,,,,,,,,,,,,,,,
x,018cd365-63a6-20b8-8506-35f5c709a20c,SLAYDRIC,0.0,2017-07-08,2017-07-08 19:44:26 UTC,1308.0,34505088-10d7-5c88-f86a-b5a275d756ab,1.0,https://x.com/SLAYDRIC/status/883773791599566848,2.0,GUYS on était jeunes à l'époque de ce clash. Je propose une réconciliation avec Arthur. UNITY IS STRONGER THAN HATE.,,,,,,,,,,,,,,,South Sudan,Peace,Hate Speech,Peace,2026-01-15 15:40:46.723151 UTC,2325,very_high,,,,,,,,,,,,,,0.0,,,,0.0,0.0,0.0,0.0,,1.0,0.0,0.0,0.0,0.0,0.0,,0.0,0.0,0.0,0.0,0.0,0.0,0.0,0.0,0.0,0.0,0.0,0.0,0.0,0.0,0.0,0.0,0.0,0.0,0.0,0.0,0.0,0.0,0.0,0.0,0.0,0.0,0.0,,0.0,,,,0.0,0.0,,,,,,,,,,,0.6088538765907288,0.3596868515014648,0.0314592830836772,Normal,0.6088538765907288,,,,,0.9989516735076904,0.001048358506523,not_hate_speech,0.9989516735076904,,,,,,,,,,,,,,,,,,,,,,,,,,,,,,
x,25501f5a-823e-acfd-66be-3ca99d33bfcf,JonTyson,1.0,2017-07-09,2017-07-09 02:51:01 UTC,1308.0,a7dec960-b454-8c4e-181d-3f9c9fdfd9bc,15.0,https://x.com/JonTyson/status/883881145145978880,1.0,"Ephesians 4 : 1-16 tomorrow.

I've got doctrine, unity, reconciliation, mission, spiritual gifts, maturity.

I've got 5 sermons in 1 :)",,,,,,,,,,,,,,,South Sudan,Peace,Hate Speech,Peace,2026-01-15 15:40:46.723151 UTC,2325,,high,low,low,low,low,low,low,medium,,,,,,0.0,,,,0.0,0.0,0.0,1.0,,1.0,0.0,0.0,0.0,0.0,0.0,,0.0,0.0,0.0,0.0,0.0,0.0,0.0,0.0,0.0,0.0,0.0,1.0,1.0,0.0,0.0,0.0,0.0,0.0,0.0,0.0,0.0,0.0,0.0,0.0,0.0,0.0,0.0,,0.0,,,,0.0,0.0,,,,,,,,,,,0.9996458292007446,0.0002491222403477,0.0001049611746566,Normal,0.9996458292007446,,,,,0.9980362057685852,0.0019637874793261,not_hate_speech,0.9980362057685852,,,,,,,,,,,,,,,,,,,,,,,,,,,,,,
x,fb3e4da8-6d58-8c0a-cf87-44597ac72979,weare_threaded,0.0,2017-07-10,2017-07-10 21:00:39 UTC,1308.0,f0c12fc2-3a23-38d5-5e51-e72719f06833,0.0,https://x.com/weare_threaded/status/884517748658909189,0.0,"""May we who belong to God’s family...find our unity in Christ as the truest definition of our lives."" New blog: https://t.co/iBGKbvcI1D https://t.co/OxMOZjYtG8",,,,,,,,,,,,,,,South Sudan,Peace,Hate Speech,Peace,2026-01-15 15:40:46.723151 UTC,2325,,high,low,low,low,low,low,low,medium,,,,,,0.0,,,,0.0,0.0,0.0,0.0,,1.0,0.0,0.0,0.0,0.0,0.0,,0.0,0.0,0.0,0.0,0.0,0.0,0.0,0.0,0.0,0.0,0.0,0.0,0.0,0.0,0.0,0.0,0.0,0.0,0.0,0.0,0.0,0.0,0.0,0.0,0.0,0.0,0.0,,0.0,,,,0.0,0.0,,,,,,,,,,,0.9996366500854492,0.0002587284834589,0.0001045864191837,Normal,0.9996366500854492,,,,,0.9984753727912904,0.0015245925169438,not_hate_speech,0.9984753727912904,,,,,,,,,,,,,,,,,,,,,,,,,,,,,,
x,4a2dc111-cef9-ac1f-9806-008c8ebf5545,HealingTheHart,0.0,2017-07-10,2017-07-10 23:04:01 UTC,1308.0,554864bf-c8e5-bcd0-a446-3571fccf8bf7,0.0,https://x.com/HealingTheHart/status/884548794716696579,0.0,"The unifying theme of Scripture is unity in love. Unity in God, unity thru reconciliation, unity in the Body of Christ",,,,,,,,,,,,,,,South Sudan,Peace,Peace,Peace,2026-01-15 15:40:46.723151 UTC,2325,,very_high,low,low,low,low,low,low,low,,,,,,0.0,,,,0.0,0.0,0.0,1.0,,1.0,0.0,0.0,0.0,0.0,0.0,,0.0,0.0,0.0,0.0,0.0,0.0,0.0,0.0,0.0,0.0,0.0,1.0,1.0,0.0,0.0,0.0,0.0,0.0,0.0,0.0,0.0,0.0,0.0,0.0,0.0,0.0,0.0,,0.0,,,,0.0,0.0,,,,,,,,,,,0.9995935559272766,0.0002846436400432,0.0001218125034938,Normal,0.9995935559272766,,,,,0.9987115859985352,0.0012883744202554,not_hate_speech,0.9987115859985352,,,,,,,,,,,,,,,,,,,,,,,,,,,,,,
x,e77cb37f-9058-5be2-bffe-379ff5887fe6,tligquotes,1.0,2017-07-11,2017-07-11 10:26:30 UTC,1308.0,957d1817-e922-cd69-4fb7-fb379765b00e,7.0,https://x.com/tligquotes/status/884720547883618304,3.0,"Jesus: ""pray for unity, reconciliation and the revival of My Church; be one in My Name;"" January 19, 1995",,,,,,,,,,,,,,,South Sudan,Peace,Hate Speech,Peace,2026-01-15 15:40:46.723151 UTC,2325,,very_high,low,low,low,low,low,low,low,,,,,,0.0,,,,0.0,0.0,0.0,1.0,,1.0,0.0,0.0,0.0,0.0,0.0,,0.0,0.0,0.0,0.0,0.0,0.0,0.0,0.0,0.0,0.0,0.0,1.0,1.0,0.0,0.0,0.0,0.0,0.0,0.0,0.0,0.0,0.0,0.0,0.0,0.0,0.0,0.0,,0.0,,,,0.0,0.0,,,,,,,,,,,0.9995813965797424,0.0002928025205619,0.000125869657495,Normal,0.9995813965797424,,,,,0.9988149404525756,0.0011850422015413,not_hate_speech,0.9988149404525756,,,,,,,,,,,,,,,,,,,,,,,,,,,,,,
x,d462270c-d39a-843f-e3dc-4871285e9ff9,ICTYnews,0.0,2017-07-11,2017-07-11 13:12:34 UTC,1308.0,e11ae784-3d86-a97c-0367-7b9f70fe00e3,3.0,https://x.com/ICTYnews/status/884762339681198080,4.0,#ICTY #PresAgius says in Srebrenica: “Truth should serve as a catalyst of unity for BiH  in shared goal of reconciliation”,,,,,,,,,,,,,,,South Sudan,Peace,Hate Speech,Peace,2026-01-15 15:40:46.723151 UTC,2325,,very_high,low,low,low,low,low,low,medium,,,,,,0.0,,,,0.0,0.0,0.0,1.0,,1.0,0.0,0.0,0.0,0.0,0.0,,0.0,0.0,0.0,0.0,0.0,0.0,0.0,0.0,0.0,0.0,0.0,1.0,1.0,0.0,0.0,0.0,0.0,0.0,0.0,0.0,0.0,0.0,0.0,0.0,0.0,0.0,0.0,,0.0,,,,0.0,0.0,,,,,,,,,,,0.9996638298034668,0.000200115784537,0.0001360660680802,Normal,0.9996638298034668,,,,,0.9992509484291076,0.0007490005227737,not_hate_speech,0.9992509484291076,,,,,,,,,,,,,,,,,,,,,,,,,,,,,,
x,f7c8ff71-090b-d3a9-e051-92b3e94c82a0,synonymywords,0.0,2017-07-11,2017-07-11 14:44:44 UTC,1308.0,41634d2b-51eb-e8f3-5d15-5aaf6901c4eb,0.0,https://x.com/synonymywords/status/884785535155224576,1.0,"propose, move, touch, match, gibe, match, coincide, agree, harmony, reconcile, balance, symmetry, concord, unity, union, ..., mesh",,,,,,,,,,,,,,,South Sudan,Peace,Other,Peace,2026-01-15 15:40:46.723151 UTC,2325,,very_high,low,low,low,low,low,low,medium,,,,,,0.0,,,,0.0,0.0,0.0,0.0,,1.0,0.0,0.0,0.0,0.0,0.0,,0.0,0.0,0.0,0.0,0.0,0.0,0.0,0.0,0.0,0.0,0.0,0.0,0.0,0.0,0.0,0.0,0.0,0.0,0.0,0.0,0.0,0.0,0.0,0.0,0.0,0.0,0.0,,0.0,,,,0.0,0.0,,,,,,,,,,,0.998610258102417,0.0010583241237327,0.0003313580236863,Normal,0.998610258102417,,,,,0.6515787243843079,0.3484213352203369,not_hate_speech,0.6515787243843079,,,,,,,,,,,,,,,,,,,,,,,,,,,,,,
x,f4573055-7405-63ec-77fa-54e8501e8669,ronivey,1.0,2017-07-11,2017-07-11 15:22:08 UTC,1308.0,5f16c80a-ebb5-58a3-e4c4-1d691d2b90b1,0.0,https://x.com/ronivey/status/884794948180201473,0.0,@Joel_Searby @PaulNiland Not up 2 speed on pol landscape in Ukraine but witnessed frmr PM Tymoshenko &amp; her arch enemy reconcile. I hope that's good 4 #unity &amp; #peace,,,,,,,,,,,,,,,South Sudan,Peace,Peace,Peace,2026-01-15 15:40:46.723151 UTC,2325,high,,low,low,low,low,low,low,medium,,,,,,0.0,,,,0.0,0.0,0.0,0.0,,1.0,0.0,0.0,0.0,0.0,0.0,,0.0,0.0,0.0,0.0,0.0,0.0,0.0,0.0,0.0,0.0,0.0,0.0,0.0,0.0,0.0,0.0,0.0,0.0,0.0,0.0,0.0,0.0,0.0,0.0,0.0,0.0,0.0,,0.0,,,,0.0,0.0,,,,,,,,,,,0.9988641738891602,0.0008127990295179,0.0003230879665352,Normal,0.9988641738891602,,,,,0.998748779296875,0.0012512065004557,not_hate_speech,0.998748779296875,,,,,,,,,,,,,,,,,,,,,,,,,,,,,,
x,a963fad4-aa16-95b7-b7d8-29238ccfabbe,nwbibleAZ,0.0,2017-07-11,2017-07-11 15:34:35 UTC,1308.0,fa8ad352-d00a-1b80-0589-dad8c0d5d4e5,1.0,https://x.com/nwbibleAZ/status/884798081094397952,0.0,"Father, you've made me an ambassador of reconciliation. Thru your spirit, give me the courage to pursue it #seasonofprayer #unity",,,,,,,,,,,,,,,South Sudan,Peace,Hate Speech,Peace,2026-01-15 15:40:46.723151 UTC,2325,,very_high,low,low,low,low,low,low,low,,,,,,0.0,,,,0.0,0.0,0.0,1.0,,1.0,0.0,0.0,0.0,0.0,0.0,,0.0,0.0,0.0,0.0,0.0,0.0,0.0,0.0,0.0,0.0,0.0,1.0,1.0,0.0,0.0,0.0,0.0,0.0,0.0,0.0,0.0,0.0,0.0,0.0,0.0,0.0,0.0,,0.0,,,,0.0,0.0,,,,,,,,,,,0.9995588660240172,0.0003192949516233,0.0001217948229168,Normal,0.9995588660240172,,,,,0.9989681243896484,0.0010319120483472,not_hate_speech,0.9989681243896484,,,,,,,,,,,,,,,,,,,,,,,,,,,,,,
x,15d2cd5a-f982-e51b-cd14-c69bd0a7ec7c,OfficeofABC,8.0,2017-07-11,2017-07-11 17:00:01 UTC,1308.0,32ca5cd7-a872-9ee5-76b0-9cef9ae5ae17,121.0,https://x.com/OfficeofABC/status/884819580169965568,74.0,Honour to meet @UN Deputy Sec-General @AminaJMohammed today to discuss the #SouthSudan conflict and the Church's role in #reconciliation. https://t.co/rMvVMXkiQg,,,,,,,,,,,,,,,South Sudan,Peace,Other,Peace,2026-01-15 15:40:46.723151 UTC,2325,,very_high,low,low,low,low,low,low,low,,,,,,0.0,,,,0.0,0.0,0.0,1.0,,0.0,0.0,0.0,0.0,0.0,0.0,,0.0,0.0,0.0,0.0,0.0,0.0,0.0,0.0,0.0,0.0,0.0,1.0,1.0,0.0,0.0,0.0,0.0,0.0,0.0,0.0,0.0,0.0,0.0,0.0,0.0,0.0,0.0,,0.0,,,,0.0,0.0,,,,,,,,,,,0.999661922454834,0.0002221157046733,0.0001159566018031,Normal,0.999661922454834,,,,,0.9992000460624696,0.0007999406661838,not_hate_speech,0.9992000460624696,,,,,,,,,,,,,,,,,,,,,,,,,,,,,,
x,22dd36a8-733b-8335-fd10-694be5178340,MegKinnardAP,0.0,2017-07-11,2017-07-11 19:58:46 UTC,1308.0,af2adb40-34d5-bce6-4f5c-d86ffa754764,1.0,https://x.com/MegKinnardAP/status/884864561219854339,1.0,BOOK BUDDIES: New joint memoir on reconciliation coming in 2018 by SC's political pals Tim Scott &amp; Trey Gowdy. https://t.co/UZdDQ3WV4Y https://t.co/cOzPmVhitt,,,,,,,,,,,,,,,South Sudan,Peace,Hate Speech,Peace,2026-01-15 15:40:46.723151 UTC,2325,,very_high,low,low,low,low,low,low,medium,,,,,,0.0,,,,0.0,0.0,0.0,1.0,,0.0,0.0,0.0,0.0,0.0,0.0,,0.0,0.0,0.0,0.0,0.0,0.0,0.0,0.0,0.0,0.0,0.0,1.0,1.0,0.0,0.0,0.0,0.0,0.0,0.0,0.0,0.0,0.0,0.0,0.0,0.0,0.0,0.0,,0.0,,,,0.0,0.0,,,,,,,,,,,0.9994596838951112,0.0003958937595598,0.0001443670189473,Normal,0.9994596838951112,,,,,0.9991167187690736,0.0008832995663397,not_hate_speech,0.9991167187690736,,,,,,,,,,,,,,,,,,,,,,,,,,,,,,
x,d5ccff0c-01c8-bbc4-ff82-47e543b832d2,foxcarolinanews,0.0,2017-07-11,2017-07-11 20:10:34 UTC,1308.0,363c0e18-b858-f357-3de1-6d26296cd6ad,2.0,https://x.com/foxcarolinanews/status/884867532594827264,0.0,"SC's Scott, Gowdy pen joint memoir on reconciliation, unity https://t.co/qtBiAP5EXA",,,,,,,,,,,,,,,South Sudan,Peace,Other,Peace,2026-01-15 15:40:46.723151 UTC,2325,,very_high,low,low,low,low,low,low,high,,,,,,0.0,,,,0.0,0.0,0.0,1.0,,1.0,0.0,0.0,0.0,0.0,0.0,,0.0,0.0,0.0,0.0,0.0,0.0,0.0,0.0,0.0,0.0,0.0,1.0,1.0,0.0,0.0,0.0,0.0,0.0,0.0,0.0,0.0,0.0,0.0,0.0,0.0,0.0,0.0,,0.0,,,,0.0,0.0,,,,,,,,,,,0.9994159936904908,0.0004052984004374,0.0001786606007954,Normal,0.9994159936904908,,,,,0.9990634322166444,0.0009365638834424,not_hate_speech,0.9990634322166444,,,,,,,,,,,,,,,,,,,,,,,,,,,,,,
x,fac58038-3d1c-2d7e-3a47-7d7ce658a528,WLTX,0.0,2017-07-11,2017-07-11 23:41:01 UTC,1308.0,018ef321-b484-413a-7e52-32b4e70aedae,0.0,https://x.com/WLTX/status/884920495493312513,0.0,"Scott, Gowdy Pen Joint Memoir on Reconciliation, Unity https://t.co/8Ae0K1UuYD #scpol #scnews #sctweets https://t.co/WgywVLgTe3",,,,,,,,,,,,,,,South Sudan,Peace,Peace,Peace,2026-01-15 15:40:46.723151 UTC,2325,,very_high,low,low,low,low,low,low,medium,,,,,,0.0,,,,0.0,0.0,0.0,1.0,,1.0,0.0,0.0,0.0,0.0,0.0,,0.0,0.0,0.0,0.0,0.0,0.0,0.0,0.0,0.0,0.0,0.0,1.0,1.0,0.0,0.0,0.0,0.0,0.0,0.0,0.0,0.0,0.0,0.0,0.0,0.0,0.0,0.0,,0.0,,,,0.0,0.0,,,,,,,,,,,0.9993627667427064,0.0003848031628876,0.0002524589071981,Normal,0.9993627667427064,,,,,0.9990422129631042,0.0009577125892974,not_hate_speech,0.9990422129631042,,,,,,,,,,,,,,,,,,,,,,,,,,,,,,
x,7fb74059-7ca0-13d7-e7a8-0977b744b5f8,crc_ffm,0.0,2017-07-12,2017-07-12 01:00:17 UTC,1308.0,bdc63b27-8804-6450-2956-6434b3cc8fae,1.0,https://x.com/crc_ffm/status/884940443380838400,0.0,"In this article, Shiao Chong editor for @crcbanner, articulates Reformed understanding of unity &amp; reconciliation: https://t.co/KbZ3OdMXl4 https://t.co/8xmMj6cZgl",,,,,,,,,,,,,,,South Sudan,Peace,Peace,Peace,2026-01-15 15:40:46.723151 UTC,2325,,very_high,low,low,low,low,low,low,medium,,,,,,0.0,,,,0.0,0.0,0.0,1.0,,1.0,0.0,0.0,0.0,0.0,0.0,,0.0,0.0,0.0,0.0,0.0,0.0,0.0,0.0,0.0,0.0,0.0,1.0,1.0,0.0,0.0,0.0,0.0,0.0,0.0,0.0,0.0,0.0,0.0,0.0,0.0,0.0,0.0,,0.0,,,,0.0,0.0,,,,,,,,,,,0.9994183778762816,0.0002420718665234,0.0003395724925212,Normal,0.9994183778762816,,,,,0.998759150505066,0.0012408219045028,not_hate_speech,0.998759150505066,,,,,,,,,,,,,,,,,,,,,,,,,,,,,,
x,322d69f7-af6d-cee6-e95d-6bdc10519bd9,WSAV,0.0,2017-07-12,2017-07-12 09:36:33 UTC,1308.0,abf077ab-d1a5-4928-49df-b1d387469886,0.0,https://x.com/WSAV/status/885070366732951556,0.0,"SC's Scott, Gowdy pen joint memoir on reconciliation, unity https://t.co/bS3TZB4JLU via @WSAV",,,,,,,,,,,,,,,South Sudan,Peace,Hate Speech,Peace,2026-01-15 15:40:46.723151 UTC,2325,,very_high,low,low,low,low,low,low,medium,,,,,,0.0,,,,0.0,0.0,0.0,1.0,,1.0,0.0,0.0,0.0,0.0,0.0,,0.0,0.0,0.0,0.0,0.0,0.0,0.0,0.0,0.0,0.0,0.0,1.0,1.0,0.0,0.0,0.0,0.0,0.0,0.0,0.0,0.0,0.0,0.0,0.0,0.0,0.0,0.0,,0.0,,,,0.0,0.0,,,,,,,,,,,0.9994569420814514,0.0003541768819559,0.0001888675906229,Normal,0.9994569420814514,,,,,0.9991212487220764,0.000878803723026,not_hate_speech,0.9991212487220764,,,,,,,,,,,,,,,,,,,,,,,,,,,,,,
x,3ad9cd69-f18f-434e-f59e-fea0a8dca22b,lharte1040,0.0,2017-07-12,2017-07-12 13:33:10 UTC,1308.0,ea9fbfc1-806c-1981-d20b-b47bab84529c,0.0,https://x.com/lharte1040/status/885129910578237440,0.0,Only when lv for unity outpaces lv for self will we cre8 opportunities 4 mningfl racial reconciliation. @JemarTisby https://t.co/EikC1ICRzO,,,,,,,,,,,,,,,South Sudan,Peace,Hate Speech,Peace,2026-01-15 15:40:46.723151 UTC,2325,,high,low,low,low,low,low,low,medium,,,,,,0.0,,,,0.0,0.0,0.0,1.0,,1.0,0.0,0.0,0.0,0.0,0.0,,0.0,0.0,0.0,0.0,0.0,0.0,0.0,0.0,0.0,0.0,0.0,1.0,1.0,0.0,0.0,0.0,0.0,0.0,0.0,0.0,0.0,0.0,0.0,0.0,0.0,0.0,0.0,,0.0,,,,0.0,0.0,,,,,,,,,,,0.9955427050590516,0.0015414176741614,0.002915937686339,Normal,0.9955427050590516,,,,,0.9978265166282654,0.0021734745241701,not_hate_speech,0.9978265166282654,,,,,,,,,,,,,,,,,,,,,,,,,,,,,,
x,d429782b-8b7f-f11f-eaf9-6fe18861fc7e,AfricaUpClose,0.0,2017-07-12,2017-07-12 13:50:53 UTC,1308.0,9ea9604a-a408-792b-a9b6-391a022923c8,0.0,https://x.com/AfricaUpClose/status/885134370050383872,1.0,"Rwanda took the path of building unity, reconciliation, &amp; accountability following the genocide @fmasabo #PeacebuildingWhatWorks",,,,,,,,,,,,,,,South Sudan,Peace,Hate Speech,Peace,2026-01-15 15:40:46.723151 UTC,2325,,high,low,low,low,low,low,low,medium,,,,,,0.0,,,,0.0,0.0,0.0,1.0,,1.0,0.0,0.0,0.0,0.0,0.0,,0.0,0.0,0.0,0.0,0.0,0.0,0.0,0.0,0.0,0.0,0.0,1.0,1.0,0.0,0.0,0.0,0.0,0.0,0.0,0.0,0.0,0.0,0.0,0.0,0.0,0.0,0.0,,0.0,,,,0.0,0.0,,,,,,,,,,,0.9992856383323668,0.0004873034486081,0.0002270506665809,Normal,0.9992856383323668,,,,,0.9990921020507812,0.0009079060400836,not_hate_speech,0.9990921020507812,,,,,,,,,,,,,,,,,,,,,,,,,,,,,,
x,fac58038-3d1c-2d7e-3a47-7d7ce658a528,WLTX,0.0,2017-07-12,2017-07-12 14:00:58 UTC,1308.0,21280eb4-527d-e6fb-13b3-50652e9f471a,0.0,https://x.com/WLTX/status/885136907268698113,0.0,"Scott, Gowdy Pen Joint Memoir on Reconciliation, Unity https://t.co/d4CfzdufBT 

#scgov #scpol #scnews #sctweets https://t.co/Nu0d0DB7jH",,,,,,,,,,,,,,,South Sudan,Peace,Hate Speech,Peace,2026-01-15 15:40:46.723151 UTC,2325,,very_high,low,low,low,low,low,low,medium,,,,,,0.0,,,,0.0,0.0,0.0,1.0,,1.0,0.0,0.0,0.0,0.0,0.0,,0.0,0.0,0.0,0.0,0.0,0.0,0.0,0.0,0.0,0.0,0.0,1.0,1.0,0.0,0.0,0.0,0.0,0.0,0.0,0.0,0.0,0.0,0.0,0.0,0.0,0.0,0.0,,0.0,,,,0.0,0.0,,,,,,,,,,,0.9993894100189208,0.0003622854710556,0.0002482743293512,Normal,0.9993894100189208,,,,,0.999037742614746,0.0009622510406188,not_hate_speech,0.999037742614746,,,,,,,,,,,,,,,,,,,,,,,,,,,,,,
x,06980931-ec13-a14e-98d0-6cc41bfe91e8,olaotinwa,0.0,2017-07-12,2017-07-12 17:01:27 UTC,1308.0,b5924363-b3c7-43d2-7a5e-c5545d5bff1e,1.0,https://x.com/olaotinwa/status/885182329336938496,1.0,KASHAMU CONGRATULATES MAKARFI…CALLS FOR UNITY &amp; RECONCILIATION https://t.co/sYk1gRW2Pk https://t.co/0pX5KAEZiD,,,,,,,,,,,,,,,South Sudan,Peace,Hate Speech,Peace,2026-01-15 15:40:46.723151 UTC,2325,,very_high,low,low,low,low,low,low,medium,,,,,,0.0,,,,0.0,0.0,0.0,1.0,,1.0,0.0,0.0,0.0,0.0,0.0,,0.0,0.0,0.0,0.0,0.0,0.0,0.0,0.0,0.0,0.0,0.0,1.0,1.0,0.0,0.0,0.0,0.0,0.0,0.0,0.0,0.0,0.0,0.0,0.0,0.0,0.0,0.0,,0.0,,,,0.0,0.0,,,,,,,,,,,0.9996600151062012,0.0001537708449177,0.0001862967619672,Normal,0.9996600151062012,,,,,0.9992258548736572,0.0007740989676676,not_hate_speech,0.9992258548736572,,,,,,,,,,,,,,,,,,,,,,,,,,,,,,
x,df771b30-c819-2dcb-e44a-aef228a97493,Sen_Kashamu,2.0,2017-07-12,2017-07-12 17:48:35 UTC,1308.0,5182ca76-2610-12c5-6f01-36f6f18aaad3,7.0,https://x.com/Sen_Kashamu/status/885194188777816069,2.0,KASHAMU CONGRATULATES MAKARFI…CALLS FOR UNITY &amp; RECONCILIATION https://t.co/grSYxm1yT1,,,,,,,,,,,,,,,South Sudan,Peace,Peace,Peace,2026-01-15 15:40:46.723151 UTC,2325,,very_high,low,low,low,low,low,low,high,,,,,,0.0,,,,0.0,0.0,0.0,1.0,,1.0,0.0,0.0,0.0,0.0,0.0,,0.0,0.0,0.0,0.0,0.0,0.0,0.0,0.0,0.0,0.0,0.0,1.0,1.0,0.0,0.0,0.0,0.0,0.0,0.0,0.0,0.0,0.0,0.0,0.0,0.0,0.0,0.0,,0.0,,,,0.0,0.0,,,,,,,,,,,0.9996957778930664,0.0001435520098311,0.0001607013255124,Normal,0.9996957778930664,,,,,0.9992715716362,0.0007284133462235,not_hate_speech,0.9992715716362,,,,,,,,,,,,,,,,,,,,,,,,,,,,,,
x,8422e88a-a9c3-2c0a-efc2-c6c9a44f986f,omoilu_sw,0.0,2017-07-12,2017-07-12 17:50:01 UTC,1308.0,42f2fb97-782d-af7f-3f5d-cba76d4dd8b3,0.0,https://x.com/omoilu_sw/status/885194549727047682,0.0,KASHAMU CONGRATULATES MAKARFI…CALLS FOR UNITY &amp; RECONCILIATION https://t.co/P78ocORVjo,,,,,,,,,,,,,,,South Sudan,Peace,Peace,Peace,2026-01-15 15:40:46.723151 UTC,2325,,very_high,low,low,low,low,low,low,medium,,,,,,0.0,,,,0.0,0.0,0.0,1.0,,1.0,0.0,0.0,0.0,0.0,0.0,,0.0,0.0,0.0,0.0,0.0,0.0,0.0,0.0,0.0,0.0,0.0,1.0,1.0,0.0,0.0,0.0,0.0,0.0,0.0,0.0,0.0,0.0,0.0,0.0,0.0,0.0,0.0,,0.0,,,,0.0,0.0,,,,,,,,,,,0.9996817111968994,0.0001384529459755,0.000179780909093,Normal,0.9996817111968994,,,,,0.999286949634552,0.0007130616577342,not_hate_speech,0.999286949634552,,,,,,,,,,,,,,,,,,,,,,,,,,,,,,
x,df771b30-c819-2dcb-e44a-aef228a97493,Sen_Kashamu,0.0,2017-07-12,2017-07-12 17:52:07 UTC,1308.0,5b65ab2f-a521-4189-57f8-085bea452a8a,5.0,https://x.com/Sen_Kashamu/status/885195079169847296,2.0,KASHAMU CONGRATULATES MAKARFI…CALLS FOR UNITY &amp; RECONCILIATION https://t.co/VR2ktBci7Q,,,,,,,,,,,,,,,South Sudan,Peace,Peace,Peace,2026-01-15 15:40:46.723151 UTC,2325,,very_high,low,low,low,low,low,low,medium,,,,,,0.0,,,,0.0,0.0,0.0,1.0,,1.0,0.0,0.0,0.0,0.0,0.0,,0.0,0.0,0.0,0.0,0.0,0.0,0.0,0.0,0.0,0.0,0.0,1.0,1.0,0.0,0.0,0.0,0.0,0.0,0.0,0.0,0.0,0.0,0.0,0.0,0.0,0.0,0.0,,0.0,,,,0.0,0.0,,,,,,,,,,,0.9996893405914308,0.0001414414873579,0.0001691698416834,Normal,0.9996893405914308,,,,,0.9992709755897522,0.0007290806970559,not_hate_speech,0.9992709755897522,,,,,,,,,,,,,,,,,,,,,,,,,,,,,,
x,3f1896ab-33f3-1e00-e4d9-e11e84e9fb54,iburundi,2.0,2017-07-12,2017-07-12 18:35:04 UTC,1308.0,1d3dd93e-1378-9739-f45c-2b0cf2cc91fe,5.0,https://x.com/iburundi/status/885205887878660098,15.0,#Burundi—Art 299: No procedure of Constitutional revision if it infringes national unity/cohesion/reconciliation... https://t.co/PK6xBOXLMh https://t.co/orkbJzuGxf,,,,,,,,,,,,,,,South Sudan,Peace,Other,Peace,2026-01-15 15:40:46.723151 UTC,2325,,very_high,low,low,low,low,low,low,medium,,,,,,0.0,,,,0.0,0.0,0.0,1.0,,1.0,0.0,0.0,0.0,0.0,0.0,,0.0,0.0,0.0,0.0,0.0,0.0,0.0,0.0,0.0,0.0,0.0,1.0,1.0,0.0,0.0,0.0,0.0,0.0,0.0,0.0,0.0,0.0,0.0,0.0,0.0,0.0,0.0,,0.0,,,,0.0,0.0,,,,,,,,,,,0.9995054006576538,0.0002530271885916,0.0002414996415609,Normal,0.9995054006576538,,,,,0.9990831613540648,0.0009168547112494,not_hate_speech,0.9990831613540648,,,,,,,,,,,,,,,,,,,,,,,,,,,,,,
x,bc963a51-2f84-0885-8e60-82aba988c261,Africa_Examiner,0.0,2017-07-12,2017-07-12 18:43:39 UTC,1308.0,d45417ba-5b25-1064-3be2-7ff6f8b1d817,0.0,https://x.com/Africa_Examiner/status/885208045772566529,0.0,"Kashamu, a Strong Sheriff Supporter, Congratulates Makarfi, Calls for Unity, Reconciliation https://t.co/QdTk6NepdS",,,,,,,,,,,,,,,South Sudan,Peace,Hate Speech,Peace,2026-01-15 15:40:46.723151 UTC,2325,,very_high,low,low,low,low,low,low,high,,,,,,0.0,,,,0.0,0.0,0.0,1.0,,1.0,0.0,0.0,0.0,0.0,0.0,,0.0,0.0,0.0,0.0,0.0,0.0,0.0,0.0,0.0,0.0,0.0,1.0,1.0,0.0,0.0,0.0,0.0,0.0,0.0,0.0,0.0,0.0,0.0,0.0,0.0,0.0,0.0,,0.0,,,,0.0,0.0,,,,,,,,,,,0.9983015060424804,0.000905186519958,0.0007933042943477,Normal,0.9983015060424804,,,,,0.9991992115974426,0.0008008044096641,not_hate_speech,0.9991992115974426,,,,,,,,,,,,,,,,,,,,,,,,,,,,,,
x,bc963a51-2f84-0885-8e60-82aba988c261,Africa_Examiner,0.0,2017-07-12,2017-07-12 18:43:48 UTC,1308.0,76914ab7-8cc5-4dd7-c1c4-43631286e95d,0.0,https://x.com/Africa_Examiner/status/885208084465016838,0.0,"Kashamu, a Strong Sheriff Supporter, Congratulates Makarfi, Calls for Unity, Reconciliation https://t.co/asl61As8le",,,,,,,,,,,,,,,South Sudan,Peace,Hate Speech,Peace,2026-01-15 15:40:46.723151 UTC,2325,,very_high,low,low,low,low,low,low,high,,,,,,0.0,,,,0.0,0.0,0.0,1.0,,1.0,0.0,0.0,0.0,0.0,0.0,,0.0,0.0,0.0,0.0,0.0,0.0,0.0,0.0,0.0,0.0,0.0,1.0,1.0,0.0,0.0,0.0,0.0,0.0,0.0,0.0,0.0,0.0,0.0,0.0,0.0,0.0,0.0,,0.0,,,,0.0,0.0,,,,,,,,,,,0.9976078271865844,0.0013830665266141,0.0010090838186442,Normal,0.9976078271865844,,,,,0.9992181062698364,0.0007818229496479,not_hate_speech,0.9992181062698364,,,,,,,,,,,,,,,,,,,,,,,,,,,,,,
x,433f6a98-9a6b-61b3-95e2-e79e7d904387,NewsRIB,0.0,2017-07-13,2017-07-13 02:11:42 UTC,1308.0,9cb408bc-a107-8034-e04b-4ca0d35bbfe8,0.0,https://x.com/NewsRIB/status/885320802949775360,0.0,"Senator Kashamu congratulates Makarfi, calls for Unity… https://t.co/d3s1CYPguh #NigeriaNews #AhmedMakarfi #BurujiKashamu #NationalAssembly",,,,,,,,,,,,,,,South Sudan,Peace,Peace,Peace,2026-01-15 15:40:46.723151 UTC,2325,,very_high,,,,,,,,,,,,,0.0,,,,0.0,0.0,0.0,0.0,,1.0,0.0,0.0,0.0,0.0,0.0,,0.0,0.0,0.0,0.0,0.0,0.0,0.0,0.0,0.0,0.0,0.0,0.0,0.0,0.0,0.0,0.0,0.0,0.0,0.0,0.0,0.0,0.0,0.0,0.0,0.0,0.0,0.0,,0.0,,,,0.0,0.0,,,,,,,,,,,0.9986584186553956,0.0008138702833093,0.0005277438322082,Normal,0.9986584186553956,,,,,0.9992305040359496,0.0007695184322074,not_hate_speech,0.9992305040359496,,,,,,,,,,,,,,,,,,,,,,,,,,,,,,
x,11d5c2df-0938-408b-458c-84ac965efacd,Mina_Aldroubi,3.0,2017-07-13,2017-07-13 05:53:57 UTC,1308.0,7d10a8ad-0db8-5b70-9741-736ebbd63743,2.0,https://x.com/Mina_Aldroubi/status/885376735562346496,1.0,Mosul victory in #Baghdad postpones Sunni reconciliation/unity conference..  https://t.co/bvwREQVhyh,,,,,,,,,,,,,,,South Sudan,Peace,Hate Speech,Peace,2026-01-15 15:40:46.723151 UTC,2325,,very_high,low,low,low,low,low,low,medium,,,,,,0.0,,,,0.0,0.0,0.0,1.0,,1.0,0.0,0.0,0.0,0.0,0.0,,0.0,0.0,0.0,0.0,0.0,0.0,0.0,0.0,0.0,0.0,0.0,1.0,1.0,0.0,0.0,0.0,0.0,0.0,0.0,0.0,0.0,0.0,0.0,0.0,0.0,0.0,0.0,,0.0,,,,0.0,0.0,,,,,,,,,,,0.9986611604690552,0.0009190447162836,0.0004197741218376,Normal,0.9986611604690552,,,,,0.9992818236351012,0.0007181850378401,not_hate_speech,0.9992818236351012,,,,,,,,,,,,,,,,,,,,,,,,,,,,,,
x,f4c97877-df65-a7fa-950c-98d8c974914f,ScannewsNGR,0.0,2017-07-13,2017-07-13 09:53:07 UTC,1308.0,e55869bd-81ed-91e9-4f5c-8a5d26b6da9a,0.0,https://x.com/ScannewsNGR/status/885436923417731072,0.0,KASHAMU CONGRATULATES MAKARFI…CALLS FOR UNITY &amp; RECONCILIATION https://t.co/h8Fb4inp5l,,,,,,,,,,,,,,,South Sudan,Peace,Hate Speech,Peace,2026-01-15 15:40:46.723151 UTC,2325,,very_high,low,low,low,low,low,low,medium,,,,,,0.0,,,,0.0,0.0,0.0,1.0,,1.0,0.0,0.0,0.0,0.0,0.0,,0.0,0.0,0.0,0.0,0.0,0.0,0.0,0.0,0.0,0.0,0.0,1.0,1.0,0.0,0.0,0.0,0.0,0.0,0.0,0.0,0.0,0.0,0.0,0.0,0.0,0.0,0.0,,0.0,,,,0.0,0.0,,,,,,,,,,,0.9996799230575562,0.0001448708353564,0.0001751481613609,Normal,0.9996799230575562,,,,,0.999272882938385,0.000727093196474,not_hate_speech,0.999272882938385,,,,,,,,,,,,,,,,,,,,,,,,,,,,,,
x,d1f69fe4-71cc-e9c5-4815-a97b06aa60b4,JobRIB,0.0,2017-07-13,2017-07-13 11:21:36 UTC,1308.0,011421c0-ad33-af8a-2787-1a856b2a004f,0.0,https://x.com/JobRIB/status/885459189518057472,0.0,"Senator Kashamu congratulates Makarfi, calls for Unity… https://t.co/cWPJUUcFnV #NigeriaNews #AhmedMakarfi #BurujiKashamu #NationalAssembly",,,,,,,,,,,,,,,South Sudan,Peace,Peace,Peace,2026-01-15 15:40:46.723151 UTC,2325,,very_high,,,,,,,,,,,,,0.0,,,,0.0,0.0,0.0,0.0,,1.0,0.0,0.0,0.0,0.0,0.0,,0.0,0.0,0.0,0.0,0.0,0.0,0.0,0.0,0.0,0.0,0.0,0.0,0.0,0.0,0.0,0.0,0.0,0.0,0.0,0.0,0.0,0.0,0.0,0.0,0.0,0.0,0.0,,0.0,,,,0.0,0.0,,,,,,,,,,,0.9986763596534728,0.0007914322777651,0.0005321571370586,Normal,0.9986763596534728,,,,,0.9992377758026124,0.0007622768171131,not_hate_speech,0.9992377758026124,,,,,,,,,,,,,,,,,,,,,,,,,,,,,,
x,1e8a0e93-f64d-ba0d-42e5-33a56aa30539,crcbanner,0.0,2017-07-13,2017-07-13 14:52:58 UTC,1308.0,cdea7b98-af2a-39fa-bb6c-ace67ccae9e1,0.0,https://x.com/crcbanner/status/885512380783972356,1.0,Editor-in-chief @shiaochong writes powerfully on God's gifts of #unity and #reconciliation in Christ: https://t.co/GETRJjUicR https://t.co/L9wlz8V0jg,,,,,,,,,,,,,,,South Sudan,Peace,Peace,Peace,2026-01-15 15:40:46.723151 UTC,2325,,very_high,low,low,low,low,low,low,low,,,,,,0.0,,,,0.0,0.0,0.0,1.0,,1.0,0.0,0.0,0.0,0.0,0.0,,0.0,0.0,0.0,0.0,0.0,0.0,0.0,0.0,0.0,0.0,0.0,1.0,1.0,0.0,0.0,0.0,0.0,0.0,0.0,0.0,0.0,0.0,0.0,0.0,0.0,0.0,0.0,,0.0,,,,0.0,0.0,,,,,,,,,,,0.9996565580368042,0.0002380710357101,0.0001053445812431,Normal,0.9996565580368042,,,,,0.99874746799469,0.0012524895137175,not_hate_speech,0.99874746799469,,,,,,,,,,,,,,,,,,,,,,,,,,,,,,
x,07ff955c-a7bf-794e-fcb6-98b44ead1b80,TheogeneDybak,0.0,2017-07-14,2017-07-14 06:20:28 UTC,1308.0,74dab8b7-6162-3bab-4f28-693bdaa0cd98,7.0,https://x.com/TheogeneDybak/status/885745796074917888,7.0,"There are lessons to vote #Kagame, @rpfinkotanyi what we stand for: unity and reconciliation, security and safety, no corruption #Torakagame https://t.co/SvsZdvpBZ3",,,,,,,,,,,,,,,South Sudan,Peace,Peace,Peace,2026-01-15 15:40:46.723151 UTC,2325,,very_high,low,low,low,low,low,low,medium,,,,,,0.0,,,,0.0,0.0,0.0,1.0,,1.0,0.0,0.0,0.0,0.0,0.0,,0.0,0.0,0.0,0.0,0.0,0.0,0.0,0.0,0.0,0.0,0.0,1.0,1.0,0.0,0.0,0.0,0.0,0.0,0.0,0.0,0.0,0.0,0.0,0.0,0.0,0.0,0.0,,0.0,,,,0.0,0.0,,,,,,,,,,,0.0004054731980431,0.0003624595992732,0.999232053756714,Hate,0.999232053756714,,,,,0.9990594983100892,0.0009405154269188,not_hate_speech,0.9990594983100892,,,,,,,,,,,,,,,,,,,,,,,,,,,,,,
x,a872ccc3-65a6-b51c-ffa8-651cb243f428,Rugaamba,0.0,2017-07-14,2017-07-14 07:03:55 UTC,1308.0,7fe41fa3-a9e4-9279-c972-a541388b0d86,26.0,https://x.com/Rugaamba/status/885756730432507904,9.0,"Unity ☑
Women Empowerment ☑
Fighting Genocide Ideology ☑
Healthy intl relations ☑
Social Welfare ☑
Reconciliation ☑
Safety ☑
#ToraKagame https://t.co/nYP6MMmpJR",,,,,,,,,,,,,,,South Sudan,Peace,Peace,Peace,2026-01-15 15:40:46.723151 UTC,2325,high,,low,low,low,low,low,low,medium,,,,,,0.0,,,,0.0,0.0,0.0,1.0,,1.0,0.0,0.0,0.0,0.0,0.0,,0.0,0.0,0.0,0.0,0.0,0.0,0.0,0.0,0.0,0.0,0.0,1.0,1.0,0.0,0.0,0.0,0.0,0.0,0.0,0.0,0.0,0.0,0.0,0.0,0.0,0.0,0.0,,0.0,,,,0.0,0.0,,,,,,,,,,,0.1988694667816162,0.0006425408646464,0.8004879951477051,Hate,0.8004879951477051,,,,,0.9989323019981384,0.0010676734382286,not_hate_speech,0.9989323019981384,,,,,,,,,,,,,,,,,,,,,,,,,,,,,,
x,26fc1e5f-ab08-f949-a6c5-925368ef1486,Wiki_History,0.0,2017-07-14,2017-07-14 17:10:05 UTC,1308.0,05d21564-ef47-a44d-cf33-23ce13d08279,1.0,https://x.com/Wiki_History/status/885909277445107713,0.0,#14_July on 1790 French Revolution: Citizens of Paris celebrate the unity of the French people and the national reconciliation in the Fête..,,,,,,,,,,,,,,,South Sudan,Peace,Hate Speech,Peace,2026-01-15 15:40:46.723151 UTC,2325,,very_high,low,low,low,low,low,low,medium,,,,,,0.0,,,,0.0,0.0,0.0,1.0,,1.0,0.0,0.0,0.0,0.0,0.0,,0.0,0.0,0.0,0.0,0.0,0.0,0.0,0.0,0.0,0.0,0.0,1.0,1.0,0.0,0.0,0.0,0.0,0.0,0.0,0.0,0.0,0.0,0.0,0.0,0.0,0.0,0.0,,0.0,,,,0.0,0.0,,,,,,,,,,,0.9993327260017396,0.0003410194767639,0.0003262261743657,Normal,0.9993327260017396,,,,,0.9988847374916076,0.0011152278166264,not_hate_speech,0.9988847374916076,,,,,,,,,,,,,,,,,,,,,,,,,,,,,,
x,14d39778-52aa-d821-7991-2b8957803db8,EUAmbEthiopia,0.0,2017-07-15,2017-07-15 16:13:19 UTC,1308.0,6df7920a-b9b5-8a21-7ae2-963756e17ffc,2.0,https://x.com/EUAmbEthiopia/status/886257376965341184,2.0,Sad to hear about passing away of Amb Kiplagat.Condolences to family.Valued our talks abt #mediation #reconciliation in #SouthSudan #Somalia https://t.co/XkQ86fO8f8,,,,,,,,,,,,,,,South Sudan,Peace,Hate Speech,Peace,2026-01-15 15:40:46.723151 UTC,2325,,very_high,low,low,low,low,low,low,medium,,,,,,0.0,,,,0.0,0.0,0.0,1.0,,0.0,0.0,0.0,0.0,0.0,0.0,,0.0,0.0,0.0,0.0,0.0,0.0,0.0,0.0,0.0,0.0,0.0,1.0,1.0,0.0,0.0,0.0,0.0,0.0,0.0,0.0,0.0,0.0,0.0,0.0,0.0,0.0,0.0,,0.0,,,,0.0,0.0,,,,,,,,,,,0.8941667079925537,0.0957116335630416,0.0101216407492756,Normal,0.8941667079925537,,,,,0.9990915060043336,0.0009084827615879,not_hate_speech,0.9990915060043336,,,,,,,,,,,,,,,,,,,,,,,,,,,,,,
x,318e74ed-ee5f-5730-db14-8ed5b69ac6a2,LucyMbabazi,0.0,2017-07-16,2017-07-16 12:14:53 UTC,1308.0,fa1dcbe7-bcb2-07ad-efce-92d5d373064e,2.0,https://x.com/LucyMbabazi/status/886559760480423936,0.0,@eric1key They are certainly bringing life to the campaign trail. And #UbumuntuArtFestival2017 is a huge blessing for unity and reconciliation.,,,,,,,,,,,,,,,South Sudan,Peace,Peace,Peace,2026-01-15 15:40:46.723151 UTC,2325,,very_high,low,low,low,low,low,low,medium,,,,,,0.0,,,,0.0,0.0,0.0,1.0,,1.0,0.0,0.0,0.0,0.0,0.0,,0.0,0.0,0.0,0.0,0.0,0.0,0.0,0.0,0.0,0.0,0.0,1.0,1.0,0.0,0.0,0.0,0.0,0.0,0.0,0.0,0.0,0.0,0.0,0.0,0.0,0.0,0.0,,0.0,,,,0.0,0.0,,,,,,,,,,,0.9997106194496156,0.0001701019064057,0.0001193520074593,Normal,0.9997106194496156,,,,,0.9989186525344848,0.0010814242996275,not_hate_speech,0.9989186525344848,,,,,,,,,,,,,,,,,,,,,,,,,,,,,,
x,b08d3fb0-4513-4340-7d7f-5cd9f131fd2f,iamHSDickson,14.0,2017-07-16,2017-07-16 12:16:07 UTC,1308.0,c0fc01c9-37b9-eb57-a279-23b2b655206f,13.0,https://x.com/iamHSDickson/status/886560074755428352,8.0,I call on Sen Ahmed Makarfi-led Caretaker Committee to pursue genuine  Reconciliation and organise an all-inclusive Unity Convention. - HSD,,,,,,,,,,,,,,,South Sudan,Peace,Peace,Peace,2026-01-15 15:40:46.723151 UTC,2325,,very_high,low,low,low,low,low,low,medium,,,,,,0.0,,,,0.0,0.0,0.0,1.0,,1.0,0.0,0.0,0.0,0.0,0.0,,0.0,0.0,0.0,0.0,0.0,0.0,0.0,0.0,0.0,0.0,0.0,1.0,1.0,0.0,0.0,0.0,0.0,0.0,0.0,0.0,0.0,0.0,0.0,0.0,0.0,0.0,0.0,,0.0,,,,0.0,0.0,,,,,,,,,,,0.999388575553894,0.0003157913452014,0.0002955681411549,Normal,0.999388575553894,,,,,0.9992695450782776,0.000730472325813,not_hate_speech,0.9992695450782776,,,,,,,,,,,,,,,,,,,,,,,,,,,,,,
x,ab05e2ec-c191-706e-6125-513442726314,Miko_ra,0.0,2017-07-16,2017-07-16 19:31:00 UTC,1308.0,63c5c874-ce77-f79e-2b1f-0041d62b18f7,0.0,https://x.com/Miko_ra/status/886669513785307137,0.0,"Judges fired by President Salva Kiir in #Southsudan. No sign of reconciliation, stability or peaceful reasoning. #Impunity @ImpunityWatch",,,,,,,,,,,,,,,South Sudan,Peace,Peace,Peace,2026-01-15 15:40:46.723151 UTC,2325,,very_high,low,low,low,low,low,low,medium,,,,,,0.0,,,,0.0,0.0,0.0,1.0,,0.0,0.0,0.0,0.0,0.0,0.0,,0.0,0.0,0.0,0.0,0.0,0.0,0.0,0.0,0.0,0.0,0.0,1.0,1.0,0.0,0.0,0.0,0.0,0.0,0.0,0.0,0.0,0.0,0.0,0.0,0.0,0.0,0.0,,0.0,,,,0.0,0.0,,,,,,,,,,,0.0077990689314901,0.2476081401109695,0.7445928454399109,Hate,0.7445928454399109,,,,,0.9992627501487732,0.0007372188265435,not_hate_speech,0.9992627501487732,,,,,,,,,,,,,,,,,,,,,,,,,,,,,,
x,f8c0223d-bec1-63fd-95f8-0c2d0087e143,NxGenSS,0.0,2017-07-17,2017-07-17 07:05:33 UTC,1308.0,da4e1dbb-4760-4940-3007-381125ccb7c5,0.0,https://x.com/NxGenSS/status/886844305893199872,0.0,#SSYLF member Bishop Yel Nhial talking about healing and reconciliation. #NxGenSouthSudan #SouthSudan https://t.co/0O8SFWK8yh,,,,,,,,,,,,,,,South Sudan,Peace,Other,Peace,2026-01-15 15:40:46.723151 UTC,2325,,very_high,low,low,low,low,low,low,medium,,,,,,0.0,,,,0.0,0.0,0.0,1.0,,1.0,0.0,0.0,0.0,0.0,0.0,,0.0,0.0,0.0,0.0,0.0,0.0,0.0,0.0,0.0,0.0,0.0,1.0,1.0,0.0,0.0,0.0,0.0,0.0,0.0,0.0,0.0,0.0,0.0,0.0,0.0,0.0,0.0,,0.0,,,,0.0,0.0,,,,,,,,,,,0.9996695518493652,0.0002331896539544,9.729879820952192e-05,Normal,0.9996695518493652,,,,,0.9987953901290894,0.0012046456104144,not_hate_speech,0.9987953901290894,,,,,,,,,,,,,,,,,,,,,,,,,,,,,,
x,65390b67-4a05-6896-febb-345a5327a145,MaxCalligaro,0.0,2017-07-17,2017-07-17 10:31:42 UTC,1308.0,44ddfc4e-d9a3-5c6b-19de-1c14bddb91fa,2.0,https://x.com/MaxCalligaro/status/886896181871128576,0.0,De Gaulle pretended most French joined La Résistance. Are historical lies inevitable for national reconciliation? https://t.co/uHg4zairSb,,,,,,,,,,,,,,,South Sudan,Peace,Peace,Peace,2026-01-15 15:40:46.723151 UTC,2325,,very_high,low,low,low,low,low,low,medium,,,,,,0.0,,,,0.0,0.0,0.0,1.0,,0.0,0.0,0.0,0.0,0.0,0.0,,0.0,0.0,0.0,0.0,0.0,0.0,0.0,0.0,0.0,0.0,0.0,1.0,1.0,0.0,0.0,0.0,0.0,0.0,0.0,0.0,0.0,0.0,0.0,0.0,0.0,0.0,0.0,,0.0,,,,0.0,0.0,,,,,,,,,,,0.9953001737594604,0.0039215846918523,0.0007781999302096,Normal,0.9953001737594604,,,,,0.9991441965103148,0.0008558247936889,not_hate_speech,0.9991441965103148,,,,,,,,,,,,,,,,,,,,,,,,,,,,,,
x,b4e6221c-7009-d12a-636d-28520793ba57,IsaiahAMarshall,0.0,2017-07-17,2017-07-17 12:22:14 UTC,1308.0,177064db-e184-39db-df84-33f0a2ca01ff,0.0,https://x.com/IsaiahAMarshall/status/886924001918029825,0.0,"The key ingredient to bringing unity to a divided people.
#unity #reconciliation #Love #God #Missional... https://t.co/Wgjt1i4Op7",,,,,,,,,,,,,,,South Sudan,Peace,Hate Speech,Peace,2026-01-15 15:40:46.723151 UTC,2325,,very_high,low,low,low,low,low,low,medium,,,,,,0.0,,,,0.0,0.0,0.0,1.0,,1.0,0.0,0.0,0.0,0.0,0.0,,0.0,0.0,0.0,0.0,0.0,0.0,0.0,0.0,0.0,0.0,0.0,1.0,1.0,0.0,0.0,0.0,0.0,0.0,0.0,0.0,0.0,0.0,0.0,0.0,0.0,0.0,0.0,,0.0,,,,0.0,0.0,,,,,,,,,,,0.9993941783905028,0.000446058838861,0.000159768082085,Normal,0.9993941783905028,,,,,0.999018669128418,0.0009813575306907,not_hate_speech,0.999018669128418,,,,,,,,,,,,,,,,,,,,,,,,,,,,,,
x,b4e6221c-7009-d12a-636d-28520793ba57,IsaiahAMarshall,0.0,2017-07-17,2017-07-17 12:22:14 UTC,1308.0,8c2e54fa-e4f8-21d2-1450-813146517535,0.0,https://x.com/IsaiahAMarshall/status/886924001678938116,0.0,"The key ingredient to bringing unity to a divided people.
#unity #reconciliation #Love #God #Missional... https://t.co/pqYDXduhNw",,,,,,,,,,,,,,,South Sudan,Peace,Hate Speech,Peace,2026-01-15 15:40:46.723151 UTC,2325,,very_high,low,low,low,low,low,low,medium,,,,,,0.0,,,,0.0,0.0,0.0,1.0,,1.0,0.0,0.0,0.0,0.0,0.0,,0.0,0.0,0.0,0.0,0.0,0.0,0.0,0.0,0.0,0.0,0.0,1.0,1.0,0.0,0.0,0.0,0.0,0.0,0.0,0.0,0.0,0.0,0.0,0.0,0.0,0.0,0.0,,0.0,,,,0.0,0.0,,,,,,,,,,,0.9993137121200562,0.0005086552118882,0.0001775710406946,Normal,0.9993137121200562,,,,,0.999049723148346,0.0009502088651061,not_hate_speech,0.999049723148346,,,,,,,,,,,,,,,,,,,,,,,,,,,,,,
x,f12118e7-9e01-2425-925b-0d0c13135ed8,theLAwheezy,0.0,2017-07-17,2017-07-17 16:27:19 UTC,1308.0,be794002-2783-0a05-9d27-8413a27fde7e,1.0,https://x.com/theLAwheezy/status/886985677388304390,0.0,"There is no:
Evangelism w/out discipleship
soul care without body care
Reconciliation without justice
Unity without diversity- Jake Abraham",,,,,,,,,,,,,,,South Sudan,Peace,Hate Speech,Peace,2026-01-15 15:40:46.723151 UTC,2325,very_high,,low,low,low,low,low,low,medium,,,,,,0.0,,,,0.0,0.0,0.0,1.0,,1.0,0.0,0.0,0.0,0.0,0.0,,0.0,0.0,0.0,0.0,0.0,0.0,0.0,0.0,0.0,0.0,0.0,1.0,1.0,0.0,0.0,0.0,0.0,0.0,0.0,0.0,0.0,0.0,0.0,0.0,0.0,0.0,0.0,,0.0,,,,0.0,0.0,,,,,,,,,,,0.954909086227417,0.0304587725549936,0.0146321598440408,Normal,0.954909086227417,,,,,0.9984068274497986,0.0015932233072817,not_hate_speech,0.9984068274497986,,,,,,,,,,,,,,,,,,,,,,,,,,,,,,
x,4621e686-ecde-3ee8-9b86-fdeb8c126789,france_kgopisi,0.0,2017-07-18,2017-07-18 07:17:45 UTC,1308.0,dd138282-e427-fd39-fc2f-4b0aefd6736a,0.0,https://x.com/france_kgopisi/status/887209762194149377,0.0,#MandelaDay Lets embrace the values he stood for. #Reconciliation and #Unity,,,,,,,,,,,,,,,South Sudan,Peace,Peace,Peace,2026-01-15 15:40:46.723151 UTC,2325,,very_high,low,low,low,low,low,low,low,,,,,,0.0,,,,0.0,0.0,0.0,1.0,,1.0,0.0,0.0,0.0,0.0,0.0,,0.0,0.0,0.0,0.0,0.0,0.0,0.0,0.0,0.0,0.0,0.0,1.0,1.0,0.0,0.0,0.0,0.0,0.0,0.0,0.0,0.0,0.0,0.0,0.0,0.0,0.0,0.0,,0.0,,,,0.0,0.0,,,,,,,,,,,0.9996610879898072,0.0001942131784744,0.0001446396345272,Normal,0.9996610879898072,,,,,0.9990410208702089,0.0009589800611138,not_hate_speech,0.9990410208702089,,,,,,,,,,,,,,,,,,,,,,,,,,,,,,
x,924e073a-fa13-beb6-491f-2a23b9a20885,AUC_PAPS,1.0,2017-07-19,2017-07-19 07:36:23 UTC,1308.0,f72435cf-83fb-9c1c-7711-6b67ed729790,21.0,https://x.com/AUC_PAPS/status/887576839887233024,13.0,"The Ministers called for #unity &amp; integrity in #CAR, respect for democratic institutions &amp; ownership of its peace &amp; reconciliation process https://t.co/uKyX1ayk38",,,,,,,,,,,,,,,South Sudan,Peace,Hate Speech,Peace,2026-01-15 15:40:46.723151 UTC,2325,,very_high,low,low,low,low,low,low,medium,,,,,,0.0,,,,0.0,0.0,0.0,1.0,,1.0,0.0,0.0,0.0,0.0,0.0,,0.0,0.0,0.0,0.0,0.0,0.0,0.0,0.0,0.0,0.0,0.0,1.0,1.0,0.0,0.0,0.0,0.0,0.0,0.0,0.0,0.0,0.0,0.0,0.0,0.0,0.0,0.0,,0.0,,,,0.0,0.0,,,,,,,,,,,0.9995172023773192,0.0003499139565974,0.0001329077786067,Normal,0.9995172023773192,,,,,0.9991267323493958,0.0008732440182939,not_hate_speech,0.9991267323493958,,,,,,,,,,,,,,,,,,,,,,,,,,,,,,
x,0d849c9b-019c-89c9-9dbb-c49e26fa2c7d,GlobalActionPW,0.0,2017-07-19,2017-07-19 21:10:02 UTC,1308.0,317e3b49-fe1d-94c0-3107-070a5cd29669,0.0,https://x.com/GlobalActionPW/status/887781598921461764,0.0,"In UNSC African peace &amp; security @UgandaMissionNY cites reconciliation, peacebuilding activities addressing Burundi, South Sudan conflicts.",,,,,,,,,,,,,,,South Sudan,Peace,Other,Peace,2026-01-15 15:40:46.723151 UTC,2325,,very_high,low,low,low,low,low,low,medium,,,,,,0.0,,,,0.0,0.0,0.0,1.0,,0.0,0.0,0.0,0.0,0.0,0.0,,0.0,0.0,0.0,0.0,0.0,0.0,0.0,0.0,0.0,0.0,0.0,1.0,1.0,0.0,0.0,0.0,0.0,0.0,0.0,0.0,0.0,0.0,0.0,0.0,0.0,0.0,0.0,,0.0,,,,0.0,0.0,,,,,,,,,,,0.9997203946113586,0.0001874750887509,9.215319732902572e-05,Normal,0.9997203946113586,,,,,0.998345136642456,0.0016548431012779,not_hate_speech,0.998345136642456,,,,,,,,,,,,,,,,,,,,,,,,,,,,,,
x,bf7769e0-a61b-4c87-ffb2-646eb03b55a3,seanfeucht,0.0,2017-07-20,2017-07-20 01:40:03 UTC,1308.0,a37a7888-72f3-63b8-8dc6-18bcf8a92733,11.0,https://x.com/seanfeucht/status/887849554040586240,0.0,"We have to become the dream of unity, racial reconciliation &amp; cultural celebration in our day.… https://t.co/17hD8OFTRz",,,,,,,,,,,,,,,South Sudan,Peace,Peace,Peace,2026-01-15 15:40:46.723151 UTC,2325,,very_high,low,low,low,low,low,low,medium,,,,,,0.0,,,,0.0,0.0,0.0,1.0,,1.0,0.0,0.0,0.0,0.0,0.0,,0.0,0.0,0.0,0.0,0.0,0.0,0.0,0.0,0.0,0.0,0.0,1.0,1.0,0.0,0.0,0.0,0.0,0.0,0.0,0.0,0.0,0.0,0.0,0.0,0.0,0.0,0.0,,0.0,,,,0.0,0.0,,,,,,,,,,,0.9992520213127136,0.0005539816920645,0.0001938815403264,Normal,0.9992520213127136,,,,,0.99901282787323,0.0009871860966086,not_hate_speech,0.99901282787323,,,,,,,,,,,,,,,,,,,,,,,,,,,,,,
x,70514635-34ec-3702-17b2-8825862fd629,diyaadeogun,0.0,2017-07-20,2017-07-20 06:40:30 UTC,1308.0,0d3405fc-de55-96c8-e7af-71cc8101f7b2,0.0,https://x.com/diyaadeogun/status/887925163291021312,0.0,Nigeria governors as leaders preaching unity at roof top failed to reconcile the huge differences between the northern and southern states,,,,,,,,,,,,,,,South Sudan,Peace,Hate Speech,Peace,2026-01-15 15:40:46.723151 UTC,2325,high,,low,low,low,low,low,low,medium,,,,,,0.0,,,,0.0,0.0,0.0,0.0,,1.0,0.0,0.0,0.0,0.0,0.0,,0.0,0.0,0.0,0.0,0.0,0.0,0.0,0.0,0.0,0.0,0.0,0.0,0.0,0.0,0.0,0.0,0.0,0.0,0.0,0.0,0.0,0.0,0.0,0.0,0.0,0.0,0.0,,0.0,,,,0.0,0.0,,,,,,,,,,,0.9984638690948486,0.0010887216776609,0.0004474524175748,Normal,0.9984638690948486,,,,,0.9989056587219238,0.0010943621164187,not_hate_speech,0.9989056587219238,,,,,,,,,,,,,,,,,,,,,,,,,,,,,,
x,2b8022af-d7ca-824a-684b-3607e04d0f33,Jadwong,1.0,2017-07-20,2017-07-20 15:23:24 UTC,1308.0,87d53336-81d5-7ba0-7474-2c23cf2619fd,5.0,https://x.com/Jadwong/status/888056756374392832,4.0,PHOTOS: Pres. Museveni continues his #SouthSudan #Reconciliation efforts. Today held joint meeting with Salva Kiir &amp; Rebecca Garang. #UNHCR https://t.co/dCdCT6G4P6,,,,,,,,,,,,,,,South Sudan,Peace,Other,Peace,2026-01-15 15:40:46.723151 UTC,2325,,very_high,low,low,low,low,low,low,medium,,,,,,0.0,,,,0.0,0.0,0.0,1.0,,0.0,0.0,0.0,0.0,0.0,0.0,,0.0,0.0,0.0,0.0,0.0,0.0,0.0,0.0,0.0,0.0,0.0,1.0,1.0,0.0,0.0,0.0,0.0,0.0,0.0,0.0,0.0,0.0,0.0,0.0,0.0,0.0,0.0,,0.0,,,,0.0,0.0,,,,,,,,,,,0.9995827078819276,0.0002385886909905,0.0001787002838682,Normal,0.9995827078819276,,,,,0.999195635318756,0.0008044170681387,not_hate_speech,0.999195635318756,,,,,,,,,,,,,,,,,,,,,,,,,,,,,,
x,0d849c9b-019c-89c9-9dbb-c49e26fa2c7d,GlobalActionPW,0.0,2017-07-20,2017-07-20 16:01:09 UTC,1308.0,e3de34b1-07d8-e21f-9fa8-d0a10e4e4ca6,0.0,https://x.com/GlobalActionPW/status/888066254992486401,0.0,"In UNSC brief on South Sudan (@unmissmedia), @JapanMissionUN urges restraint by all parties, cites need for reconciliation at local levels.",,,,,,,,,,,,,,,South Sudan,Peace,Hate Speech,Peace,2026-01-15 15:40:46.723151 UTC,2325,,very_high,low,low,low,low,low,low,medium,,,,,,0.0,,,,0.0,0.0,0.0,1.0,,0.0,0.0,0.0,0.0,0.0,0.0,,0.0,0.0,0.0,0.0,0.0,0.0,0.0,0.0,0.0,0.0,0.0,1.0,1.0,0.0,0.0,0.0,0.0,0.0,0.0,0.0,0.0,0.0,0.0,0.0,0.0,0.0,0.0,,0.0,,,,0.0,0.0,,,,,,,,,,,0.9997349381446838,0.0001516292541055,0.0001135114725911,Normal,0.9997349381446838,,,,,0.9985690116882324,0.0014309372054412,not_hate_speech,0.9985690116882324,,,,,,,,,,,,,,,,,,,,,,,,,,,,,,
x,86a8e50b-9e16-f997-f298-fc5074c804bf,Samora_Jwambi,0.0,2017-07-20,2017-07-20 16:30:33 UTC,1308.0,94b2f283-6c22-1896-d3f7-d06873cbd498,1.0,https://x.com/Samora_Jwambi/status/888073654071955456,0.0,"@MsNdima @Comm_Bobo @ntsikimazwai @MabokodoSgwindi @LindaaNdhla @abelsquito @snackerlicious @Cassyrintos @UlrichJvV Some of us perpetuate these intentions, by stupidly harping on about reconciliation and unity (pun very much intended).",,,,,,,,,,,,,,,South Sudan,Peace,Peace,Peace,2026-01-15 15:40:46.723151 UTC,2325,very_high,,low,low,low,low,low,low,medium,,,,,,0.0,,,,0.0,0.0,0.0,1.0,,1.0,0.0,0.0,0.0,0.0,0.0,,0.0,0.0,0.0,0.0,0.0,0.0,0.0,0.0,0.0,0.0,0.0,1.0,1.0,0.0,0.0,0.0,0.0,0.0,0.0,0.0,0.0,0.0,0.0,0.0,0.0,0.0,0.0,,0.0,,,,0.0,0.0,,,,,,,,,,,0.0008617905550636,0.9988570213317872,0.0002812134334817,Abusive,0.9988570213317872,,,,,0.9925283193588256,0.0074717062525451,not_hate_speech,0.9925283193588256,,,,,,,,,,,,,,,,,,,,,,,,,,,,,,
x,e60725fd-9e9f-c5ac-8d37-84dad97c3b32,Newzug,0.0,2017-07-20,2017-07-20 17:08:27 UTC,1308.0,bb53d1ed-a5ef-0bb9-9ae2-825aeeaa52d6,0.0,https://x.com/Newzug/status/888083192472907776,0.0,"#SouthSudan: @KagutaMuseveni meets #SalvaKiir, #RebeccaGarang to discuss peace &amp; reconciliation https://t.co/z95WoZGXQw via @Newz Post https://t.co/83LAA62SJk",,,,,,,,,,,,,,,South Sudan,Peace,Hate Speech,Peace,2026-01-15 15:40:46.723151 UTC,2325,,very_high,,,,,,,,,,,,,0.0,,,,0.0,0.0,0.0,1.0,,0.0,0.0,0.0,0.0,0.0,0.0,,0.0,0.0,0.0,0.0,0.0,0.0,0.0,0.0,0.0,0.0,0.0,1.0,1.0,0.0,0.0,0.0,0.0,0.0,0.0,0.0,0.0,0.0,0.0,0.0,0.0,0.0,0.0,,0.0,,,,0.0,0.0,,,,,,,,,,,0.9996365308761596,0.0001609169412404,0.0002026053261943,Normal,0.9996365308761596,,,,,0.9989160299301147,0.0010840352624654,not_hate_speech,0.9989160299301147,,,,,,,,,,,,,,,,,,,,,,,,,,,,,,
x,e60725fd-9e9f-c5ac-8d37-84dad97c3b32,Newzug,0.0,2017-07-21,2017-07-21 07:22:36 UTC,1308.0,d4d56435-83d6-cec7-2894-0e485b565f49,0.0,https://x.com/Newzug/status/888298146111123456,0.0,"#SouthSudan: #Museveni meets Kiir, Rebecca #Garang to discuss peace &amp; reconciliation https://t.co/z95WoZGXQw via @Newz Post",,,,,,,,,,,,,,,South Sudan,Peace,Peace,Peace,2026-01-15 15:40:46.723151 UTC,2325,,very_high,,,,,,,,,,,,,0.0,,,,0.0,0.0,0.0,1.0,,0.0,0.0,0.0,0.0,0.0,0.0,,0.0,0.0,0.0,0.0,0.0,0.0,0.0,0.0,0.0,0.0,0.0,1.0,1.0,0.0,0.0,0.0,0.0,0.0,0.0,0.0,0.0,0.0,0.0,0.0,0.0,0.0,0.0,,0.0,,,,0.0,0.0,,,,,,,,,,,0.9922096729278564,0.0004906393587589,0.0072996821254491,Normal,0.9922096729278564,,,,,0.9991915822029114,0.0008084386936388,not_hate_speech,0.9991915822029114,,,,,,,,,,,,,,,,,,,,,,,,,,,,,,
x,1c0ebf66-999d-fb23-a02e-d43a44b4ab1d,gills_stewart,0.0,2017-07-21,2017-07-21 09:19:06 UTC,1308.0,00089160-863a-d2eb-1f1f-f9b400d17d27,1.0,https://x.com/gills_stewart/status/888327462949707777,0.0,"Loved @DeidraRiggs book ""ONE:Unity in a Divided World"" - provoked &amp; inspired - calling us to pursue the heart of reconciliation in all we do",,,,,,,,,,,,,,,South Sudan,Peace,Peace,Peace,2026-01-15 15:40:46.723151 UTC,2325,,very_high,low,low,low,low,low,low,medium,,,,,,0.0,,,,0.0,0.0,0.0,1.0,,1.0,0.0,0.0,0.0,0.0,0.0,,0.0,0.0,0.0,0.0,0.0,0.0,0.0,0.0,0.0,0.0,0.0,1.0,1.0,0.0,0.0,0.0,0.0,0.0,0.0,0.0,0.0,0.0,0.0,0.0,0.0,0.0,0.0,,0.0,,,,0.0,0.0,,,,,,,,,,,0.999671220779419,0.0002145186736015,0.0001142723340308,Normal,0.999671220779419,,,,,0.9988952875137328,0.0011047050356864,not_hate_speech,0.9988952875137328,,,,,,,,,,,,,,,,,,,,,,,,,,,,,,
x,3f1896ab-33f3-1e00-e4d9-e11e84e9fb54,iburundi,0.0,2017-07-21,2017-07-21 10:03:01 UTC,1308.0,788bc713-c666-0a15-8cee-d33ad62f5203,0.0,https://x.com/iburundi/status/888338517251825665,2.0,#Burundi de facto parliament voted a controversial law on setting up the National Commission for Unity&amp;Reconciliation. Amizero MPs boycotted https://t.co/Ue2LqOFnhF,,,,,,,,,,,,,,,South Sudan,Peace,Hate Speech,Peace,2026-01-15 15:40:46.723151 UTC,2325,,very_high,low,low,low,low,low,low,medium,,,,,,0.0,,,,0.0,0.0,0.0,1.0,,1.0,0.0,0.0,0.0,0.0,0.0,,0.0,0.0,0.0,0.0,0.0,0.0,0.0,0.0,0.0,0.0,0.0,1.0,1.0,0.0,0.0,0.0,0.0,0.0,0.0,0.0,0.0,0.0,0.0,0.0,0.0,0.0,0.0,,0.0,,,,0.0,0.0,,,,,,,,,,,0.9995286464691162,0.0002793032035697,0.0001920624490594,Normal,0.9995286464691162,,,,,0.9992305040359496,0.0007694780942983,not_hate_speech,0.9992305040359496,,,,,,,,,,,,,,,,,,,,,,,,,,,,,,
x,5c6d211f-2a7e-0743-521d-98888e0198ee,alan_hamson,1.0,2017-07-21,2017-07-21 11:02:13 UTC,1308.0,eb4f404b-3218-38a2-a984-ad49b3835b77,10.0,https://x.com/alan_hamson/status/888353414689771520,1.0,"Met with the Hon Richard Mulla, #SouthSudan Minister of Federalism, to discuss subnational governance and links to peace and reconciliation. https://t.co/R2sSNallqf",,,,,,,,,,,,,,,South Sudan,Peace,Peace,Peace,2026-01-15 15:40:46.723151 UTC,2325,,very_high,low,low,low,low,low,low,medium,,,,,,0.0,,,,0.0,0.0,0.0,1.0,,0.0,0.0,0.0,0.0,0.0,0.0,,0.0,0.0,0.0,0.0,0.0,0.0,0.0,0.0,0.0,0.0,0.0,1.0,1.0,0.0,0.0,0.0,0.0,0.0,0.0,0.0,0.0,0.0,0.0,0.0,0.0,0.0,0.0,,0.0,,,,0.0,0.0,,,,,,,,,,,0.9996148347854614,0.0002550133503973,0.0001301298761973,Normal,0.9996148347854614,,,,,0.9991932511329652,0.0008067737799137,not_hate_speech,0.9991932511329652,,,,,,,,,,,,,,,,,,,,,,,,,,,,,,
x,54b5fb2f-0f3d-36d8-9ef1-c2dab902ab79,Rajprasong_News,0.0,2017-07-22,2017-07-22 00:22:21 UTC,1308.0,c81a794c-38b3-1b1f-7e8b-c675b9dacd62,0.0,https://x.com/Rajprasong_News/status/888554774685155328,0.0,Because it's not leading to reconciliation//Post: Prawit plays down Pheu Thai decision to boycott unity pact https://t.co/MtVoOP49sC,,,,,,,,,,,,,,,South Sudan,Peace,Hate Speech,Peace,2026-01-15 15:40:46.723151 UTC,2325,,high,low,low,low,low,low,low,medium,,,,,,0.0,,,,0.0,0.0,0.0,1.0,,1.0,0.0,0.0,0.0,0.0,0.0,,0.0,0.0,0.0,0.0,0.0,0.0,0.0,0.0,0.0,0.0,0.0,1.0,1.0,0.0,0.0,0.0,0.0,0.0,0.0,0.0,0.0,0.0,0.0,0.0,0.0,0.0,0.0,,0.0,,,,0.0,0.0,,,,,,,,,,,0.9960306286811828,0.002177654299885,0.0017917533405125,Normal,0.9960306286811828,,,,,0.9991408586502076,0.0008590801735408,not_hate_speech,0.9991408586502076,,,,,,,,,,,,,,,,,,,,,,,,,,,,,,
x,2aa9e7df-9a37-d6e3-86d5-b534c5ebba63,PelumiK,1.0,2017-07-22,2017-07-22 00:39:07 UTC,1308.0,7f834bbb-d760-e412-6e00-12301b96f3f4,0.0,https://x.com/PelumiK/status/888558993978695681,0.0,"Plea for reconciliation UNITY IN THE LAND https://t.co/u4EN7WL0V3 
#Nigeria #IPOB #Arewa #peace",,,,,,,,,,,,,,,South Sudan,Peace,Hate Speech,Peace,2026-01-15 15:40:46.723151 UTC,2325,,very_high,low,low,low,low,low,low,medium,,,,,,0.0,,,,0.0,0.0,0.0,1.0,,1.0,0.0,0.0,0.0,0.0,0.0,,0.0,0.0,0.0,0.0,0.0,0.0,0.0,0.0,0.0,0.0,0.0,1.0,1.0,0.0,0.0,0.0,0.0,0.0,0.0,0.0,0.0,0.0,0.0,0.0,0.0,0.0,0.0,,0.0,,,,0.0,0.0,,,,,,,,,,,0.999409794807434,0.0003652897139545,0.0002249795943498,Normal,0.999409794807434,,,,,0.9991579055786132,0.000842067936901,not_hate_speech,0.9991579055786132,,,,,,,,,,,,,,,,,,,,,,,,,,,,,,
x,f533de55-c752-54ba-5d6e-a23a59c6c7da,thaimythbuster,0.0,2017-07-22,2017-07-22 03:08:22 UTC,1308.0,9b887e14-19ec-6ddd-b85d-daafadbf787d,0.0,https://x.com/thaimythbuster/status/888596553706766336,0.0,"Deputy PM Prawit brushed off Pheu Thai Party's decision not to endorse govt's unity dictate, saying it would not derail reconciliation",,,,,,,,,,,,,,,South Sudan,Peace,Hate Speech,Peace,2026-01-15 15:40:46.723151 UTC,2325,,very_high,low,low,low,low,low,low,medium,,,,,,0.0,,,,0.0,0.0,0.0,1.0,,1.0,0.0,0.0,0.0,0.0,0.0,,0.0,0.0,0.0,0.0,0.0,0.0,0.0,0.0,0.0,0.0,0.0,1.0,1.0,0.0,0.0,0.0,0.0,0.0,0.0,0.0,0.0,0.0,0.0,0.0,0.0,0.0,0.0,,0.0,,,,0.0,0.0,,,,,,,,,,,0.9979451298713684,0.0009381959098391,0.0011167722987011,Normal,0.9979451298713684,,,,,0.9990436434745787,0.0009563805069774,not_hate_speech,0.9990436434745787,,,,,,,,,,,,,,,,,,,,,,,,,,,,,,
x,4e0a3e22-56ec-07c6-494c-8d3deccd60bd,AShingiro,0.0,2017-07-22,2017-07-22 10:43:48 UTC,1308.0,5d6c6877-c552-248a-96d6-50efc13437f3,5.0,https://x.com/AShingiro/status/888711168851922944,9.0,#China welcomes Burundi's commendable efforts to consolidate unity &amp; national reconciliation in #Burundi @UNPeacebuilding meeting on Burundi https://t.co/3BBuk7PKLr,,,,,,,,,,,,,,,South Sudan,Peace,Hate Speech,Peace,2026-01-15 15:40:46.723151 UTC,2325,,very_high,low,low,low,low,low,low,medium,,,,,,0.0,,,,0.0,0.0,0.0,1.0,,1.0,0.0,0.0,0.0,0.0,0.0,,0.0,0.0,0.0,0.0,0.0,0.0,0.0,0.0,0.0,0.0,0.0,1.0,1.0,0.0,0.0,0.0,0.0,0.0,0.0,0.0,0.0,0.0,0.0,0.0,0.0,0.0,0.0,,0.0,,,,0.0,0.0,,,,,,,,,,,0.9996734857559204,0.0002202533505624,0.0001062673109117,Normal,0.9996734857559204,,,,,0.999106228351593,0.000893771299161,not_hate_speech,0.999106228351593,,,,,,,,,,,,,,,,,,,,,,,,,,,,,,
x,db3dbf63-9fb5-33fa-c618-5f0858bc1ef4,phanthikarn,0.0,2017-07-23,2017-07-23 09:28:51 UTC,1308.0,39a3e2bc-7abf-35fe-7532-87e5ff8d69f1,1.0,https://x.com/phanthikarn/status/889054692457799681,0.0,"Reconciliation commission to receive draft social contract by Monday

The draft unity contract will be in the... https://t.co/48omcI2zDB",,,,,,,,,,,,,,,South Sudan,Peace,Hate Speech,Peace,2026-01-15 15:40:46.723151 UTC,2325,,very_high,low,low,low,low,low,low,medium,,,,,,0.0,,,,0.0,0.0,0.0,1.0,,1.0,0.0,0.0,0.0,0.0,0.0,,0.0,0.0,0.0,0.0,0.0,0.0,0.0,0.0,0.0,0.0,0.0,1.0,1.0,0.0,0.0,0.0,0.0,0.0,0.0,0.0,0.0,0.0,0.0,0.0,0.0,0.0,0.0,,0.0,,,,0.0,0.0,,,,,,,,,,,0.9997374415397644,0.0001631498016649,9.936671995092183e-05,Normal,0.9997374415397644,,,,,0.999236226081848,0.0007637692033313,not_hate_speech,0.999236226081848,,,,,,,,,,,,,,,,,,,,,,,,,,,,,,
x,318e74ed-ee5f-5730-db14-8ed5b69ac6a2,LucyMbabazi,0.0,2017-07-23,2017-07-23 09:38:22 UTC,1308.0,3193e4b0-4a64-7509-322b-9dcd62f87e89,1.0,https://x.com/LucyMbabazi/status/889057088474951681,0.0,Ambassador Joe speaking passionately about unity&amp; reconciliation achievements by Unity Club. @rbarwanda thanks for this educational program.,,,,,,,,,,,,,,,South Sudan,Peace,Hate Speech,Peace,2026-01-15 15:40:46.723151 UTC,2325,,very_high,low,low,low,low,low,low,medium,,,,,,0.0,,,,0.0,0.0,0.0,1.0,,1.0,0.0,0.0,0.0,0.0,0.0,,0.0,0.0,0.0,0.0,0.0,0.0,0.0,0.0,0.0,0.0,0.0,1.0,1.0,0.0,0.0,0.0,0.0,0.0,0.0,0.0,0.0,0.0,0.0,0.0,0.0,0.0,0.0,,0.0,,,,0.0,0.0,,,,,,,,,,,0.9996545314788818,0.000248150085099,9.739714005263522e-05,Normal,0.9996545314788818,,,,,0.9990241527557372,0.0009758253581821,not_hate_speech,0.9990241527557372,,,,,,,,,,,,,,,,,,,,,,,,,,,,,,
x,dc89ac47-fa2e-d4b7-6042-19281e739b90,tngrandmapig,0.0,2017-07-23,2017-07-23 12:50:32 UTC,1308.0,abca4866-dee6-7faa-3f0e-fd61dac574e8,0.0,https://x.com/tngrandmapig/status/889105447487143936,0.0,An Empowering Way to Respond to Hurtful People https://t.co/jFsJsN5TY0. No need for all the UNITY &amp; RECONCILIATION meetings if we did this,,,,,,,,,,,,,,,South Sudan,Peace,Hate Speech,Peace,2026-01-15 15:40:46.723151 UTC,2325,,very_high,low,low,low,low,low,low,medium,,,,,,0.0,,,,0.0,0.0,0.0,1.0,,1.0,0.0,0.0,0.0,0.0,0.0,,0.0,0.0,0.0,0.0,0.0,0.0,0.0,0.0,0.0,0.0,0.0,1.0,1.0,0.0,0.0,0.0,0.0,0.0,0.0,0.0,0.0,0.0,0.0,0.0,0.0,0.0,0.0,,0.0,,,,0.0,0.0,,,,,,,,,,,0.9994465708732604,0.0003080993774347,0.0002453074557706,Normal,0.9994465708732604,,,,,0.9989566802978516,0.0010433224961161,not_hate_speech,0.9989566802978516,,,,,,,,,,,,,,,,,,,,,,,,,,,,,,
x,8c72139e-5e18-a117-1498-cef0068e3dbb,RamaQuotes,0.0,2017-07-23,2017-07-23 16:51:31 UTC,1308.0,9818c860-74bf-a3d1-c797-bf9a961b1427,0.0,https://x.com/RamaQuotes/status/889166095604568064,2.0,"Taoism is Tantra, the reconciliation of opposites, where all things join together in perfect unity and yet have beautiful diversity. https://t.co/Jrk8GamTcR",,,,,,,,,,,,,,,South Sudan,Peace,Hate Speech,Peace,2026-01-15 15:40:46.723151 UTC,2325,,very_high,low,low,low,low,low,low,medium,,,,,,0.0,,,,0.0,0.0,0.0,1.0,,1.0,0.0,0.0,0.0,0.0,0.0,,0.0,0.0,0.0,0.0,0.0,0.0,0.0,0.0,0.0,0.0,0.0,1.0,1.0,0.0,0.0,0.0,0.0,0.0,0.0,0.0,0.0,0.0,0.0,0.0,0.0,0.0,0.0,,0.0,,,,0.0,0.0,,,,,,,,,,,0.9995869994163512,0.0002781013317871,0.0001348363730357,Normal,0.9995869994163512,,,,,0.9980722665786744,0.0019276500679552,not_hate_speech,0.9980722665786744,,,,,,,,,,,,,,,,,,,,,,,,,,,,,,
x,7ea7e535-9fef-c6d0-a2ed-4f2ef4f1ccac,HNajibullah,0.0,2017-07-24,2017-07-24 09:06:44 UTC,1308.0,69f5fff0-2ea7-7007-66c3-9f95d354d6ac,10.0,https://x.com/HNajibullah/status/889411515064954881,2.0,"Indeed... time for #Reconciliation, #Peace, #Unity, #Grieving, letting go of the past &amp; creating a shared future free of #Violence! https://t.co/d4nNyUmKrl",,,,,,,,,,,,,,,South Sudan,Peace,Hate Speech,Peace,2026-01-15 15:40:46.723151 UTC,2325,,very_high,low,low,low,low,low,low,medium,,,,,,0.0,,,,0.0,0.0,0.0,1.0,,1.0,0.0,0.0,0.0,0.0,0.0,,0.0,0.0,0.0,0.0,0.0,0.0,0.0,0.0,0.0,0.0,0.0,1.0,1.0,0.0,0.0,0.0,0.0,0.0,0.0,0.0,0.0,0.0,0.0,0.0,0.0,0.0,0.0,,0.0,,,,0.0,0.0,,,,,,,,,,,0.9996240139007568,0.0002604189503472,0.0001156022044597,Normal,0.9996240139007568,,,,,0.998680055141449,0.0013199552195146,not_hate_speech,0.998680055141449,,,,,,,,,,,,,,,,,,,,,,,,,,,,,,
x,c4ef3d9f-bcca-5ced-30d0-a9b9eecafdbc,Mwiza123,0.0,2017-07-25,2017-07-25 03:05:02 UTC,1308.0,c8e33421-5663-1446-af07-a87145f3be47,0.0,https://x.com/Mwiza123/status/889682877595516929,0.0,Professor Ben Mollov from Israel; one of the key players in Unity and Reconciliation of the region #ELLTA2017 https://t.co/Lcz3NWqTfU,,,,,,,,,,,,,,,South Sudan,Peace,Hate Speech,Peace,2026-01-15 15:40:46.723151 UTC,2325,,very_high,low,low,low,low,low,low,high,,,,,,0.0,,,,0.0,0.0,0.0,1.0,,1.0,0.0,0.0,0.0,0.0,0.0,,0.0,0.0,0.0,0.0,0.0,0.0,0.0,0.0,0.0,0.0,0.0,1.0,1.0,0.0,0.0,0.0,0.0,0.0,0.0,0.0,0.0,0.0,0.0,0.0,0.0,0.0,0.0,,0.0,,,,0.0,0.0,,,,,,,,,,,0.999707281589508,0.0002050385810434,8.775510650593787e-05,Normal,0.999707281589508,,,,,0.9991322159767152,0.0008677911828272,not_hate_speech,0.9991322159767152,,,,,,,,,,,,,,,,,,,,,,,,,,,,,,
x,252dc760-42d7-1e20-feeb-73404faf33dd,IPfestpdx,0.0,2017-07-25,2017-07-25 23:51:56 UTC,1308.0,d5fce5f2-6184-3e31-7ec1-6d8ad0def088,0.0,https://x.com/IPfestpdx/status/889996671370657792,0.0,Join us August 5! #IPFest2017 #Portland #Unity #Diversity #Peace #Reconciliation #Hope #Love https://t.co/avtXyD9mT8,,,,,,,,,,,,,,,South Sudan,Peace,Hate Speech,Peace,2026-01-15 15:40:46.723151 UTC,2325,,very_high,low,low,low,low,low,low,medium,,,,,,0.0,,,,0.0,0.0,0.0,1.0,,1.0,0.0,0.0,0.0,0.0,0.0,,0.0,0.0,0.0,0.0,0.0,0.0,0.0,0.0,0.0,0.0,0.0,1.0,1.0,0.0,0.0,0.0,0.0,0.0,0.0,0.0,0.0,0.0,0.0,0.0,0.0,0.0,0.0,,0.0,,,,0.0,0.0,,,,,,,,,,,0.9996150732040404,0.0002422193065285,0.0001425800728611,Normal,0.9996150732040404,,,,,0.9990708827972412,0.000929074245505,not_hate_speech,0.9990708827972412,,,,,,,,,,,,,,,,,,,,,,,,,,,,,,
x,3ec6bc35-640f-37fd-ae6b-215419995607,douglasbass,0.0,2017-07-26,2017-07-26 02:32:03 UTC,1308.0,d0dadcad-ae3e-763e-4370-d644fa680d47,1.0,https://x.com/douglasbass/status/890036966066204673,1.0,I'm happy for Peter Capaldi's dream of helping Dr. Who coming true. I dream of the reconciliation/unity of the warring tribes of humanity.,,,,,,,,,,,,,,,South Sudan,Peace,Peace,Peace,2026-01-15 15:40:46.723151 UTC,2325,high,,low,low,low,low,low,low,medium,,,,,,0.0,,,,0.0,0.0,0.0,1.0,,1.0,0.0,0.0,0.0,0.0,0.0,,0.0,0.0,0.0,0.0,0.0,0.0,0.0,0.0,0.0,0.0,0.0,1.0,1.0,0.0,0.0,0.0,0.0,0.0,0.0,0.0,0.0,0.0,0.0,0.0,0.0,0.0,0.0,,0.0,,,,0.0,0.0,,,,,,,,,,,0.2966615259647369,0.6959505081176758,0.0073880413547158,Abusive,0.6959505081176758,,,,,0.9987033605575562,0.0012966556241735,not_hate_speech,0.9987033605575562,,,,,,,,,,,,,,,,,,,,,,,,,,,,,,
x,cd686cf4-e292-cc0d-e81e-d9c4c7c4dce2,TezlynFigaro,39.0,2017-07-26,2017-07-26 16:20:44 UTC,1308.0,1cddb1c7-d0f3-7275-60c4-6421aba76afb,185.0,https://x.com/TezlynFigaro/status/890245511860670464,157.0,"DNC @TomPerez used barricades in front of @ninaturner story by @msainat1 @TheRealNews 
https://t.co/PBEdXXzli2",,,,,,,,,,,,,,,South Sudan,Peace,Hate Speech,Peace,2026-01-15 15:40:46.723151 UTC,2325,,high,low,low,low,low,low,low,medium,,,,,,0.0,,,,0.0,0.0,0.0,0.0,,0.0,0.0,0.0,0.0,0.0,0.0,,0.0,0.0,0.0,0.0,0.0,0.0,0.0,0.0,0.0,0.0,0.0,0.0,0.0,0.0,0.0,0.0,0.0,0.0,0.0,0.0,0.0,0.0,0.0,0.0,0.0,0.0,0.0,,0.0,,,,0.0,0.0,,,,,,,,,,,0.9895106554031372,0.0050597004592418,0.0054296795278787,Normal,0.9895106554031372,,,,,0.9990837574005128,0.0009162015048786,not_hate_speech,0.9990837574005128,,,,,,,,,,,,,,,,,,,,,,,,,,,,,,
x,192601db-e592-5323-8e34-e469be20ce3f,KMPfoundation,0.0,2017-07-26,2017-07-26 19:13:41 UTC,1308.0,356ce649-e304-b375-2d72-bcfb92a3dce7,3.0,https://x.com/KMPfoundation/status/890289034769158144,1.0,"For many Rwandans, #KizitoMihigo is not a political criminal but an icon of #Peace, #unity and national #reconciliation. #Rwanda #FreeKizito https://t.co/XIvXa45VIt",,,,,,,,,,,,,,,South Sudan,Peace,Peace,Peace,2026-01-15 15:40:46.723151 UTC,2325,,very_high,,,,,,,,,,,,,0.0,,,,0.0,0.0,0.0,1.0,,1.0,0.0,0.0,0.0,0.0,0.0,,0.0,0.0,0.0,0.0,0.0,0.0,0.0,0.0,0.0,0.0,0.0,1.0,1.0,0.0,0.0,0.0,0.0,0.0,0.0,0.0,0.0,0.0,0.0,0.0,0.0,0.0,0.0,,0.0,,,,0.0,0.0,,,,,,,,,,,0.0005017385119572,0.0179261919111013,0.9815720319747924,Hate,0.9815720319747924,,,,,0.998842179775238,0.0011577993864193,not_hate_speech,0.998842179775238,,,,,,,,,,,,,,,,,,,,,,,,,,,,,,
x,ed9cc86d-1de8-f8f0-c8e2-170a531ee644,ICRC_Africa,16.0,2017-07-27,2017-07-27 06:29:02 UTC,1308.0,77401e8e-ee0f-1e91-0c8b-833955ddb14c,107.0,https://x.com/ICRC_Africa/status/890458992132202498,42.0,Together again! Kun Padiet &amp; his wife Nyakuony were separated by conflict in #SouthSudan for 9 years. This is how we helped reunited them. https://t.co/xXA2tFQlrq,,,,,,,,,,,,,,,South Sudan,Peace,Hate Speech,Peace,2026-01-15 15:40:46.723151 UTC,2325,high,,low,low,low,low,low,low,medium,,,,,,0.0,,,,0.0,0.0,0.0,0.0,,0.0,0.0,0.0,0.0,0.0,0.0,,0.0,0.0,0.0,0.0,0.0,0.0,0.0,0.0,0.0,0.0,0.0,0.0,0.0,0.0,0.0,0.0,0.0,0.0,0.0,0.0,0.0,0.0,0.0,0.0,0.0,0.0,0.0,,0.0,,,,0.0,0.0,,,,,,,,,,,0.9877782464027404,0.0105435475707054,0.00167824071832,Normal,0.9877782464027404,,,,,0.9985263347625732,0.0014736256562173,not_hate_speech,0.9985263347625732,,,,,,,,,,,,,,,,,,,,,,,,,,,,,,
x,93787f3d-7945-eb3a-88e6-186989c9f34d,Oikoumene,1.0,2018-05-03,2018-05-03 15:11:50 UTC,1308.0,e4ecdb04-ba84-c50e-066d-ba6ba2ed3b1a,5.0,https://x.com/Oikoumene/status/992059163432779776,1.0,Südsudanesische Delegation setzt sich in New York für den Frieden ein: Abgesandte des Südsudanesischen Kirchenrates (SSCC) nahmen in Begleitung des Ökumenischen Rates der Kirchen in der letzten Woche in New York an einer Reihe von… https://t.co/lL0Z2jkobB #ÖRK #WCC #SüdSudan,,,,,,,,,,,,,,,South Sudan,Peace,Hate Speech,Peace,2026-01-15 15:40:46.723151 UTC,2325,,very_high,,,,,,,,,,,,,0.0,,,,0.0,0.0,0.0,0.0,,0.0,0.0,0.0,0.0,0.0,0.0,,0.0,0.0,0.0,0.0,0.0,0.0,0.0,0.0,0.0,0.0,0.0,0.0,0.0,0.0,0.0,0.0,0.0,0.0,0.0,0.0,0.0,0.0,0.0,0.0,0.0,0.0,0.0,,0.0,,,,0.0,0.0,,,,,,,,,,,0.999704658985138,0.0001606496080057,0.0001346998033113,Normal,0.999704658985138,,,,,0.999159336090088,0.0008406129200011,not_hate_speech,0.999159336090088,,,,,,,,,,,,,,,,,,,,,,,,,,,,,,
x,93787f3d-7945-eb3a-88e6-186989c9f34d,Oikoumene,0.0,2018-05-03,2018-05-03 18:08:49 UTC,1308.0,3103215a-4fe9-02cf-98f6-3f55d0d4eb29,2.0,https://x.com/Oikoumene/status/992103703157993472,2.0,"Une délégation du Soudan du Sud plaide en faveur de la paix à New York: Des représentants et représentantes du Conseil des Églises du Soudan du Sud (SSCC) ont participé à une série de réunions la semaine dernière à New York, aux côtés du Conseil… https://t.co/YLtnblEUD2",,,,,,,,,,,,,,,South Sudan,Peace,Hate Speech,Peace,2026-01-15 15:40:46.723151 UTC,2325,,very_high,,,,,,,,,,,,,0.0,,,,0.0,0.0,0.0,0.0,,0.0,0.0,0.0,0.0,0.0,0.0,,0.0,0.0,0.0,0.0,0.0,0.0,0.0,0.0,0.0,0.0,0.0,0.0,0.0,0.0,0.0,0.0,0.0,0.0,0.0,0.0,0.0,0.0,0.0,0.0,0.0,0.0,0.0,,0.0,,,,0.0,0.0,,,,,,,,,,,0.9997569918632508,0.0001566736318636,8.626863564131781e-05,Normal,0.9997569918632508,,,,,0.9991896748542786,0.0008102845749817,not_hate_speech,0.9991896748542786,,,,,,,,,,,,,,,,,,,,,,,,,,,,,,
x,451c7100-106c-da04-6045-a2c3e18767d6,RadioMiraya,1.0,2018-05-08,2018-05-08 15:35:31 UTC,1308.0,fe54dafd-8e6a-ef72-282e-df5ccb7587e7,4.0,https://x.com/RadioMiraya/status/993877059956068352,3.0,Visiting high-level pilgrim delegation from World Council of Churches expresses solidarity with #SouthSudan churches on issues of peace and gender justice @Oikoumene @wccpilgrimage https://t.co/6E0Aa1G2zD,,,,,,,,,,,,,,,South Sudan,Peace,Hate Speech,Peace,2026-01-15 15:40:46.723151 UTC,2325,,very_high,low,low,low,low,low,low,medium,,,,,,0.0,,,,0.0,0.0,0.0,0.0,,0.0,0.0,0.0,0.0,0.0,0.0,,0.0,0.0,0.0,0.0,0.0,0.0,0.0,0.0,0.0,0.0,0.0,0.0,0.0,0.0,0.0,0.0,0.0,0.0,0.0,0.0,0.0,0.0,0.0,0.0,0.0,0.0,0.0,,0.0,,,,0.0,0.0,,,,,,,,,,,0.9997099041938782,0.0001716168189886,0.0001185157525469,Normal,0.9997099041938782,,,,,0.9991220831871032,0.0008779022609815,not_hate_speech,0.9991220831871032,,,,,,,,,,,,,,,,,,,,,,,,,,,,,,
x,353f0c6b-314d-cd2f-8b24-f19c46d18799,SSCChurches,4.0,2018-05-18,2018-05-18 06:46:41 UTC,1308.0,03238fd6-0378-1c9a-e882-42716c7d4645,7.0,https://x.com/SSCChurches/status/997367856881946624,1.0,#SSCC addresses the opening of the #HLRF and appeals for parties to the conflict to seek true #peace #SouthSudan https://t.co/JboSdntcLm,,,,,,,,,,,,,,,South Sudan,Peace,Hate Speech,Peace,2026-01-15 15:40:46.723151 UTC,2325,,very_high,low,low,low,low,low,low,medium,,,,,,0.0,,,,0.0,0.0,0.0,0.0,,0.0,0.0,0.0,0.0,0.0,0.0,,0.0,0.0,0.0,0.0,0.0,0.0,0.0,0.0,0.0,0.0,0.0,0.0,0.0,0.0,0.0,0.0,0.0,0.0,0.0,0.0,0.0,0.0,0.0,0.0,0.0,0.0,0.0,,0.0,,,,0.0,0.0,,,,,,,,,,,0.999459445476532,0.0002684602222871,0.0002721417695283,Normal,0.999459445476532,,,,,0.9991514682769777,0.0008485621656291,not_hate_speech,0.9991514682769777,,,,,,,,,,,,,,,,,,,,,,,,,,,,,,
x,16fd134d-5432-3ddc-02aa-a6f751fd2980,RMBerger,0.0,2018-05-18,2018-05-18 13:28:05 UTC,1308.0,0381488b-de1e-e600-8210-050e531fe21b,0.0,https://x.com/RMBerger/status/997468869794115584,0.0,South Sudan Council of Churches addresses Sudan peace talks 6fb93c_c8c5dd5b31b74d0fb4e8f3058d6461ef.pdf https://t.co/KQX7uMTVxs,,,,,,,,,,,,,,,South Sudan,Peace,Hate Speech,Peace,2026-01-15 15:40:46.723151 UTC,2325,,very_high,low,low,low,low,low,low,medium,,,,,,0.0,,,,0.0,0.0,0.0,0.0,,0.0,0.0,0.0,0.0,0.0,0.0,,0.0,0.0,0.0,0.0,0.0,0.0,0.0,0.0,0.0,0.0,0.0,0.0,0.0,0.0,0.0,0.0,0.0,0.0,0.0,0.0,0.0,0.0,0.0,0.0,0.0,0.0,0.0,,0.0,,,,0.0,0.0,,,,,,,,,,,0.9995943903923036,0.0002862715627998,0.0001193669231724,Normal,0.9995943903923036,,,,,0.9982932209968568,0.0017068296438083,not_hate_speech,0.9982932209968568,,,,,,,,,,,,,,,,,,,,,,,,,,,,,,
x,11070991-3510-134f-9c4d-6a35ad882085,Nation_Courier,0.0,2018-05-19,2018-05-19 13:25:32 UTC,1308.0,33e889f1-a4e9-ecca-52a3-fb2f502f213e,1.0,https://x.com/Nation_Courier/status/997830617516552192,0.0,"PEACE: #SouthSudan Council of Churches says progress has been made in Addis. #SSudan

A statement by South Sudan Council of Churches who are playing a pivotal role in the negotiations in Addis says that some... https://t.co/sU1DAKRELG",,,,,,,,,,,,,,,South Sudan,Peace,Hate Speech,Peace,2026-01-15 15:40:46.723151 UTC,2325,,very_high,low,low,low,low,low,low,medium,,,,,,0.0,,,,0.0,0.0,0.0,0.0,,0.0,0.0,0.0,0.0,0.0,0.0,,0.0,0.0,0.0,0.0,0.0,0.0,0.0,0.0,0.0,0.0,0.0,0.0,0.0,0.0,0.0,0.0,0.0,0.0,0.0,0.0,0.0,0.0,0.0,0.0,0.0,0.0,0.0,,0.0,,,,0.0,0.0,,,,,,,,,,,0.9997339844703674,0.0001660956622799,9.988628153223544e-05,Normal,0.9997339844703674,,,,,0.999177634716034,0.0008223679615184,not_hate_speech,0.999177634716034,,,,,,,,,,,,,,,,,,,,,,,,,,,,,,
x,f94e1a0f-76e3-ca77-7cb8-9095e6b341d5,perilofafrica,0.0,2018-05-19,2018-05-19 14:20:09 UTC,1308.0,f7d666af-132e-b893-7900-f0622acb031d,0.0,https://x.com/perilofafrica/status/997844360724144130,0.0,"via @PerilofAfrica Warring parties ‘recommit’ to silence the guns as talks progress: South Sudan’s parties have committed themselves to silence the guns while the peace talks are progressing, according to South Sudan council of churches. **AUTOMATED... https://t.co/pas43T0joO",,,,,,,,,,,,,,,South Sudan,Peace,Hate Speech,Peace,2026-01-15 15:40:46.723151 UTC,2325,,very_high,low,low,low,low,low,low,medium,,,,,,0.0,,,,0.0,0.0,0.0,0.0,,0.0,0.0,0.0,0.0,0.0,0.0,,0.0,0.0,0.0,0.0,0.0,0.0,0.0,0.0,0.0,0.0,0.0,0.0,0.0,0.0,0.0,0.0,0.0,0.0,0.0,0.0,0.0,0.0,0.0,0.0,0.0,0.0,0.0,,0.0,,,,0.0,0.0,,,,,,,,,,,0.9996318817138672,0.0002397068310528,0.0001283785240957,Normal,0.9996318817138672,,,,,0.9992571473121644,0.0007427799282595,not_hate_speech,0.9992571473121644,,,,,,,,,,,,,,,,,,,,,,,,,,,,,,
x,0e07b853-fbc1-d6e5-470b-c80a6589942d,PabloBlancoSart,0.0,2018-05-20,2018-05-20 08:53:07 UTC,1308.0,a7df5f65-2fd7-7c99-de95-49d8868d3142,0.0,https://x.com/PabloBlancoSart/status/998124447587602432,0.0,"As peace talks continue in South Sudan, faith groups share messages — World Council of Churches https://t.co/8OgRdVw75n",,,,,,,,,,,,,,,South Sudan,Peace,Hate Speech,Peace,2026-01-15 15:40:46.723151 UTC,2325,,very_high,low,low,low,low,low,low,medium,,,,,,0.0,,,,0.0,0.0,0.0,0.0,,0.0,0.0,0.0,0.0,0.0,0.0,,0.0,0.0,0.0,0.0,0.0,0.0,0.0,0.0,0.0,0.0,0.0,0.0,0.0,0.0,0.0,0.0,0.0,0.0,0.0,0.0,0.0,0.0,0.0,0.0,0.0,0.0,0.0,,0.0,,,,0.0,0.0,,,,,,,,,,,0.9996919631958008,0.0002158529241569,9.229753050021829e-05,Normal,0.9996919631958008,,,,,0.9991388320922852,0.0008611307712271,not_hate_speech,0.9991388320922852,,,,,,,,,,,,,,,,,,,,,,,,,,,,,,
x,b689a3f1-4200-b1ea-6ad4-93d878f38559,Nyamilee,0.0,2018-05-20,2018-05-20 12:31:06 UTC,1308.0,56ce3c42-b55a-e0ad-8574-865c299b2f99,0.0,https://x.com/Nyamilee/status/998179305887805440,0.0,May 20th May 2018 (Nyamilepedia) - Religious leaders representing the South Sudan Council of Churches at the peace talks in the Ethiopian Capital Addis Ababa have not taken... https://t.co/Vk9nmflW1O,,,,,,,,,,,,,,,South Sudan,Peace,Hate Speech,Peace,2026-01-15 15:40:46.723151 UTC,2325,,very_high,,,,,,,,,,,,,0.0,,,,0.0,0.0,0.0,0.0,,0.0,0.0,0.0,0.0,0.0,0.0,,0.0,0.0,0.0,0.0,0.0,0.0,0.0,0.0,0.0,0.0,0.0,0.0,0.0,0.0,0.0,0.0,0.0,0.0,0.0,0.0,0.0,0.0,0.0,0.0,0.0,0.0,0.0,,0.0,,,,0.0,0.0,,,,,,,,,,,0.9996116757392884,0.0002268161042593,0.0001615257933735,Normal,0.9996116757392884,,,,,0.9991095662117004,0.0008904150454327,not_hate_speech,0.9991095662117004,,,,,,,,,,,,,,,,,,,,,,,,,,,,,,
x,6fba2fff-7757-4cba-a23a-bbbcc670bd8c,AusEmbET,0.0,2018-05-21,2018-05-21 07:02:17 UTC,1308.0,5634cccc-8b77-cf67-48d3-4b1835dc4521,5.0,https://x.com/AusEmbET/status/998458943906070528,1.0,"I welcome the recent statement from the Australian National Council of Churches and South Sudanese church leaders on the conflict in South Sudan. An important message for all at the IGAD HLRF.
https://t.co/JZS82PXMNi
#SouthSudan #IGAD #Anataban",,,,,,,,,,,,,,,South Sudan,Peace,Hate Speech,Peace,2026-01-15 15:40:46.723151 UTC,2325,,very_high,low,low,low,low,low,low,medium,,,,,,0.0,,,,0.0,0.0,0.0,0.0,,0.0,0.0,0.0,0.0,0.0,0.0,,0.0,0.0,0.0,0.0,0.0,0.0,0.0,0.0,0.0,0.0,0.0,0.0,0.0,0.0,0.0,0.0,0.0,0.0,0.0,0.0,0.0,0.0,0.0,0.0,0.0,0.0,0.0,,0.0,,,,0.0,0.0,,,,,,,,,,,0.9997392296791076,0.0001554864575155,0.0001052749503287,Normal,0.9997392296791076,,,,,0.9991775155067444,0.0008224337943829,not_hate_speech,0.9991775155067444,,,,,,,,,,,,,,,,,,,,,,,,,,,,,,
x,3e927cf1-3e48-d1f2-dd26-4b60f5b9d20f,JustinBadiArama,0.0,2018-05-23,2018-05-23 14:50:31 UTC,1308.0,5bd251d0-b0bf-f8b8-7171-1a212c4db815,0.0,https://x.com/JustinBadiArama/status/999301554573365248,1.0,"After a long week in Addis Ababa, leading the peace talk process, the Archbishop Justin - Primate of the Episcopal Church of South Sudan and head of the delegation of South Sudan Council of Churches - arrived back in Juba this afternoon. https://t.co/DRcUSbm7Au",,,,,,,,,,,,,,,South Sudan,Peace,Hate Speech,Peace,2026-01-15 15:40:46.723151 UTC,2325,high,,low,low,low,low,low,low,medium,,,,,,0.0,,,,0.0,0.0,0.0,0.0,,0.0,0.0,0.0,0.0,0.0,0.0,,0.0,0.0,0.0,0.0,0.0,0.0,0.0,0.0,0.0,0.0,0.0,0.0,0.0,0.0,0.0,0.0,0.0,0.0,0.0,0.0,0.0,0.0,0.0,0.0,0.0,0.0,0.0,,0.0,,,,0.0,0.0,,,,,,,,,,,0.9997319579124452,0.0001934313622768,7.460090273525566e-05,Normal,0.9997319579124452,,,,,0.998870313167572,0.0011296160519123,not_hate_speech,0.998870313167572,,,,,,,,,,,,,,,,,,,,,,,,,,,,,,
x,5bf44069-2649-3960-1eb8-2f8caaf41424,AbuDeng,0.0,2018-05-25,2018-05-25 11:51:52 UTC,1308.0,d4dc0e68-ac0a-61eb-3e75-3d1f855a91ed,0.0,https://x.com/AbuDeng/status/999981371958480896,0.0,"#SouthSudan's M.Makuei says #Peace Talks went very well; all parties signed addendum to strengthen CoH, monitoring; SSCC commitment signed on CoH, Negots...IGAD Proposal bridged the gap among Parties he says | AD: MM deceives citizens badly agt worst ever! https://t.co/g6LOOscczL",,,,,,,,,,,,,,,South Sudan,Peace,Hate Speech,Peace,2026-01-15 15:40:46.723151 UTC,2325,,very_high,low,low,low,low,low,low,high,,,,,,0.0,,,,0.0,0.0,0.0,0.0,,0.0,0.0,0.0,0.0,0.0,0.0,,0.0,0.0,0.0,0.0,0.0,0.0,0.0,0.0,0.0,0.0,0.0,0.0,0.0,0.0,0.0,0.0,0.0,0.0,0.0,0.0,0.0,0.0,0.0,0.0,0.0,0.0,0.0,,0.0,,,,0.0,0.0,,,,,,,,,,,0.0046669268049299,0.0927499458193779,0.9025831818580629,Hate,0.9025831818580629,,,,,0.9991174340248108,0.0008825234835967,not_hate_speech,0.9991174340248108,,,,,,,,,,,,,,,,,,,,,,,,,,,,,,
x,93787f3d-7945-eb3a-88e6-186989c9f34d,Oikoumene,0.0,2018-05-29,2018-05-29 11:32:54 UTC,1308.0,7144fdb4-8d52-e250-f91c-9bb8f4b72bfd,4.0,https://x.com/Oikoumene/status/1001426151984713731,2.0,The National Council of Churches in Australia drew together 27 Australian-Sudanese and South Sudanese leaders from 7 churches for a national consultation held 15-16 May in Canberra. https://t.co/JIPxejWcwn #wcc @NCCAComms,,,,,,,,,,,,,,,South Sudan,Peace,Hate Speech,Peace,2026-01-15 15:40:46.723151 UTC,2325,,very_high,low,low,low,low,low,low,medium,,,,,,0.0,,,,0.0,0.0,0.0,0.0,,0.0,0.0,0.0,0.0,0.0,0.0,,0.0,0.0,0.0,0.0,0.0,0.0,0.0,0.0,0.0,0.0,0.0,0.0,0.0,0.0,0.0,0.0,0.0,0.0,0.0,0.0,0.0,0.0,0.0,0.0,0.0,0.0,0.0,,0.0,,,,0.0,0.0,,,,,,,,,,,0.9997392296791076,0.0001676019601291,9.319952368969098e-05,Normal,0.9997392296791076,,,,,0.9989535808563232,0.0010463672224432,not_hate_speech,0.9989535808563232,,,,,,,,,,,,,,,,,,,,,,,,,,,,,,
x,bfa89cfd-43f9-7bfa-56e2-eb8a64412675,IrlEmbEthiopia,0.0,2018-06-06,2018-06-06 06:20:05 UTC,1308.0,ff904cf4-ea0c-f92b-bbc5-7acde83342b1,9.0,https://x.com/IrlEmbEthiopia/status/1004246528901505024,2.0,"2/2 I also met with Irish NGOs, Acting UNRC/HC, Head of UNMISS, South Sudan Council of Churches, Ethiopian Ambassador &amp; EU Ambassadors. Clear message that a sustainable peace agreement is the only way to address the humanitarian crisis. https://t.co/kDX5ne4O0G",,,,,,,,,,,,,,,South Sudan,Peace,Hate Speech,Peace,2026-01-15 15:40:46.723151 UTC,2325,,very_high,low,low,low,low,low,low,medium,,,,,,0.0,,,,0.0,0.0,0.0,0.0,,0.0,0.0,0.0,0.0,0.0,0.0,,0.0,0.0,0.0,0.0,0.0,0.0,0.0,0.0,0.0,0.0,0.0,0.0,0.0,0.0,0.0,0.0,0.0,0.0,0.0,0.0,0.0,0.0,0.0,0.0,0.0,0.0,0.0,,0.0,,,,0.0,0.0,,,,,,,,,,,0.9996680021286012,0.0002168852515751,0.0001150735697592,Normal,0.9996680021286012,,,,,0.9992306232452391,0.0007693350780755,not_hate_speech,0.9992306232452391,,,,,,,,,,,,,,,,,,,,,,,,,,,,,,
x,60059004-d299-fa35-7107-a3dbb71b1702,pciassembly,0.0,2018-06-06,2018-06-06 13:11:29 UTC,1308.0,3516c8bc-10cf-0a0f-f653-fc74e2b3295d,0.0,https://x.com/pciassembly/status/1004350064204996608,0.0,The National Council of Churches of South Sudan’s action plan for peace is a source of hope for the future. #pciga18,,,,,,,,,,,,,,,South Sudan,Peace,Hate Speech,Peace,2026-01-15 15:40:46.723151 UTC,2325,,very_high,low,low,low,low,low,low,low,,,,,,0.0,,,,0.0,0.0,0.0,0.0,,0.0,0.0,0.0,0.0,0.0,0.0,,0.0,0.0,0.0,0.0,0.0,0.0,0.0,0.0,0.0,0.0,0.0,0.0,0.0,0.0,0.0,0.0,0.0,0.0,0.0,0.0,0.0,0.0,0.0,0.0,0.0,0.0,0.0,,0.0,,,,0.0,0.0,,,,,,,,,,,0.9996951818466188,0.0002000180393224,0.0001048633057507,Normal,0.9996951818466188,,,,,0.999138116836548,0.0008618276333436,not_hate_speech,0.999138116836548,,,,,,,,,,,,,,,,,,,,,,,,,,,,,,
x,a4d93d83-9ec0-f30d-72a1-441d16c0c919,kairoscanada,0.0,2018-06-13,2018-06-13 12:02:05 UTC,1308.0,c9fc2d11-e9c2-b20a-d49e-91b2dc5a3d93,1.0,https://x.com/kairoscanada/status/1006869312987193344,0.0,The Peace Builders: South Sudan Council of Churches: National Women's Programme – South Sudanese women build groundwork for lasting peace – https://t.co/a4Ii94Db9z #WomenPeaceSecurity https://t.co/IEhHV2IfaM,,,,,,,,,,,,,,,South Sudan,Peace,Hate Speech,Peace,2026-01-15 15:40:46.723151 UTC,2325,,very_high,low,low,low,low,low,low,medium,,,,,,0.0,,,,0.0,0.0,0.0,0.0,,0.0,0.0,0.0,0.0,0.0,0.0,,0.0,0.0,0.0,0.0,0.0,0.0,0.0,0.0,0.0,0.0,0.0,0.0,0.0,0.0,0.0,0.0,0.0,0.0,0.0,0.0,0.0,0.0,0.0,0.0,0.0,0.0,0.0,,0.0,,,,0.0,0.0,,,,,,,,,,,0.999734103679657,0.0001625118165975,0.0001033349471981,Normal,0.999734103679657,,,,,0.9990836381912231,0.0009164124494418,not_hate_speech,0.9990836381912231,,,,,,,,,,,,,,,,,,,,,,,,,,,,,,
x,5c6d211f-2a7e-0743-521d-98888e0198ee,alan_hamson,0.0,2018-06-22,2018-06-22 08:21:25 UTC,1308.0,e2cbc087-f28f-0ff6-a495-f24ddd1d0419,5.0,https://x.com/alan_hamson/status/1010075270513033216,1.0,"Always great to hear from @SSCChurches on efforts for peace in #SouthSudan. And proud of @kairoscanada (w/@CanadaDev) technical support to #SSCC Women's Network. Le chemin vers la paix reste long, mais quand l'Église et les femmes travaillent ensemble, nous pourrons y arriver. https://t.co/gcWt2V37IZ",,,,,,,,,,,,,,,South Sudan,Peace,Hate Speech,Peace,2026-01-15 15:40:46.723151 UTC,2325,,very_high,,,,,,,,,,,,,0.0,,,,0.0,0.0,0.0,0.0,,0.0,0.0,0.0,0.0,0.0,0.0,,0.0,0.0,0.0,0.0,0.0,0.0,0.0,0.0,0.0,0.0,0.0,0.0,0.0,0.0,0.0,0.0,0.0,0.0,0.0,0.0,0.0,0.0,0.0,0.0,0.0,0.0,0.0,,0.0,,,,0.0,0.0,,,,,,,,,,,0.999686360359192,0.0001864854712039,0.000127145263832,Normal,0.999686360359192,,,,,0.9990297555923462,0.0009702167008072,not_hate_speech,0.9990297555923462,,,,,,,,,,,,,,,,,,,,,,,,,,,,,,
x,f3a73dd2-7473-4e67-25a0-207500e6a640,ugchristiannews,0.0,2018-06-28,2018-06-28 04:08:50 UTC,1308.0,9fbd4a54-3756-4844-a0c3-a7946b0e5c66,0.0,https://x.com/ugchristiannews/status/1012186031225999360,0.0,"Faith leaders under their umbrella Organisation, South Sudan Council of Churches have vowed to continue to support, pray and engage South Sudanese President Salva Kiir and arch-foe Riek Machar  through the ongoing action for peace.

https://t.co/kn8HSBpFJI",,,,,,,,,,,,,,,South Sudan,Peace,Hate Speech,Peace,2026-01-15 15:40:46.723151 UTC,2325,,very_high,low,low,low,low,low,low,medium,,,,,,0.0,,,,0.0,0.0,0.0,0.0,,0.0,0.0,0.0,0.0,0.0,0.0,,0.0,0.0,0.0,0.0,0.0,0.0,0.0,0.0,0.0,1.0,0.0,0.0,0.0,0.0,0.0,0.0,0.0,0.0,0.0,0.0,0.0,0.0,0.0,0.0,0.0,0.0,0.0,,0.0,,,,0.0,0.0,,,,,,,,,,,0.9834663271903992,0.0159695670008659,0.0005640638410113,Normal,0.9834663271903992,,,,,0.99906986951828,0.0009302159305661,not_hate_speech,0.99906986951828,,,,,,,,,,,,,,,,,,,,,,,,,,,,,,
x,a4d93d83-9ec0-f30d-72a1-441d16c0c919,kairoscanada,1.0,2018-06-28,2018-06-28 12:01:15 UTC,1308.0,993afe98-585d-0d8d-46ec-3cfbcbcab2c4,2.0,https://x.com/kairoscanada/status/1012304921625092096,2.0,The Peace Builders: South Sudan Council of Churches: National Women's Programme – South Sudanese women build groundwork for lasting peace – https://t.co/a4Ii94Db9z #WomenPeaceSecurity https://t.co/3IPtMsX6Xm,,,,,,,,,,,,,,,South Sudan,Peace,Hate Speech,Peace,2026-01-15 15:40:46.723151 UTC,2325,,very_high,low,low,low,low,low,low,medium,,,,,,0.0,,,,0.0,0.0,0.0,0.0,,0.0,0.0,0.0,0.0,0.0,0.0,,0.0,0.0,0.0,0.0,0.0,0.0,0.0,0.0,0.0,0.0,0.0,0.0,0.0,0.0,0.0,0.0,0.0,0.0,0.0,0.0,0.0,0.0,0.0,0.0,0.0,0.0,0.0,,0.0,,,,0.0,0.0,,,,,,,,,,,0.9997350573539734,0.0001617291854927,0.000103266480437,Normal,0.9997350573539734,,,,,0.9990763664245604,0.0009236512705683,not_hate_speech,0.9990763664245604,,,,,,,,,,,,,,,,,,,,,,,,,,,,,,
x,612707b2-ac0f-e93c-2bd0-0bea039a405d,abbaleksandr,0.0,2018-07-12,2018-07-12 10:37:19 UTC,1308.0,2c0929af-b08f-906f-5f19-f32f2c14ed62,1.0,https://x.com/abbaleksandr/status/1017357230021242886,0.0,"South Sudan peace-building needs to go beyond high-level talks, says Christian Aid report — World Council of Churches https://t.co/ImhtGlGXJV",,,,,,,,,,,,,,,South Sudan,Peace,Hate Speech,Peace,2026-01-15 15:40:46.723151 UTC,2325,,very_high,low,low,low,low,low,low,medium,,,,,,0.0,,,,0.0,0.0,0.0,0.0,,0.0,0.0,0.0,0.0,0.0,0.0,,0.0,0.0,0.0,0.0,0.0,0.0,0.0,0.0,0.0,0.0,0.0,0.0,0.0,0.0,0.0,0.0,0.0,0.0,0.0,0.0,0.0,0.0,0.0,0.0,0.0,0.0,0.0,,0.0,,,,0.0,0.0,,,,,,,,,,,0.999733030796051,0.000172635904164,9.424207382835448e-05,Normal,0.999733030796051,,,,,0.9991994500160216,0.0008005903800949,not_hate_speech,0.9991994500160216,,,,,,,,,,,,,,,,,,,,,,,,,,,,,,
x,a4d93d83-9ec0-f30d-72a1-441d16c0c919,kairoscanada,0.0,2018-07-13,2018-07-13 12:01:40 UTC,1308.0,8c17db8c-bcb6-52c1-3807-0de270f2bb39,0.0,https://x.com/kairoscanada/status/1017740844064034818,0.0,The Peace Builders: South Sudan Council of Churches: National Women's Programme – South Sudanese women build groundwork for lasting peace – https://t.co/a4Ii94Db9z #WomenPeaceSecurity https://t.co/dUKqPZrfvf,,,,,,,,,,,,,,,South Sudan,Peace,Hate Speech,Peace,2026-01-15 15:40:46.723151 UTC,2325,,very_high,low,low,low,low,low,low,medium,,,,,,0.0,,,,0.0,0.0,0.0,0.0,,0.0,0.0,0.0,0.0,0.0,0.0,,0.0,0.0,0.0,0.0,0.0,0.0,0.0,0.0,0.0,0.0,0.0,0.0,0.0,0.0,0.0,0.0,0.0,0.0,0.0,0.0,0.0,0.0,0.0,0.0,0.0,0.0,0.0,,0.0,,,,0.0,0.0,,,,,,,,,,,0.9997349381446838,0.0001625182921998,0.0001025235469569,Normal,0.9997349381446838,,,,,0.9990248680114746,0.0009750832687132,not_hate_speech,0.9990248680114746,,,,,,,,,,,,,,,,,,,,,,,,,,,,,,
x,24e4cb09-9095-ce68-398d-954a44d88fc3,CNewswire,0.0,2018-07-20,2018-07-20 15:21:16 UTC,1308.0,7b0d1dda-e95b-fc18-a24e-68e3e17ca497,1.0,https://x.com/CNewswire/status/1020327789487173632,0.0,South Sudan Council of Churches: 'Peace will Return to Our Country' https://t.co/InHJeCW1m4,,,,,,,,,,,,,,,South Sudan,Peace,Other,Peace,2026-01-15 15:40:46.723151 UTC,2325,,very_high,low,low,low,low,low,low,medium,,,,,,0.0,,,,0.0,0.0,0.0,0.0,,0.0,0.0,0.0,0.0,0.0,0.0,,0.0,0.0,0.0,0.0,0.0,0.0,0.0,0.0,0.0,0.0,0.0,0.0,0.0,0.0,0.0,0.0,0.0,0.0,0.0,0.0,0.0,0.0,0.0,0.0,0.0,0.0,0.0,,0.0,,,,0.0,0.0,,,,,,,,,,,0.9996784925460817,0.0002145597100025,0.0001070482248906,Normal,0.9996784925460817,,,,,0.9990803003311156,0.0009197259205393,not_hate_speech,0.9990803003311156,,,,,,,,,,,,,,,,,,,,,,,,,,,,,,
x,24e4cb09-9095-ce68-398d-954a44d88fc3,CNewswire,0.0,2018-07-20,2018-07-20 15:41:04 UTC,1308.0,e9ae39d3-f828-7293-e547-1bb44e5e0b79,0.0,https://x.com/CNewswire/status/1020332772273971202,0.0,South Sudan Council of Churches: 'Peace will Return to Our Country' https://t.co/yqk9GHGL6J,,,,,,,,,,,,,,,South Sudan,Peace,Hate Speech,Peace,2026-01-15 15:40:46.723151 UTC,2325,,very_high,low,low,low,low,low,low,medium,,,,,,0.0,,,,0.0,0.0,0.0,0.0,,0.0,0.0,0.0,0.0,0.0,0.0,,0.0,0.0,0.0,0.0,0.0,0.0,0.0,0.0,0.0,0.0,0.0,0.0,0.0,0.0,0.0,0.0,0.0,0.0,0.0,0.0,0.0,0.0,0.0,0.0,0.0,0.0,0.0,,0.0,,,,0.0,0.0,,,,,,,,,,,0.9996737241744996,0.0002156876726076,0.0001106115742004,Normal,0.9996737241744996,,,,,0.9990424513816832,0.0009575379663147,not_hate_speech,0.9990424513816832,,,,,,,,,,,,,,,,,,,,,,,,,,,,,,
x,93787f3d-7945-eb3a-88e6-186989c9f34d,Oikoumene,1.0,2018-07-20,2018-07-20 15:56:02 UTC,1308.0,999d8db2-4359-d997-333e-2ed1acc25aeb,6.0,https://x.com/Oikoumene/status/1020336539513995265,6.0,"In a 19 July statement, the South Sudan Council of Churches reflected on recent developments in the country: “The winds of violence and conflict have continued to obscure our road to light and peace, while the international community remains discouraged… https://t.co/k2Q2OyIsoX",,,,,,,,,,,,,,,South Sudan,Peace,Hate Speech,Peace,2026-01-15 15:40:46.723151 UTC,2325,,very_high,low,low,low,low,low,low,low,,,,,,0.0,,,,0.0,0.0,0.0,0.0,,0.0,0.0,0.0,0.0,0.0,0.0,,0.0,0.0,0.0,0.0,0.0,0.0,0.0,0.0,0.0,0.0,0.0,0.0,0.0,0.0,0.0,0.0,0.0,0.0,0.0,0.0,0.0,0.0,0.0,0.0,0.0,0.0,0.0,,0.0,,,,0.0,0.0,,,,,,,,,,,0.9995285272598268,0.0003420227731112,0.0001294616231461,Normal,0.9995285272598268,,,,,0.9990671277046204,0.0009328941814601,not_hate_speech,0.9990671277046204,,,,,,,,,,,,,,,,,,,,,,,,,,,,,,
x,353f0c6b-314d-cd2f-8b24-f19c46d18799,SSCChurches,3.0,2018-07-21,2018-07-21 08:03:52 UTC,1308.0,a7c5e11f-bdd5-0e8b-4d7c-fd31f3a7a9c2,7.0,https://x.com/SSCChurches/status/1020580103342968832,3.0,"#peace now! Statement from the Heads of Churches of the SSCC issued from Nairobi on 19 July - https://t.co/PYKfO2Yb4I - ""I am for peace, but when I speak, they are for war."" #SouthSudan @JustinBadiArama @Oikoumene @JustinWelby @Pontifex @AaccCeta  @igadsecretariat",,,,,,,,,,,,,,,South Sudan,Peace,Hate Speech,Peace,2026-01-15 15:40:46.723151 UTC,2325,,very_high,low,low,low,low,low,low,medium,,,,,,0.0,,,,0.0,0.0,0.0,0.0,,0.0,0.0,0.0,0.0,0.0,0.0,,0.0,0.0,0.0,0.0,0.0,0.0,0.0,0.0,0.0,0.0,0.0,0.0,0.0,0.0,0.0,0.0,0.0,0.0,0.0,0.0,0.0,0.0,0.0,0.0,0.0,0.0,0.0,,0.0,,,,0.0,0.0,,,,,,,,,,,0.9993189573287964,0.0003300349635537,0.0003510865790303,Normal,0.9993189573287964,,,,,0.999010443687439,0.0009895416442304,not_hate_speech,0.999010443687439,,,,,,,,,,,,,,,,,,,,,,,,,,,,,,
x,353f0c6b-314d-cd2f-8b24-f19c46d18799,SSCChurches,1.0,2018-07-21,2018-07-21 08:08:27 UTC,1308.0,3ce2d2f2-a251-8a5e-8a7e-90c1db14cfa6,16.0,https://x.com/SSCChurches/status/1020581254159314944,14.0,"""The Church reiterates to all stakeholders that peace is not an event, nor a document, but a process requiring commitment and sacrifice. Since the war began several agreements have been signed but not implemented. The people will no longer accept false promises."" #SouthSudan",,,,,,,,,,,,,,,South Sudan,Peace,Hate Speech,Peace,2026-01-15 15:40:46.723151 UTC,2325,,very_high,low,low,low,low,low,low,low,,,,,,0.0,,,,0.0,0.0,0.0,0.0,,0.0,0.0,0.0,0.0,0.0,0.0,,0.0,0.0,0.0,0.0,0.0,0.0,0.0,0.0,0.0,0.0,0.0,0.0,0.0,0.0,0.0,0.0,0.0,0.0,0.0,0.0,0.0,0.0,0.0,0.0,0.0,0.0,0.0,,0.0,,,,0.0,0.0,,,,,,,,,,,0.9997230172157288,0.0001709477073745,0.0001060973008861,Normal,0.9997230172157288,,,,,0.999134600162506,0.0008653803961351,not_hate_speech,0.999134600162506,,,,,,,,,,,,,,,,,,,,,,,,,,,,,,
x,3e927cf1-3e48-d1f2-dd26-4b60f5b9d20f,JustinBadiArama,1.0,2018-07-21,2018-07-21 10:17:40 UTC,1308.0,18f9aec7-c709-848e-7252-da8f1daedbb1,18.0,https://x.com/JustinBadiArama/status/1020613774120800256,15.0,"""... #Peace is the call from the hearts of all the people of #SouthSudan. ..."" .@SSCChurches statement following our meeting in Nairobi this week.
(pdf available on WCC website https://t.co/2aTXuepujt) https://t.co/8PU4B7boss",,,,,,,,,,,,,,,South Sudan,Peace,Hate Speech,Peace,2026-01-15 15:40:46.723151 UTC,2325,,very_high,low,low,low,low,low,low,medium,,,,,,0.0,,,,0.0,0.0,0.0,0.0,,0.0,0.0,0.0,0.0,0.0,0.0,,0.0,0.0,0.0,0.0,0.0,0.0,0.0,0.0,0.0,0.0,0.0,0.0,0.0,0.0,0.0,0.0,0.0,0.0,0.0,0.0,0.0,0.0,0.0,0.0,0.0,0.0,0.0,,0.0,,,,0.0,0.0,,,,,,,,,,,0.9996790885925292,0.0001830192049965,0.0001379345048917,Normal,0.9996790885925292,,,,,0.9985597729682922,0.0014401896623894,not_hate_speech,0.9985597729682922,,,,,,,,,,,,,,,,,,,,,,,,,,,,,,
x,044c2382-c3f7-a39d-6d31-a3e139d1ce13,PeaceBonny,0.0,2018-07-22,2018-07-22 00:49:12 UTC,1308.0,738e2054-9a05-bd4a-dbd6-95ae2d03559a,0.0,https://x.com/PeaceBonny/status/1020833100996251650,0.0,"""Peace Now!"" - Statement by the heads of churches of South Sudan Council of Churches, 19 July 2018 https://t.co/iKmlbCW9b9 …",,,,,,,,,,,,,,,South Sudan,Peace,Hate Speech,Peace,2026-01-15 15:40:46.723151 UTC,2325,,very_high,low,low,low,low,low,low,medium,,,,,,0.0,,,,0.0,0.0,0.0,0.0,,0.0,0.0,0.0,0.0,0.0,0.0,,0.0,0.0,0.0,0.0,0.0,0.0,0.0,0.0,0.0,0.0,0.0,0.0,0.0,0.0,0.0,0.0,0.0,0.0,0.0,0.0,0.0,0.0,0.0,0.0,0.0,0.0,0.0,,0.0,,,,0.0,0.0,,,,,,,,,,,0.9997422099113464,0.0001591363979969,9.863783634500578e-05,Normal,0.9997422099113464,,,,,0.999113142490387,0.0008868584409356,not_hate_speech,0.999113142490387,,,,,,,,,,,,,,,,,,,,,,,,,,,,,,
x,27943efb-cc95-8bc0-3532-d387ab640ff0,FulbeHateTrackr,0.0,2018-07-22,2018-07-22 09:30:47 UTC,1308.0,682a7b05-b8e8-17ee-d527-2b58f16c4962,0.0,https://x.com/FulbeHateTrackr/status/1020964362717102080,0.0,Let us retweet some tweets from the South Sudan 🇸🇸 Council of Churches. #Peace. @SSCChurches,,,,,,,,,,,,,,,South Sudan,Peace,Hate Speech,Peace,2026-01-15 15:40:46.723151 UTC,2325,,very_high,low,low,low,low,low,low,medium,,,,,,0.0,,,,0.0,0.0,0.0,0.0,,0.0,0.0,0.0,0.0,0.0,0.0,,0.0,0.0,0.0,0.0,0.0,0.0,0.0,0.0,0.0,0.0,0.0,0.0,0.0,0.0,0.0,0.0,0.0,0.0,0.0,0.0,0.0,0.0,0.0,0.0,0.0,0.0,0.0,,0.0,,,,0.0,0.0,,,,,,,,,,,0.9996040463447572,0.0002800390648189,0.0001159278908744,Normal,0.9996040463447572,,,,,0.9993058443069458,0.0006940926541574,not_hate_speech,0.9993058443069458,,,,,,,,,,,,,,,,,,,,,,,,,,,,,,
x,1f68caab-b8e6-c7bb-fac8-52c8c5a57736,AnglicanWorld,1.0,2018-07-24,2018-07-24 15:17:40 UTC,1308.0,1c2dcea6-f69e-1e9f-0597-96d131f6e09d,0.0,https://x.com/AnglicanWorld/status/1021776436607238150,2.0,Church leaders from South Sudan including @JustinBadiArama call for peace in a recently published joint letter. You can learn more and read the full letter here: https://t.co/FTQwdoNpRF https://t.co/yOmdB27rZ9,,,,,,,,,,,,,,,South Sudan,Peace,Hate Speech,Peace,2026-01-15 15:40:46.723151 UTC,2325,,very_high,low,low,low,low,low,low,medium,,,,,,0.0,,,,0.0,0.0,0.0,0.0,,0.0,0.0,0.0,0.0,0.0,0.0,,0.0,0.0,0.0,0.0,0.0,0.0,0.0,0.0,0.0,0.0,0.0,0.0,0.0,0.0,0.0,0.0,0.0,0.0,0.0,0.0,0.0,0.0,0.0,0.0,0.0,0.0,0.0,,0.0,,,,0.0,0.0,,,,,,,,,,,0.9997007846832277,0.0002000395907089,9.921138553181665e-05,Normal,0.9997007846832277,,,,,0.9989859461784364,0.0010140819940716,not_hate_speech,0.9989859461784364,,,,,,,,,,,,,,,,,,,,,,,,,,,,,,
x,de37039e-3279-fec5-7916-6fcdfa42044b,belfry_bat,0.0,2018-07-24,2018-07-24 15:20:02 UTC,1308.0,f72f4bd9-37d6-07b0-a632-a7241632d12d,0.0,https://x.com/belfry_bat/status/1021777031187574786,0.0,via ACOffice: Church leaders from South Sudan including JustinBadiArama call for peace in a recently published joint letter. You can learn more and read the full letter here: https://t.co/xai1XZ2Vux https://t.co/lMQ6oOxxpK,,,,,,,,,,,,,,,South Sudan,Peace,Other,Peace,2026-01-15 15:40:46.723151 UTC,2325,,very_high,low,low,low,low,low,low,medium,,,,,,0.0,,,,0.0,0.0,0.0,0.0,,0.0,0.0,0.0,0.0,0.0,0.0,,0.0,0.0,0.0,0.0,0.0,0.0,0.0,0.0,0.0,0.0,0.0,0.0,0.0,0.0,0.0,0.0,0.0,0.0,0.0,0.0,0.0,0.0,0.0,0.0,0.0,0.0,0.0,,0.0,,,,0.0,0.0,,,,,,,,,,,0.9996678829193116,0.0002204969787271,0.0001117016217904,Normal,0.9996678829193116,,,,,0.998908281326294,0.0010917511535808,not_hate_speech,0.998908281326294,,,,,,,,,,,,,,,,,,,,,,,,,,,,,,
x,a4d93d83-9ec0-f30d-72a1-441d16c0c919,kairoscanada,0.0,2018-08-12,2018-08-12 12:01:19 UTC,1308.0,3c9ee3ef-cb52-2331-55aa-0c464a40da9c,2.0,https://x.com/kairoscanada/status/1028612390613659648,1.0,The Peace Builders: South Sudan Council of Churches: National Women's Programme – South Sudanese women build groundwork for lasting peace – https://t.co/a4Ii94Db9z #WomenPeaceSecurity https://t.co/4NSc52dqpa,,,,,,,,,,,,,,,South Sudan,Peace,Hate Speech,Peace,2026-01-15 15:40:46.723151 UTC,2325,,very_high,low,low,low,low,low,low,medium,,,,,,0.0,,,,0.0,0.0,0.0,0.0,,0.0,0.0,0.0,0.0,0.0,0.0,,0.0,0.0,0.0,0.0,0.0,0.0,0.0,0.0,0.0,0.0,0.0,0.0,0.0,0.0,0.0,0.0,0.0,0.0,0.0,0.0,0.0,0.0,0.0,0.0,0.0,0.0,0.0,,0.0,,,,0.0,0.0,,,,,,,,,,,0.9997349381446838,0.0001628877507755,0.0001021518983179,Normal,0.9997349381446838,,,,,0.9990463852882384,0.0009536572033539,not_hate_speech,0.9990463852882384,,,,,,,,,,,,,,,,,,,,,,,,,,,,,,
x,a4d93d83-9ec0-f30d-72a1-441d16c0c919,kairoscanada,1.0,2018-08-27,2018-08-27 12:01:24 UTC,1308.0,c6309586-6828-7339-669f-64963c450a05,1.0,https://x.com/kairoscanada/status/1034048229606862848,0.0,The Peace Builders: South Sudan Council of Churches: National Women's Programme – South Sudanese women build groundwork for lasting peace – https://t.co/a4Ii94Db9z #WomenPeaceSecurity https://t.co/sNYOk28w4x,,,,,,,,,,,,,,,South Sudan,Peace,Hate Speech,Peace,2026-01-15 15:40:46.723151 UTC,2325,,very_high,low,low,low,low,low,low,medium,,,,,,0.0,,,,0.0,0.0,0.0,0.0,,0.0,0.0,0.0,0.0,0.0,0.0,,0.0,0.0,0.0,0.0,0.0,0.0,0.0,0.0,0.0,0.0,0.0,0.0,0.0,0.0,0.0,0.0,0.0,0.0,0.0,0.0,0.0,0.0,0.0,0.0,0.0,0.0,0.0,,0.0,,,,0.0,0.0,,,,,,,,,,,0.999737560749054,0.000161224626936,0.0001011740023386,Normal,0.999737560749054,,,,,0.9991211295127868,0.0008788860868662,not_hate_speech,0.9991211295127868,,,,,,,,,,,,,,,,,,,,,,,,,,,,,,
x,a4d93d83-9ec0-f30d-72a1-441d16c0c919,kairoscanada,0.0,2018-09-11,2018-09-11 12:01:33 UTC,1308.0,e7059e8b-fc0c-15fc-4dd8-3a9bbeb029e2,2.0,https://x.com/kairoscanada/status/1039484085071216640,1.0,The Peace Builders: South Sudan Council of Churches: National Women's Programme – South Sudanese women build groundwork for lasting peace – https://t.co/a4Ii94Db9z #WomenPeaceSecurity https://t.co/l0gsD88M0G,,,,,,,,,,,,,,,South Sudan,Peace,Hate Speech,Peace,2026-01-15 15:40:46.723151 UTC,2325,,very_high,low,low,low,low,low,low,medium,,,,,,0.0,,,,0.0,0.0,0.0,0.0,,0.0,0.0,0.0,0.0,0.0,0.0,,0.0,0.0,0.0,0.0,0.0,0.0,0.0,0.0,0.0,0.0,0.0,0.0,0.0,0.0,0.0,0.0,0.0,0.0,0.0,0.0,0.0,0.0,0.0,0.0,0.0,0.0,0.0,,0.0,,,,0.0,0.0,,,,,,,,,,,0.9997342228889464,0.0001625820586923,0.0001031864667311,Normal,0.9997342228889464,,,,,0.9990443587303162,0.0009556317236274,not_hate_speech,0.9990443587303162,,,,,,,,,,,,,,,,,,,,,,,,,,,,,,
x,ad3f190c-85da-0f64-d42f-9fe6048a8937,RosamondBennett,0.0,2018-09-21,2018-09-21 11:26:31 UTC,1308.0,3f8ea32f-9574-0b21-aad3-f3d467588d3f,2.0,https://x.com/RosamondBennett/status/1043099149430939649,2.0,Very apt poster from South Sudan Council of Churches on International Day of Peace. @ChristianAidIrl https://t.co/YgG7xY51tx,,,,,,,,,,,,,,,South Sudan,Peace,Hate Speech,Peace,2026-01-15 15:40:46.723151 UTC,2325,,very_high,low,low,low,low,low,low,medium,,,,,,0.0,,,,0.0,0.0,0.0,0.0,,0.0,0.0,0.0,0.0,0.0,0.0,,0.0,0.0,0.0,0.0,0.0,0.0,0.0,0.0,0.0,0.0,0.0,0.0,0.0,0.0,0.0,0.0,0.0,0.0,0.0,0.0,0.0,0.0,0.0,0.0,0.0,0.0,0.0,,0.0,,,,0.0,0.0,,,,,,,,,,,0.999686598777771,0.0002015349164139,0.0001119021471822,Normal,0.999686598777771,,,,,0.9991342425346376,0.0008657817379571,not_hate_speech,0.9991342425346376,,,,,,,,,,,,,,,,,,,,,,,,,,,,,,
x,a1fb3c04-629e-0719-635c-31b1dcb9dd89,SwissMFAafrica,0.0,2018-09-25,2018-09-25 10:52:50 UTC,1308.0,723ff7c8-3ea1-25e4-1f31-c9e933a3b7dc,11.0,https://x.com/SwissMFAafrica/status/1044540222258778112,5.0,"Insightful exchange with Father J. Oyet, SG of the South Sudan Council of Churches @SSCChurches, a long-standing partner of🇨🇭:peace agreement under scrutiny; mediation at grassroots level, how to end violence through healing and reconciliation @Oikoumene https://t.co/Gm0FQJPk0y",,,,,,,,,,,,,,,South Sudan,Peace,Hate Speech,Peace,2026-01-15 15:40:46.723151 UTC,2325,,very_high,low,low,low,low,low,low,medium,,,,,,0.0,,,,0.0,0.0,0.0,1.0,,1.0,0.0,0.0,0.0,0.0,0.0,,0.0,0.0,0.0,0.0,0.0,0.0,0.0,0.0,0.0,0.0,0.0,1.0,1.0,0.0,0.0,0.0,0.0,0.0,0.0,0.0,0.0,0.0,0.0,0.0,0.0,0.0,0.0,,0.0,,,,0.0,0.0,,,,,,,,,,,0.999739110469818,0.0001709824282443,8.980141865322366e-05,Normal,0.999739110469818,,,,,0.9990519881248474,0.0009480512235313,not_hate_speech,0.9990519881248474,,,,,,,,,,,,,,,,,,,,,,,,,,,,,,
x,353f0c6b-314d-cd2f-8b24-f19c46d18799,SSCChurches,1.0,2018-10-05,2018-10-05 10:48:31 UTC,1308.0,87e53ad1-4284-d905-915c-cc01a752ca59,0.0,https://x.com/SSCChurches/status/1048163016557178880,1.0,"#SSCC statement on #RARCSS https://t.co/zuiY31zqUz - signing the agreement is only a first step. The roots of the conflict must be addressed. The Action Plan for Peace is our contribution to long term, lasting #peace in #SouthSudan #PeaceNow",,,,,,,,,,,,,,,South Sudan,Peace,Hate Speech,Peace,2026-01-15 15:40:46.723151 UTC,2325,,very_high,low,low,low,low,low,low,medium,,,,,,0.0,,,,0.0,0.0,0.0,0.0,,0.0,0.0,0.0,0.0,0.0,0.0,,0.0,0.0,0.0,0.0,0.0,0.0,0.0,0.0,0.0,0.0,0.0,0.0,0.0,0.0,0.0,0.0,0.0,0.0,0.0,0.0,0.0,0.0,0.0,0.0,0.0,0.0,0.0,,0.0,,,,0.0,0.0,,,,,,,,,,,0.9996398687362672,0.0002057349483948,0.0001544080150779,Normal,0.9996398687362672,,,,,0.999119222164154,0.0008807811536826,not_hate_speech,0.999119222164154,,,,,,,,,,,,,,,,,,,,,,,,,,,,,,
x,560e434e-f704-159b-9cfb-f7027e566169,MarianneEjder,0.0,2018-10-05,2018-10-05 17:04:18 UTC,1308.0,b36e9ae7-3277-6462-6959-f25bed02c05b,6.0,https://x.com/MarianneEjder/status/1048257582782210048,5.0,"South Sudan Council of Churches releases statement on peace agreement, long-term action plan #WCC https://t.co/YOifV95PoB https://t.co/LIfFL50UXj",,,,,,,,,,,,,,,South Sudan,Peace,Hate Speech,Peace,2026-01-15 15:40:46.723151 UTC,2325,,very_high,low,low,low,low,low,low,medium,,,,,,0.0,,,,0.0,0.0,0.0,0.0,,0.0,0.0,0.0,0.0,0.0,0.0,,0.0,0.0,0.0,0.0,0.0,0.0,0.0,0.0,0.0,0.0,0.0,0.0,0.0,0.0,0.0,0.0,0.0,0.0,0.0,0.0,0.0,0.0,0.0,0.0,0.0,0.0,0.0,,0.0,,,,0.0,0.0,,,,,,,,,,,0.9997215867042542,0.0001741388259688,0.0001042969743139,Normal,0.9997215867042542,,,,,0.9990537762641908,0.0009462626185268,not_hate_speech,0.9990537762641908,,,,,,,,,,,,,,,,,,,,,,,,,,,,,,
x,f81daa04-e5c5-4947-71ab-1a2f36f4b61e,cmsmission,0.0,2018-10-05,2018-10-05 19:02:06 UTC,1308.0,afd95e88-f083-40e4-5916-3e10ed2b5418,0.0,https://x.com/cmsmission/status/1048287229733457921,0.0,"South Sudan Council of Churches releases statement on peace agreement, long-term action plan — World Council of Churches https://t.co/4hk2yJ132U https://t.co/yYs9veoQIQ",,,,,,,,,,,,,,,South Sudan,Peace,Hate Speech,Peace,2026-01-15 15:40:46.723151 UTC,2325,,very_high,low,low,low,low,low,low,medium,,,,,,0.0,,,,0.0,0.0,0.0,0.0,,0.0,0.0,0.0,0.0,0.0,0.0,,0.0,0.0,0.0,0.0,0.0,0.0,0.0,0.0,0.0,0.0,0.0,0.0,0.0,0.0,0.0,0.0,0.0,0.0,0.0,0.0,0.0,0.0,0.0,0.0,0.0,0.0,0.0,,0.0,,,,0.0,0.0,,,,,,,,,,,0.9996975660324096,0.0002030763571383,9.942797623807564e-05,Normal,0.9996975660324096,,,,,0.9989922642707824,0.0010077913757413,not_hate_speech,0.9989922642707824,,,,,,,,,,,,,,,,,,,,,,,,,,,,,,
x,93787f3d-7945-eb3a-88e6-186989c9f34d,Oikoumene,0.0,2018-10-05,2018-10-05 19:44:04 UTC,1308.0,53031a3c-6e83-3001-040b-fbd0a0d366bf,10.0,https://x.com/Oikoumene/status/1048297793096278017,4.0,"On 4 October, the #SouthSudan Council of Churches released a statement on the revitalized peace agreement as well as an action plan for peace through 2023. https://t.co/TnAC4eztXI @SSCChurches",,,,,,,,,,,,,,,South Sudan,Peace,Hate Speech,Peace,2026-01-15 15:40:46.723151 UTC,2325,,very_high,low,low,low,low,low,low,medium,,,,,,0.0,,,,0.0,0.0,0.0,0.0,,0.0,0.0,0.0,0.0,0.0,0.0,,0.0,0.0,0.0,0.0,0.0,0.0,0.0,0.0,0.0,0.0,0.0,0.0,0.0,0.0,0.0,0.0,0.0,0.0,0.0,0.0,0.0,0.0,0.0,0.0,0.0,0.0,0.0,,0.0,,,,0.0,0.0,,,,,,,,,,,0.9997420907020568,0.0001676521496847,9.018119453685358e-05,Normal,0.9997420907020568,,,,,0.9990265369415284,0.0009735085186548,not_hate_speech,0.9990265369415284,,,,,,,,,,,,,,,,,,,,,,,,,,,,,,
x,a4d93d83-9ec0-f30d-72a1-441d16c0c919,kairoscanada,0.0,2018-10-22,2018-10-22 17:02:58 UTC,1308.0,023d35f4-f05d-b7ae-599e-18f9918cac28,2.0,https://x.com/kairoscanada/status/1054417844278968320,3.0,"South Sudan Council of Churches statement on the Revitalized Agreement on the Resolution of the Conflict in South Sudan, October 4, 2018

https://t.co/LwPw69EYX1",,,,,,,,,,,,,,,South Sudan,Peace,Hate Speech,Peace,2026-01-15 15:40:46.723151 UTC,2325,,very_high,low,low,low,low,low,low,medium,,,,,,0.0,,,,0.0,0.0,0.0,0.0,,0.0,0.0,0.0,0.0,0.0,0.0,,0.0,0.0,0.0,0.0,0.0,0.0,0.0,0.0,0.0,0.0,0.0,0.0,0.0,0.0,0.0,0.0,0.0,0.0,0.0,0.0,0.0,0.0,0.0,0.0,0.0,0.0,0.0,,0.0,,,,0.0,0.0,,,,,,,,,,,0.9996886253356934,0.0001976042840396,0.0001138244624598,Normal,0.9996886253356934,,,,,0.9991374015808104,0.0008625391055829,not_hate_speech,0.9991374015808104,,,,,,,,,,,,,,,,,,,,,,,,,,,,,,
x,353f0c6b-314d-cd2f-8b24-f19c46d18799,SSCChurches,0.0,2018-11-06,2018-11-06 14:42:44 UTC,1308.0,956d8167-895c-3c9a-73c6-eb3449fc9acd,5.0,https://x.com/SSCChurches/status/1059818370672009217,3.0,"Just launched by SSCC thru November! The Power2Forgive campaign, find out more: https://t.co/vSo5FwChBc. Call in to get a book and Mega Voice device w/ testimonials: https://t.co/XH21QF8FXi. Join the campaign events: https://t.co/ZZEHRAASn3 #SouthSudan #peace #Power2Forgive",,,,,,,,,,,,,,,South Sudan,Peace,Hate Speech,Peace,2026-01-15 15:40:46.723151 UTC,2325,,very_high,low,low,low,low,low,low,medium,,,,,,0.0,,,,0.0,0.0,0.0,0.0,,0.0,0.0,0.0,0.0,0.0,0.0,,0.0,0.0,0.0,0.0,0.0,0.0,0.0,0.0,0.0,0.0,0.0,0.0,0.0,0.0,0.0,0.0,0.0,0.0,0.0,0.0,0.0,0.0,0.0,0.0,0.0,0.0,0.0,,0.0,,,,0.0,0.0,,,,,,,,,,,0.9995481371879578,0.0002754345186986,0.0001763609761837,Normal,0.9995481371879578,,,,,0.9990670084953308,0.0009329887689091,not_hate_speech,0.9990670084953308,,,,,,,,,,,,,,,,,,,,,,,,,,,,,,
x,fbb1a6a2-0499-2041-a865-8cddfa7c33d5,ChrisTrott,1.0,2018-12-06,2018-12-06 14:02:20 UTC,1308.0,7b6bfcc8-a1e7-e7c0-fa72-c2be7c64a7dc,6.0,https://x.com/ChrisTrott/status/1070679839466774529,0.0,It was a pleasure to welcome Father James from @SSCChurches to London this week. @hbaldwin confirmed UK’s commitment to peace in South Sudan and support for the work of the SSCC. Father James thanked the UK for its solidarity. https://t.co/Vq1LLKJ5bb,,,,,,,,,,,,,,,South Sudan,Peace,Hate Speech,Peace,2026-01-15 15:40:46.723151 UTC,2325,,very_high,low,low,low,low,low,low,medium,,,,,,0.0,,,,0.0,0.0,0.0,0.0,,0.0,0.0,0.0,0.0,0.0,0.0,,0.0,0.0,0.0,0.0,0.0,0.0,0.0,0.0,0.0,0.0,0.0,0.0,0.0,0.0,0.0,0.0,0.0,0.0,0.0,0.0,0.0,0.0,0.0,0.0,0.0,0.0,0.0,,0.0,,,,0.0,0.0,,,,,,,,,,,0.99970942735672,0.0001906531688291,9.987039811676368e-05,Normal,0.99970942735672,,,,,0.999168872833252,0.0008310988196171,not_hate_speech,0.999168872833252,,,,,,,,,,,,,,,,,,,,,,,,,,,,,,
x,f742f7ea-093e-430a-cef6-7171800db85f,khalilhumam,0.0,2018-12-18,2018-12-18 16:37:14 UTC,1308.0,d770e876-8636-4ff7-459e-a9323be8f2f9,0.0,https://x.com/khalilhumam/status/1075067475866324994,0.0,South Sudan: WFP and the South Sudan Council of Churches agree to work together for peace | Khalil Humam - https://t.co/OVQTYqVAnT,,,,,,,,,,,,,,,South Sudan,Peace,Hate Speech,Peace,2026-01-15 15:40:46.723151 UTC,2325,,very_high,low,low,low,low,low,low,medium,,,,,,0.0,,,,0.0,0.0,0.0,0.0,,0.0,0.0,0.0,0.0,0.0,0.0,,0.0,0.0,0.0,0.0,0.0,0.0,0.0,0.0,0.0,0.0,0.0,0.0,0.0,0.0,0.0,0.0,0.0,0.0,0.0,0.0,0.0,0.0,0.0,0.0,0.0,0.0,0.0,,0.0,,,,0.0,0.0,,,,,,,,,,,0.9996776580810548,0.0001870201085694,0.0001353279803879,Normal,0.9996776580810548,,,,,0.9991543292999268,0.0008457050425931,not_hate_speech,0.9991543292999268,,,,,,,,,,,,,,,,,,,,,,,,,,,,,,
x,2c37c49e-3f13-d3ae-297a-2c70ba6e604f,radiobakhita,1.0,2018-12-19,2018-12-19 09:11:22 UTC,1308.0,c522ebc2-7be1-1d7d-67f2-5bb5cd056aec,5.0,https://x.com/radiobakhita/status/1075317654896951297,3.0,The United Nations World Food Programme #WFP and the #SouthSudan Council of Churches SSCC this month agreed to work together towards peace in the country by using their stronger partnership to address peacekeeping as key to reach food and nutrition security. https://t.co/w1nfpzvBHm,,,,,,,,,,,,,,,South Sudan,Peace,Hate Speech,Peace,2026-01-15 15:40:46.723151 UTC,2325,,very_high,low,low,low,low,low,low,medium,,,,,,0.0,,,,0.0,0.0,0.0,0.0,,0.0,0.0,0.0,0.0,0.0,0.0,,0.0,0.0,0.0,0.0,0.0,0.0,0.0,0.0,0.0,0.0,0.0,0.0,0.0,0.0,0.0,0.0,0.0,0.0,0.0,0.0,0.0,0.0,0.0,0.0,0.0,0.0,0.0,,0.0,,,,0.0,0.0,,,,,,,,,,,0.9997252821922302,0.0001808137603802,9.388620674144477e-05,Normal,0.9997252821922302,,,,,0.9991036057472228,0.0008963489672169,not_hate_speech,0.9991036057472228,,,,,,,,,,,,,,,,,,,,,,,,,,,,,,
x,01faf43e-3013-626c-6b52-690f86459c94,TheCAcollective,0.0,2018-12-20,2018-12-20 13:22:27 UTC,1308.0,d753ab59-973a-b372-e4c8-723ffd244668,0.0,https://x.com/TheCAcollective/status/1075743231621644289,0.0,"""The South Sudan Council of Churches is an organisation we’re proud to partner with. It’s a coalition of churches working across the country to build peace, harmony and reconciliation. They are the vanguards of the South Sudanese dream..."" https://t.co/bvfIdeAVHu https://t.co/QElQP7Qua4",,,,,,,,,,,,,,,South Sudan,Peace,Hate Speech,Peace,2026-01-15 15:40:46.723151 UTC,2325,,very_high,low,low,low,low,low,low,medium,,,,,,0.0,,,,0.0,0.0,0.0,1.0,,0.0,0.0,0.0,0.0,0.0,0.0,,0.0,0.0,0.0,0.0,0.0,0.0,0.0,0.0,0.0,0.0,0.0,1.0,1.0,0.0,0.0,0.0,0.0,0.0,0.0,0.0,0.0,0.0,0.0,0.0,0.0,0.0,0.0,,0.0,,,,0.0,0.0,,,,,,,,,,,0.9997366070747375,0.0001726599148241,9.065063204616308e-05,Normal,0.9997366070747375,,,,,0.9989783763885498,0.0010216477094218,not_hate_speech,0.9989783763885498,,,,,,,,,,,,,,,,,,,,,,,,,,,,,,
x,93787f3d-7945-eb3a-88e6-186989c9f34d,Oikoumene,1.0,2018-12-23,2018-12-23 12:36:40 UTC,1308.0,c4b74062-c374-d24b-11ba-27cec5153bc3,8.0,https://x.com/Oikoumene/status/1076818874849320961,2.0,"The South Sudan Council of Churches, on 21 December, released a Christmas Message of Hope. The Republic of South Sudan is experiencing a new era of peace, the message reads. “We bring it before God to bless it, to purify it, to reformulate it… https://t.co/eDOHznelsH #WCC",,,,,,,,,,,,,,,South Sudan,Peace,Hate Speech,Peace,2026-01-15 15:40:46.723151 UTC,2325,,very_high,low,low,low,low,low,low,medium,,,,,,0.0,,,,0.0,0.0,0.0,0.0,,0.0,0.0,0.0,0.0,0.0,0.0,,0.0,0.0,0.0,0.0,0.0,0.0,0.0,0.0,0.0,0.0,0.0,0.0,0.0,0.0,0.0,0.0,0.0,0.0,0.0,0.0,0.0,0.0,0.0,0.0,0.0,0.0,0.0,,0.0,,,,0.0,0.0,,,,,,,,,,,0.9997151494026184,0.0001865417143562,9.832973591983318e-05,Normal,0.9997151494026184,,,,,0.9990628361701964,0.0009371722117066,not_hate_speech,0.9990628361701964,,,,,,,,,,,,,,,,,,,,,,,,,,,,,,
x,7310df37-7051-7a5b-51b5-eefd99911de7,WCC_IA,0.0,2019-02-23,2019-02-23 17:47:18 UTC,1308.0,3587ab8f-f376-f54c-49b7-e0abd449c731,14.0,https://x.com/WCC_IA/status/1099365093928853510,8.0,"#SouthSudan: @SSCChurches, @WFP, @UNICEF partnership for peace building  to realize food security.
Fr James Oyet Latansio, SSCC General Secretary: Together we can build interest in solutions towards peace and work for generational transformation.
https://t.co/n0EHjfFcSd #WCC https://t.co/Mf7l0FEs0B",,,,,,,,,,,,,,,South Sudan,Peace,Hate Speech,Peace,2026-01-15 15:40:46.723151 UTC,2325,,very_high,low,low,low,low,low,low,medium,,,,,,0.0,,,,0.0,0.0,0.0,0.0,,0.0,0.0,0.0,0.0,0.0,0.0,,0.0,0.0,0.0,0.0,0.0,0.0,0.0,0.0,0.0,0.0,0.0,0.0,0.0,0.0,0.0,0.0,0.0,0.0,0.0,0.0,0.0,0.0,0.0,0.0,0.0,0.0,0.0,,0.0,,,,0.0,0.0,,,,,,,,,,,0.9997047781944276,0.0001853064313763,0.0001099295550375,Normal,0.9997047781944276,,,,,0.9990660548210144,0.0009339600801467,not_hate_speech,0.9990660548210144,,,,,,,,,,,,,,,,,,,,,,,,,,,,,,
x,93787f3d-7945-eb3a-88e6-186989c9f34d,Oikoumene,1.0,2019-02-24,2019-02-24 12:36:32 UTC,1308.0,3ded0045-0b8f-2afc-990b-3a1aee129083,2.0,https://x.com/Oikoumene/status/1099649275510702081,2.0,"The South Sudan Council of Churches, United Nations World Food Programme, and UNICEF have signed an agreement to work in partnership towards peace building to realize food security. https://t.co/fzovNQ5M6x #WCC",,,,,,,,,,,,,,,South Sudan,Peace,Other,Peace,2026-01-15 15:40:46.723151 UTC,2325,,very_high,low,low,low,low,low,low,medium,,,,,,0.0,,,,0.0,0.0,0.0,0.0,,0.0,0.0,0.0,0.0,0.0,0.0,,0.0,0.0,0.0,0.0,0.0,0.0,0.0,0.0,0.0,0.0,0.0,0.0,0.0,0.0,0.0,0.0,0.0,0.0,0.0,0.0,0.0,0.0,0.0,0.0,0.0,0.0,0.0,,0.0,,,,0.0,0.0,,,,,,,,,,,0.999693751335144,0.0002172174863517,8.907430310500786e-05,Normal,0.999693751335144,,,,,0.9989444613456726,0.0010555071057751,not_hate_speech,0.9989444613456726,,,,,,,,,,,,,,,,,,,,,,,,,,,,,,
x,41953d1c-f65d-59ec-9b8f-52f84a82c332,insightlinkstv,0.0,2019-03-14,2019-03-14 17:23:55 UTC,1308.0,b0b68bcf-2d06-73ec-359b-036bcae7920c,1.0,https://x.com/insightlinkstv/status/1106244577919418375,0.0,"""I'm Not In Coma, My Driver Not Dead - el-Rufai Debunks Accident Rumour Governor of Kaduna State, Mallam Nasir el-Rufai has taken to his social media accounts to debunk the rumour of his accident.
El-Rufai,... https://t.co/HASMaXhBpU https://t.co/3Uu3U83bHl",,,,,,,,,,,,,,,South Sudan,Peace,Hate Speech,Peace,2026-01-15 15:40:46.723151 UTC,2325,,very_high,low,low,low,low,low,low,high,,,,,,0.0,,,,0.0,0.0,0.0,0.0,,0.0,0.0,0.0,0.0,0.0,1.0,,0.0,0.0,0.0,0.0,0.0,0.0,0.0,0.0,0.0,0.0,0.0,0.0,0.0,0.0,0.0,0.0,0.0,0.0,0.0,0.0,0.0,0.0,0.0,0.0,0.0,0.0,0.0,,0.0,,,,0.0,0.0,,,,,,,,,,,0.9961196184158324,0.0033838681410998,0.0004965182160958,Normal,0.9961196184158324,,,,,0.9991006851196288,0.0008993388619273,not_hate_speech,0.9991006851196288,,,,,,,,,,,,,,,,,,,,,,,,,,,,,,
x,2c37c49e-3f13-d3ae-297a-2c70ba6e604f,radiobakhita,0.0,2019-04-06,2019-04-06 06:56:55 UTC,1308.0,93cf6f6e-5827-7604-feeb-97b061bcbe3b,2.0,https://x.com/radiobakhita/status/1114421709174710272,2.0,"AP Justin Badi Arama remark during launching of #SouthSudan Council of Churches website. https://t.co/kJnasWMxcu and a film “calling for peace” at #SSCChurch HQ #Juba on Friday ⤵📺
@JustinBadiArama @SSCChurches @Oikoumene @ECSouthSudan 
 https://t.co/j9ra7dCDB0 via @YouTube",,,,,,,,,,,,,,,South Sudan,Peace,Hate Speech,Peace,2026-01-15 15:40:46.723151 UTC,2325,,very_high,low,low,low,low,low,low,medium,,,,,,0.0,,,,0.0,0.0,0.0,0.0,,0.0,0.0,0.0,0.0,0.0,0.0,,0.0,0.0,0.0,0.0,0.0,0.0,0.0,0.0,0.0,0.0,0.0,0.0,0.0,0.0,0.0,0.0,0.0,0.0,0.0,0.0,0.0,0.0,0.0,0.0,0.0,0.0,0.0,,0.0,,,,0.0,0.0,,,,,,,,,,,0.9996529817581176,0.0002126037579728,0.0001344505290035,Normal,0.9996529817581176,,,,,0.9990959167480468,0.0009040969307534,not_hate_speech,0.9990959167480468,,,,,,,,,,,,,,,,,,,,,,,,,,,,,,
x,2c37c49e-3f13-d3ae-297a-2c70ba6e604f,radiobakhita,1.0,2019-04-06,2019-04-06 13:41:52 UTC,1308.0,300545b1-f3e2-ecf4-8484-b45356d84eb7,2.0,https://x.com/radiobakhita/status/1114523621991620608,1.0,"Archbishop remark at launching of #SouthSudan Council of Churches website. (link: https://t.co/kJnasWMxcu) https://t.co/Nbd8miOTkl and a film “calling for peace” in #SSCChurches HQ #Juba on Friday 📺 ⤵

@AaccCeta @LivingFaithWW @ACOffice 

 https://t.co/j9ra7dCDB0 via @YouTube",,,,,,,,,,,,,,,South Sudan,Peace,Hate Speech,Peace,2026-01-15 15:40:46.723151 UTC,2325,,very_high,low,low,low,low,low,low,medium,,,,,,0.0,,,,0.0,0.0,0.0,0.0,,0.0,0.0,0.0,0.0,0.0,0.0,,0.0,0.0,0.0,0.0,0.0,0.0,0.0,0.0,0.0,0.0,0.0,0.0,0.0,0.0,0.0,0.0,0.0,0.0,0.0,0.0,0.0,0.0,0.0,0.0,0.0,0.0,0.0,,0.0,,,,0.0,0.0,,,,,,,,,,,0.9996671676635742,0.0002089950576191,0.000123780031572,Normal,0.9996671676635742,,,,,0.9989744424819946,0.0010256158420816,not_hate_speech,0.9989744424819946,,,,,,,,,,,,,,,,,,,,,,,,,,,,,,
x,2c37c49e-3f13-d3ae-297a-2c70ba6e604f,radiobakhita,1.0,2019-04-08,2019-04-08 07:52:54 UTC,1308.0,f542f5d5-f1b2-be4b-fcfb-0e97db177dd2,3.0,https://x.com/radiobakhita/status/1115160574676086784,1.0,"The Bishops from #SouthSudan Council of Churches are expected on Wed. to join the Archbishop of #Canterbury @JustinWelby, the Presbyterian Church &amp; Pres. #SalvaKiir, Dr. Riesk Machar &amp; others signatories to revitalized peace agreement in a 2-day ""spiritual retreat"" in #Vatican https://t.co/uTDGJwbkof",,,,,,,,,,,,,,,South Sudan,Peace,Other,Peace,2026-01-15 15:40:46.723151 UTC,2325,high,,low,low,low,low,low,low,medium,,,,,,0.0,,,,0.0,0.0,0.0,0.0,,0.0,0.0,0.0,0.0,0.0,0.0,,0.0,0.0,0.0,0.0,0.0,0.0,0.0,0.0,0.0,0.0,0.0,0.0,0.0,0.0,0.0,0.0,0.0,0.0,0.0,0.0,0.0,0.0,0.0,0.0,0.0,0.0,0.0,,0.0,,,,0.0,0.0,,,,,,,,,,,0.9997090697288512,0.0001738722930895,0.0001170856558019,Normal,0.9997090697288512,,,,,0.9990498423576356,0.0009501608437858,not_hate_speech,0.9990498423576356,,,,,,,,,,,,,,,,,,,,,,,,,,,,,,
x,93787f3d-7945-eb3a-88e6-186989c9f34d,Oikoumene,0.0,2019-04-08,2019-04-08 13:16:03 UTC,1308.0,90242352-f8d6-9b2e-e73f-af18324ce866,21.0,https://x.com/Oikoumene/status/1115241898619183104,8.0,"On 5 April, the South Sudan Council of Churches @SSCChurches officially presented its new website through a slideshow featuring photos from the site reflecting the idea of embracing peace. Several heads of churches attended to express their support… https://t.co/4E8Y7aoR3D #WCC https://t.co/AFMxvWlAyb",,,,,,,,,,,,,,,South Sudan,Peace,Hate Speech,Peace,2026-01-15 15:40:46.723151 UTC,2325,,very_high,low,low,low,low,low,low,medium,,,,,,0.0,,,,0.0,0.0,0.0,0.0,,0.0,0.0,0.0,0.0,0.0,0.0,,0.0,0.0,0.0,0.0,0.0,0.0,0.0,0.0,0.0,0.0,0.0,0.0,0.0,0.0,0.0,0.0,0.0,0.0,0.0,0.0,0.0,0.0,0.0,0.0,0.0,0.0,0.0,,0.0,,,,0.0,0.0,,,,,,,,,,,0.9997392296791076,0.0001769014197634,8.389873255509883e-05,Normal,0.9997392296791076,,,,,0.998641073703766,0.0013588713482022,not_hate_speech,0.998641073703766,,,,,,,,,,,,,,,,,,,,,,,,,,,,,,
x,98d1022b-3892-f3a6-0e1c-addad811be7f,IreneLasu,0.0,2019-04-11,2019-04-11 17:46:36 UTC,1308.0,c2e2354b-376f-4e24-5f68-778f4266ca25,1.0,https://x.com/IreneLasu/status/1116397146784313344,1.0,Women members of the #SouthSudan Council of Churches have held marathon prayers for the spiritual retreat in The Vatican. The women have locked themselves in seclusion at the Council offices in Juba for the past three days praying for a positive outcome. #vatican #peace,,,,,,,,,,,,,,,South Sudan,Peace,Hate Speech,Peace,2026-01-15 15:40:46.723151 UTC,2325,,very_high,low,low,low,low,low,low,medium,,,,,,0.0,,,,0.0,0.0,0.0,0.0,,0.0,0.0,0.0,0.0,0.0,0.0,,0.0,0.0,0.0,0.0,0.0,0.0,0.0,0.0,0.0,0.0,0.0,0.0,0.0,0.0,0.0,0.0,0.0,0.0,0.0,0.0,0.0,0.0,0.0,0.0,0.0,0.0,0.0,,0.0,,,,0.0,0.0,,,,,,,,,,,0.9995455145835876,0.0003277220530435,0.0001267972693312,Normal,0.9995455145835876,,,,,0.9991505146026612,0.0008495224756188,not_hate_speech,0.9991505146026612,,,,,,,,,,,,,,,,,,,,,,,,,,,,,,
x,afdc157a-b2a4-b3c8-a61f-4bf5b7d83723,Fe_DiLeo,0.0,2019-04-11,2019-04-11 19:43:40 UTC,1308.0,846bf0eb-e0b2-3948-4d70-f5fad568f05c,29.0,https://x.com/Fe_DiLeo/status/1116426611023388672,33.0,The Council of Churches of #SouthSudan in search of #Peace with the political leaders. After the retreat with #PopeFrancis the Prayer in Trastevere with the people of #Rome. @santegidionews https://t.co/B40gH1O8kh,,,,,,,,,,,,,,,South Sudan,Peace,Other,Peace,2026-01-15 15:40:46.723151 UTC,2325,,very_high,low,low,low,low,low,low,medium,,,,,,0.0,,,,0.0,0.0,0.0,0.0,,0.0,0.0,0.0,0.0,0.0,0.0,,0.0,0.0,0.0,0.0,0.0,0.0,0.0,0.0,0.0,0.0,0.0,0.0,0.0,0.0,0.0,0.0,0.0,0.0,0.0,0.0,0.0,0.0,0.0,0.0,0.0,0.0,0.0,,0.0,,,,0.0,0.0,,,,,,,,,,,0.9997172951698304,0.0001820114121073,0.0001006438324111,Normal,0.9997172951698304,,,,,0.9988767504692078,0.0011232182150706,not_hate_speech,0.9988767504692078,,,,,,,,,,,,,,,,,,,,,,,,,,,,,,
x,f1bb61fa-0676-fb72-da03-eb71d830a077,UnitingWorld,0.0,2019-04-11,2019-04-11 23:48:49 UTC,1308.0,069d9dbc-23ee-f60a-96a8-dabd7cda4a24,4.0,https://x.com/UnitingWorld/status/1116488303694319616,3.0,"""By its very nature, the Church is a peacemaker – it is who we are, not just a project that we do."" @SSCChurches launches new website for peace:
https://t.co/a0mtbYUjvb #SouthSudan",,,,,,,,,,,,,,,South Sudan,Peace,Hate Speech,Peace,2026-01-15 15:40:46.723151 UTC,2325,,very_high,low,low,low,low,low,low,low,,,,,,0.0,,,,0.0,0.0,0.0,0.0,,0.0,0.0,0.0,0.0,0.0,0.0,,0.0,0.0,0.0,0.0,0.0,0.0,0.0,0.0,0.0,0.0,0.0,0.0,0.0,0.0,0.0,0.0,0.0,0.0,0.0,0.0,0.0,0.0,0.0,0.0,0.0,0.0,0.0,,0.0,,,,0.0,0.0,,,,,,,,,,,0.9995891451835632,0.0002606538473628,0.0001502651575719,Normal,0.9995891451835632,,,,,0.9990633130073548,0.0009367003804072,not_hate_speech,0.9990633130073548,,,,,,,,,,,,,,,,,,,,,,,,,,,,,,
x,0ccec0b8-25ab-44ee-4645-fa5e191c622a,jnjcasper,0.0,2019-04-19,2019-04-19 17:20:06 UTC,1308.0,cf453a38-3f07-2775-9b4f-a095512387a9,0.0,https://x.com/jnjcasper/status/1119289584381198336,1.0,"South Sudan Council of Churches presents new website for peace https://t.co/rBk25vowcW great effort highlighted by @Oikoumene, but why not also in Arabic? https://t.co/kwLt1yxIzM",,,,,,,,,,,,,,,South Sudan,Peace,Hate Speech,Peace,2026-01-15 15:40:46.723151 UTC,2325,,very_high,low,low,low,low,low,low,medium,,,,,,0.0,,,,0.0,0.0,0.0,0.0,,0.0,0.0,0.0,0.0,0.0,0.0,,0.0,0.0,0.0,0.0,0.0,0.0,0.0,0.0,0.0,0.0,0.0,0.0,0.0,0.0,0.0,0.0,0.0,0.0,0.0,0.0,0.0,0.0,0.0,0.0,0.0,0.0,0.0,,0.0,,,,0.0,0.0,,,,,,,,,,,0.9995132684707642,0.0003483756154309,0.0001382792106596,Normal,0.9995132684707642,,,,,0.9991589784622192,0.0008410824812017,not_hate_speech,0.9991589784622192,,,,,,,,,,,,,,,,,,,,,,,,,,,,,,
x,b989637b-7d14-d51f-8b58-5c81eb1af82b,VCCRichmond,0.0,2019-04-30,2019-04-30 01:26:13 UTC,1308.0,74f31123-36d7-1cf8-ff22-178c2c73ab3a,3.0,https://x.com/VCCRichmond/status/1123035795441487872,2.0,Day of prayer for the South Sudan peace process — World Council of Churches https://t.co/M6WV6vxgdq,,,,,,,,,,,,,,,South Sudan,Peace,Hate Speech,Peace,2026-01-15 15:40:46.723151 UTC,2325,,very_high,low,low,low,low,low,low,medium,,,,,,0.0,,,,0.0,0.0,0.0,0.0,,0.0,0.0,0.0,0.0,0.0,0.0,,0.0,0.0,0.0,0.0,0.0,0.0,0.0,0.0,0.0,0.0,0.0,0.0,0.0,0.0,0.0,0.0,0.0,0.0,0.0,0.0,0.0,0.0,0.0,0.0,0.0,0.0,0.0,,0.0,,,,0.0,0.0,,,,,,,,,,,0.9996885061264038,0.0002034670760622,0.0001081473455997,Normal,0.9996885061264038,,,,,0.9991338849067688,0.0008661307510919,not_hate_speech,0.9991338849067688,,,,,,,,,,,,,,,,,,,,,,,,,,,,,,
x,484a399f-eed0-35c8-a112-aff1f8011d60,HanneMKaarstad,1.0,2019-05-02,2019-05-02 07:20:23 UTC,1308.0,4e6ceeee-8d62-25f2-ec58-ceed1c2f4389,1.0,https://x.com/HanneMKaarstad/status/1123849700359254017,0.0,The IGAD meeting with the Parties to the Revitalized Peace Agreement in Addis today was opened by @SSCC with prayers for peace and unity and willingness to find compromises #SouthSudan #igad https://t.co/ERoRrVNWSf,,,,,,,,,,,,,,,South Sudan,Peace,Hate Speech,Peace,2026-01-15 15:40:46.723151 UTC,2325,,very_high,low,low,low,low,low,low,low,,,,,,0.0,,,,0.0,0.0,0.0,0.0,,1.0,0.0,0.0,0.0,0.0,0.0,,0.0,0.0,0.0,0.0,0.0,0.0,0.0,0.0,0.0,0.0,0.0,0.0,0.0,0.0,0.0,0.0,0.0,0.0,0.0,0.0,0.0,0.0,0.0,0.0,0.0,0.0,0.0,,0.0,,,,0.0,0.0,,,,,,,,,,,0.9996445178985596,0.0002222495677415,0.0001331730309175,Normal,0.9996445178985596,,,,,0.9990854263305664,0.0009145749500021,not_hate_speech,0.9990854263305664,,,,,,,,,,,,,,,,,,,,,,,,,,,,,,
x,2b5b16dd-9552-1f6a-3b07-9b08a2ec619b,SammydeJesus5,0.0,2019-05-02,2019-05-02 12:04:13 UTC,1308.0,d79c54b1-af6a-71b3-d532-2f7a00a4372d,0.0,https://x.com/SammydeJesus5/status/1123921128878157825,0.0,"SOUTH SUDAN: Peace Is Our Offer To The People of South Sudan, Says Council of Churches https://t.co/X8B0xGQARK
#Africa #SudãodoSul #Paz",,,,,,,,,,,,,,,South Sudan,Peace,Hate Speech,Peace,2026-01-15 15:40:46.723151 UTC,2325,,very_high,low,low,low,low,low,low,medium,,,,,,0.0,,,,0.0,0.0,0.0,0.0,,0.0,0.0,0.0,0.0,0.0,0.0,,0.0,0.0,0.0,0.0,0.0,0.0,0.0,0.0,0.0,0.0,0.0,0.0,0.0,0.0,0.0,0.0,0.0,0.0,0.0,0.0,0.0,0.0,0.0,0.0,0.0,0.0,0.0,,0.0,,,,0.0,0.0,,,,,,,,,,,0.999601662158966,0.0002206209755968,0.0001777999859768,Normal,0.999601662158966,,,,,0.998988926410675,0.0010110711446031,not_hate_speech,0.998988926410675,,,,,,,,,,,,,,,,,,,,,,,,,,,,,,
x,2caf38bd-9d68-927c-425d-09b484cf0e8a,fulamoyo,0.0,2019-05-04,2019-05-04 07:11:12 UTC,1308.0,e9be7f99-c3a8-2bf0-9ac9-030dcbee0d93,19.0,https://x.com/fulamoyo/status/1124572164307521537,12.0,"WCC&amp; SSCC Consultative Workshop on Trauma Transformation and Healing: developing and harmonizing an ecumenical model program for churches in SouthSudan, Nigeria and SierraLeone. #ThursdaysinBlack ⁦@wccpilgrimage⁩ ⁦@Oikoumene⁩ https://t.co/SOULoKZszJ",,,,,,,,,,,,,,,South Sudan,Peace,Hate Speech,Peace,2026-01-15 15:40:46.723151 UTC,2325,,very_high,low,low,low,low,low,low,medium,,,,,,0.0,,,,0.0,0.0,0.0,0.0,,1.0,0.0,0.0,0.0,0.0,0.0,,0.0,0.0,0.0,0.0,0.0,0.0,0.0,0.0,0.0,0.0,0.0,0.0,0.0,0.0,0.0,0.0,0.0,0.0,0.0,0.0,0.0,0.0,0.0,0.0,0.0,0.0,0.0,,0.0,,,,0.0,0.0,,,,,,,,,,,0.9997627139091492,0.0001431772834621,9.41471371334046e-05,Normal,0.9997627139091492,,,,,0.9987517595291138,0.0012481746962293,not_hate_speech,0.9987517595291138,,,,,,,,,,,,,,,,,,,,,,,,,,,,,,
x,93787f3d-7945-eb3a-88e6-186989c9f34d,Oikoumene,0.0,2019-05-07,2019-05-07 13:39:03 UTC,1308.0,12bc39a7-efe8-5856-4824-d80ab4a19fb9,10.0,https://x.com/Oikoumene/status/1125756932944306177,5.0,A workshop co-facilitated by the #WorldCouncilofChurches and the South Sudan Council of Churches in South Sudan on 1-3 May drew 18 people to explore resources churches use to aid in trauma healing. Participants also discussed potential common… https://t.co/3V2gllwbVr #WCC,,,,,,,,,,,,,,,South Sudan,Peace,Hate Speech,Peace,2026-01-15 15:40:46.723151 UTC,2325,,very_high,low,low,low,low,low,low,medium,,,,,,0.0,,,,0.0,0.0,0.0,0.0,,1.0,0.0,0.0,0.0,0.0,0.0,,0.0,0.0,0.0,0.0,0.0,0.0,0.0,0.0,0.0,0.0,0.0,0.0,0.0,0.0,0.0,0.0,0.0,0.0,0.0,0.0,0.0,0.0,0.0,0.0,0.0,0.0,0.0,,0.0,,,,0.0,0.0,,,,,,,,,,,0.9997301697731018,0.0001788830122677,9.089685045182704e-05,Normal,0.9997301697731018,,,,,0.9986950755119324,0.001304909819737,not_hate_speech,0.9986950755119324,,,,,,,,,,,,,,,,,,,,,,,,,,,,,,
x,0ccec0b8-25ab-44ee-4645-fa5e191c622a,jnjcasper,0.0,2019-05-10,2019-05-10 14:20:02 UTC,1308.0,ab4b02e0-b93a-da69-e1a3-485f2d7d1bf8,0.0,https://x.com/jnjcasper/status/1126854414415925248,0.0,"Trauma healing, ‘hurting hearts’ focus of workshop in South Sudan — World Council of Churches https://t.co/Ug9TgX9oxa great effort by @Oikoumene, but will 18 people make a difference in war-torn nation? https://t.co/duIX7hF9jL",,,,,,,,,,,,,,,South Sudan,Peace,Peace,Peace,2026-01-15 15:40:46.723151 UTC,2325,,high,low,low,low,low,low,low,medium,,,,,,0.0,,,,0.0,0.0,0.0,0.0,,1.0,0.0,0.0,0.0,0.0,0.0,,0.0,0.0,0.0,0.0,0.0,0.0,0.0,0.0,0.0,0.0,0.0,0.0,0.0,0.0,0.0,0.0,0.0,0.0,0.0,0.0,0.0,0.0,0.0,0.0,0.0,0.0,0.0,,0.0,,,,0.0,0.0,,,,,,,,,,,0.9991105198860168,0.0006793069187551,0.0002100496931234,Normal,0.9991105198860168,,,,,0.9991027116775512,0.0008973590447567,not_hate_speech,0.9991027116775512,,,,,,,,,,,,,,,,,,,,,,,,,,,,,,
x,b989637b-7d14-d51f-8b58-5c81eb1af82b,VCCRichmond,0.0,2019-05-11,2019-05-11 15:01:49 UTC,1308.0,c944adf7-9a18-9375-9ec5-645f0fc9251a,1.0,https://x.com/VCCRichmond/status/1127227316818595840,0.0,"Trauma healing, ‘hurting hearts’ focus of workshop in South Sudan — World Council of Churches https://t.co/qoOCcSJidg",,,,,,,,,,,,,,,South Sudan,Peace,Hate Speech,Peace,2026-01-15 15:40:46.723151 UTC,2325,,very_high,low,low,low,low,low,low,medium,,,,,,0.0,,,,0.0,0.0,0.0,0.0,,1.0,0.0,0.0,0.0,0.0,0.0,,0.0,0.0,0.0,0.0,0.0,0.0,0.0,0.0,0.0,0.0,0.0,0.0,0.0,0.0,0.0,0.0,0.0,0.0,0.0,0.0,0.0,0.0,0.0,0.0,0.0,0.0,0.0,,0.0,,,,0.0,0.0,,,,,,,,,,,0.9995310306549072,0.0003620906791184,0.0001069113423,Normal,0.9995310306549072,,,,,0.999183475971222,0.0008164574974216,not_hate_speech,0.999183475971222,,,,,,,,,,,,,,,,,,,,,,,,,,,,,,
x,c3340aaa-8205-d66d-7df5-038efa23d49b,UNICEF,13.0,2019-05-16,2019-05-16 13:10:01 UTC,1308.0,82f97dca-de7c-fdf8-8375-b68f797ed764,470.0,https://x.com/UNICEF/status/1129011118280777728,87.0,"Simon, a reunification case worker, meets separated children in Malakal, South Sudan. Simon is responsible for identifying children who have been separated from their parents as a result of conflict and making sure they get back into their parents’ arms. https://t.co/EyIjhHpvQw",,,,,,,,,,,,,,,South Sudan,Peace,Hate Speech,Peace,2026-01-15 15:40:46.723151 UTC,2325,high,,low,low,low,low,low,low,medium,,,,,,0.0,,,,0.0,0.0,0.0,0.0,,0.0,0.0,0.0,0.0,0.0,0.0,,0.0,0.0,0.0,0.0,0.0,0.0,0.0,0.0,0.0,0.0,0.0,0.0,0.0,0.0,0.0,0.0,0.0,0.0,0.0,0.0,0.0,0.0,0.0,0.0,0.0,0.0,0.0,,0.0,,,,0.0,0.0,,,,,,,,,,,0.9995991587638856,0.0002957246033474,0.0001050654318532,Normal,0.9995991587638856,,,,,0.9990869760513306,0.0009130251710303,not_hate_speech,0.9990869760513306,,,,,,,,,,,,,,,,,,,,,,,,,,,,,,
x,903f8856-03d9-7dc6-300f-ae871bc4aa5a,RadioTamazuj,1.0,2019-06-18,2019-06-18 11:56:58 UTC,1308.0,03d1b0ae-525f-11f5-c466-5e7e91e98845,6.0,https://x.com/RadioTamazuj/status/1140951536702513152,4.0,South Sudan Council of Churches has applauded parties to the #peace deal for maintaining relative ceasefire in recent months. #SouthSudan https://t.co/K3YlEkoZYp https://t.co/n5pqjIv46l,,,,,,,,,,,,,,,South Sudan,Peace,Hate Speech,Peace,2026-01-15 15:40:46.723151 UTC,2325,,very_high,low,low,low,low,low,low,medium,,,,,,0.0,,,,0.0,0.0,0.0,0.0,,0.0,0.0,0.0,0.0,0.0,0.0,,0.0,0.0,0.0,0.0,0.0,0.0,0.0,0.0,0.0,0.0,0.0,0.0,0.0,0.0,0.0,0.0,0.0,0.0,0.0,0.0,0.0,0.0,0.0,0.0,0.0,0.0,0.0,,0.0,,,,0.0,0.0,,,,,,,,,,,0.9996228218078612,0.0002476601803209,0.0001295771071454,Normal,0.9996228218078612,,,,,0.9991563558578492,0.0008437028736807,not_hate_speech,0.9991563558578492,,,,,,,,,,,,,,,,,,,,,,,,,,,,,,
x,941efb04-52e0-6dac-5989-084bdf9019d9,NiemanLab,1.0,2019-06-28,2019-06-28 23:48:00 UTC,1308.0,48cba9ec-bc46-3c0e-67bf-f8399592a6ab,7.0,https://x.com/NiemanLab/status/1144754351048658946,8.0,"“We wanted to see if we could pre-emptively debunk, or ‘pre-bunk,’ fake news by exposing people to a weak dose of the methods used to create and spread disinformation, so they have a better understanding of how they might be deceived."" https://t.co/KVuLXIoUeA",,,,,,,,,,,,,,,South Sudan,Peace,Hate Speech,Peace,2026-01-15 15:40:46.723151 UTC,2325,very_high,,low,low,low,low,low,low,medium,,,,,,0.0,,,,0.0,0.0,0.0,0.0,,0.0,0.0,0.0,0.0,0.0,0.0,,0.0,0.0,0.0,0.0,0.0,0.0,0.0,0.0,0.0,0.0,1.0,0.0,0.0,0.0,0.0,0.0,0.0,0.0,0.0,0.0,0.0,0.0,0.0,0.0,0.0,0.0,0.0,,0.0,,,,0.0,0.0,,,,,,,,,,,0.9348738193511964,0.0506797097623348,0.014446428976953,Normal,0.9348738193511964,,,,,0.9990159273147584,0.0009840253042057,not_hate_speech,0.9990159273147584,,,,,,,,,,,,,,,,,,,,,,,,,,,,,,
x,98315dca-8cf6-aca0-cad5-2bbb8b7333c8,LarsandeLars,0.0,2019-07-01,2019-07-01 18:50:55 UTC,1308.0,145fb7f3-91d0-ce7d-df7d-e57c08159901,13.0,https://x.com/LarsandeLars/status/1145766752720248832,1.0,Norway is a consistent supporter of South Sudan’s Council of Churches efforts to promote peace in the country. Happy to host SSCC and ⁦@KirkensNodhjelp⁩ for a breakfast meeting today with Norwegian Special Rep. ⁦@ErlingSkj⁩ was https://t.co/pDUYp1GIL6,,,,,,,,,,,,,,,South Sudan,Peace,Hate Speech,Peace,2026-01-15 15:40:46.723151 UTC,2325,,very_high,low,low,low,low,low,low,medium,,,,,,0.0,,,,0.0,0.0,0.0,0.0,,0.0,0.0,0.0,0.0,0.0,0.0,,0.0,0.0,0.0,0.0,0.0,0.0,0.0,0.0,0.0,0.0,0.0,0.0,0.0,0.0,0.0,0.0,0.0,0.0,0.0,0.0,0.0,0.0,0.0,0.0,0.0,0.0,0.0,,0.0,,,,0.0,0.0,,,,,,,,,,,0.9996864795684814,0.0001819355093175,0.0001315551344305,Normal,0.9996864795684814,,,,,0.9990835189819336,0.0009164962684735,not_hate_speech,0.9990835189819336,,,,,,,,,,,,,,,,,,,,,,,,,,,,,,
x,2c00e374-285e-d32a-d6d1-8e56ddea4bdd,FECCLAHA,0.0,2019-08-11,2019-08-11 12:36:10 UTC,1308.0,4be83f05-eca3-1ec5-bb68-f15a772b77bd,6.0,https://x.com/FECCLAHA/status/1160530344120127488,1.0,"South Sudan Council of Churches (SSCC) - National Women Link for Peace hold the Women Monthly Prayer for Peace in Juba, South Sudan. This was coupled with a Peace Procession in the sustained Call for Peace and stability in South Sudan. @SSCChurches https://t.co/Ifyy0dsuGn",,,,,,,,,,,,,,,South Sudan,Peace,Hate Speech,Peace,2026-01-15 15:40:46.723151 UTC,2325,high,,low,low,low,low,low,low,medium,,,,,,0.0,,,,0.0,0.0,0.0,0.0,,0.0,0.0,0.0,0.0,0.0,0.0,,0.0,0.0,0.0,0.0,0.0,0.0,0.0,0.0,0.0,0.0,0.0,0.0,0.0,0.0,0.0,0.0,0.0,0.0,0.0,0.0,0.0,0.0,0.0,0.0,0.0,0.0,0.0,,0.0,,,,0.0,0.0,,,,,,,,,,,0.9996412992477416,0.0002467095328029,0.0001120016022468,Normal,0.9996412992477416,,,,,0.9990853071212769,0.0009146707598119,not_hate_speech,0.9990853071212769,,,,,,,,,,,,,,,,,,,,,,,,,,,,,,
x,2c37c49e-3f13-d3ae-297a-2c70ba6e604f,radiobakhita,0.0,2019-08-24,2019-08-24 08:23:30 UTC,1308.0,0b7ca266-cfa0-fa33-13ec-8c9376ed68fd,0.0,https://x.com/radiobakhita/status/1165177803291222018,0.0,"#SouthSudan Council of churches has organized a training on hate speech &amp; peace awareness training to 40 participants in #Rumbek.

Bahr El-Ghazal region coordinator  Pastor Bang Akuei  said the training aimed at creating awareness on speeches that promote hatred. @SSCChurches https://t.co/sEpW12W6zi",,,,,,,,,,,,,,,South Sudan,Peace,Hate Speech,Peace,2026-01-15 15:40:46.723151 UTC,2325,,very_high,low,low,low,low,low,low,medium,,,,,,0.0,,,,0.0,0.0,0.0,0.0,,0.0,0.0,0.0,0.0,0.0,0.0,,0.0,0.0,0.0,0.0,0.0,0.0,0.0,0.0,0.0,0.0,0.0,0.0,0.0,0.0,0.0,0.0,0.0,0.0,0.0,0.0,0.0,0.0,0.0,0.0,0.0,0.0,0.0,,0.0,,,,0.0,0.0,,,,,,,,,,,0.9997217059135436,0.0001805864885682,9.768181917024776e-05,Normal,0.9997217059135436,,,,,0.9991506338119508,0.000849317992106,not_hate_speech,0.9991506338119508,,,,,,,,,,,,,,,,,,,,,,,,,,,,,,
x,17b20030-a462-a35f-2ca7-ec23b467c0af,ECSouthSudan,1.0,2019-08-27,2019-08-27 09:20:51 UTC,1308.0,3a6b8c31-8741-7381-98e4-10afbeb64405,4.0,https://x.com/ECSouthSudan/status/1166279398485626880,2.0,"Please join us in praying for all at the South Sudan Council of Churches General Assembly; for clear thinking, wisdom in decision making and unity.

https://t.co/92rh6SSOTe https://t.co/9io4J4iLL2",,,,,,,,,,,,,,,South Sudan,Peace,Hate Speech,Peace,2026-01-15 15:40:46.723151 UTC,2325,,very_high,low,low,low,low,low,low,medium,,,,,,0.0,,,,0.0,0.0,0.0,0.0,,1.0,0.0,0.0,0.0,0.0,0.0,,0.0,0.0,0.0,0.0,0.0,0.0,0.0,0.0,0.0,0.0,0.0,0.0,0.0,0.0,0.0,0.0,0.0,0.0,0.0,0.0,0.0,0.0,0.0,0.0,0.0,0.0,0.0,,0.0,,,,0.0,0.0,,,,,,,,,,,0.999698042869568,0.0002050167240668,9.702534589450806e-05,Normal,0.999698042869568,,,,,0.9990481734275818,0.0009517921716906,not_hate_speech,0.9990481734275818,,,,,,,,,,,,,,,,,,,,,,,,,,,,,,
x,32e2aeb1-fcbd-338c-a21c-6dbe221d5323,ErhardHermansen,0.0,2019-08-30,2019-08-30 18:09:01 UTC,1308.0,c2341de9-2aef-3539-0545-85e1148377f4,0.0,https://x.com/ErhardHermansen/status/1167499480079437824,0.0,A short week in Juba is over. The General Assembly at South Sudan Council of Churches underlined the importance of a united church in South Sudan and the the work for peace and reconciliation in the country. The... https://t.co/15Abpi2FgC,,,,,,,,,,,,,,,South Sudan,Peace,Hate Speech,Peace,2026-01-15 15:40:46.723151 UTC,2325,,very_high,low,low,low,low,low,low,medium,,,,,,0.0,,,,0.0,0.0,0.0,1.0,,0.0,0.0,0.0,0.0,0.0,0.0,,0.0,0.0,0.0,0.0,0.0,0.0,0.0,0.0,0.0,0.0,0.0,1.0,1.0,0.0,0.0,0.0,0.0,0.0,0.0,0.0,0.0,0.0,0.0,0.0,0.0,0.0,0.0,,0.0,,,,0.0,0.0,,,,,,,,,,,0.9997021555900574,0.0002026479924097,9.52725822571665e-05,Normal,0.9997021555900574,,,,,0.999159812927246,0.0008401601226069,not_hate_speech,0.999159812927246,,,,,,,,,,,,,,,,,,,,,,,,,,,,,,
x,98d1022b-3892-f3a6-0e1c-addad811be7f,IreneLasu,0.0,2019-09-19,2019-09-19 07:43:05 UTC,1308.0,6fd4977d-f5bb-7fae-1dee-0f889b958d18,3.0,https://x.com/IreneLasu/status/1174589713065398272,1.0,"The South Sudan Council of Churches in collaboration with the National Women’s Program will today (Thursday) hold a National Day of Prayer for Peace, Healing, Forgiveness and Reconciliation. The prayers will be held at the Presidential State House -J1 in Juba.  #SouthSudan",,,,,,,,,,,,,,,South Sudan,Peace,Hate Speech,Peace,2026-01-15 15:40:46.723151 UTC,2325,,very_high,low,low,low,low,low,low,medium,,,,,,0.0,,,,0.0,0.0,0.0,1.0,,1.0,0.0,0.0,0.0,0.0,0.0,,0.0,0.0,0.0,0.0,0.0,0.0,0.0,0.0,0.0,0.0,0.0,1.0,1.0,0.0,0.0,0.0,0.0,0.0,0.0,0.0,0.0,0.0,0.0,0.0,0.0,0.0,0.0,,0.0,,,,0.0,0.0,,,,,,,,,,,0.9996763467788696,0.0002292868884978,9.440693247597665e-05,Normal,0.9996763467788696,,,,,0.999142289161682,0.0008577000116929,not_hate_speech,0.999142289161682,,,,,,,,,,,,,,,,,,,,,,,,,,,,,,
x,45611402-be2f-ea48-3390-69952c8124e4,EyeRadioJuba,2.0,2019-09-19,2019-09-19 08:27:40 UTC,1308.0,c61a3abe-d4ea-b3d2-bc17-c0909214afed,5.0,https://x.com/EyeRadioJuba/status/1174600934321733637,3.0,"#SouthSudan leaders [Alier, Makana, Taban, Kiir and Igga] pray for peace in a function organized by the Council of Churches at J1 on Thursday, Sept. 19, 2019 | Credit | Deng Bol https://t.co/EUPEJsHoqW",,,,,,,,,,,,,,,South Sudan,Peace,Hate Speech,Peace,2026-01-15 15:40:46.723151 UTC,2325,,very_high,low,low,low,low,low,low,medium,,,,,,0.0,,,,0.0,0.0,0.0,0.0,,0.0,0.0,0.0,0.0,0.0,0.0,,0.0,0.0,0.0,0.0,0.0,0.0,0.0,0.0,0.0,0.0,0.0,0.0,0.0,0.0,0.0,0.0,0.0,0.0,0.0,0.0,0.0,0.0,0.0,0.0,0.0,0.0,0.0,,0.0,,,,0.0,0.0,,,,,,,,,,,0.9993997812271118,0.0004035671881865,0.0001966521085705,Normal,0.9993997812271118,,,,,0.9991926550865172,0.0008073566714301,not_hate_speech,0.9991926550865172,,,,,,,,,,,,,,,,,,,,,,,,,,,,,,
x,affede37-3d6b-fe0d-5bc4-990a48973366,wmamgbwi,0.0,2019-09-19,2019-09-19 09:52:14 UTC,1308.0,d758807c-07b2-66ab-9c06-eb6139f3df09,0.0,https://x.com/wmamgbwi/status/1174622216912330753,0.0,"Live from the Presidental palace J1, The peace and healing prayers taking place courtesy of South Sudan Council of Churches (SSCC).
#PEACE #HEALING #RECONCILIATION in South Sudan Lt.Gen Taban Deng Gai Dr.riek Machar @RSSSSJ Malual Bol Kiir…https://t.co/gdLGnC7lhy",,,,,,,,,,,,,,,South Sudan,Peace,Hate Speech,Peace,2026-01-15 15:40:46.723151 UTC,2325,,very_high,low,low,low,low,low,low,medium,,,,,,0.0,,,,0.0,0.0,0.0,1.0,,1.0,0.0,0.0,0.0,0.0,0.0,,0.0,0.0,0.0,0.0,0.0,0.0,0.0,0.0,0.0,0.0,0.0,1.0,1.0,0.0,0.0,0.0,0.0,0.0,0.0,0.0,0.0,0.0,0.0,0.0,0.0,0.0,0.0,,0.0,,,,0.0,0.0,,,,,,,,,,,0.9994733929634094,0.0002232400147477,0.0003033514076378,Normal,0.9994733929634094,,,,,0.9991138577461244,0.0008860973757691,not_hate_speech,0.9991138577461244,,,,,,,,,,,,,,,,,,,,,,,,,,,,,,
x,451c7100-106c-da04-6045-a2c3e18767d6,RadioMiraya,0.0,2019-09-19,2019-09-19 10:19:43 UTC,1308.0,bc0f305f-4802-146b-2105-f015b4afbdd7,8.0,https://x.com/RadioMiraya/status/1174629131981590530,0.0,"The #SouthSudan Council of Churches in collaboration with the National Women’s Program is today (Thursday) holding a National Day of Prayer for #Peace, Healing, Forgiveness and #Reconciliation. The prayers are being held at the Presidential State House -J1 in Juba. https://t.co/9AAMu1OBmH",,,,,,,,,,,,,,,South Sudan,Peace,Hate Speech,Peace,2026-01-15 15:40:46.723151 UTC,2325,,very_high,low,low,low,low,low,low,medium,,,,,,0.0,,,,0.0,0.0,0.0,1.0,,1.0,0.0,0.0,0.0,0.0,0.0,,0.0,0.0,0.0,0.0,0.0,0.0,0.0,0.0,0.0,0.0,0.0,1.0,1.0,0.0,0.0,0.0,0.0,0.0,0.0,0.0,0.0,0.0,0.0,0.0,0.0,0.0,0.0,,0.0,,,,0.0,0.0,,,,,,,,,,,0.999687910079956,0.0002229438541689,8.92001116881147e-05,Normal,0.999687910079956,,,,,0.9989916682243348,0.0010083575034514,not_hate_speech,0.9989916682243348,,,,,,,,,,,,,,,,,,,,,,,,,,,,,,
x,2c37c49e-3f13-d3ae-297a-2c70ba6e604f,radiobakhita,0.0,2019-09-30,2019-09-30 07:15:28 UTC,1308.0,9653be0f-ab3b-96a3-3236-b7774620441f,5.0,https://x.com/radiobakhita/status/1178569032372498432,2.0,"The Secretary-General of the #SouthSudan Council of Churches pleads to the faithful not to give, but continue praying and working for peace.

Fr James Oyet Latansio says @SSCChurches is working hard to realize total peace in the country. @News_CRN  reports https://t.co/q6vw7xyiNx",,,,,,,,,,,,,,,South Sudan,Peace,Other,Peace,2026-01-15 15:40:46.723151 UTC,2325,,very_high,low,low,low,low,low,low,medium,,,,,,0.0,,,,0.0,0.0,0.0,0.0,,0.0,0.0,0.0,0.0,0.0,0.0,,0.0,0.0,0.0,0.0,0.0,0.0,0.0,0.0,0.0,0.0,0.0,0.0,0.0,0.0,0.0,0.0,0.0,0.0,0.0,0.0,0.0,0.0,0.0,0.0,0.0,0.0,0.0,,0.0,,,,0.0,0.0,,,,,,,,,,,0.9997287392616272,0.0001869060943135,8.436867938144132e-05,Normal,0.9997287392616272,,,,,0.9989743232727052,0.0010257452959194,not_hate_speech,0.9989743232727052,,,,,,,,,,,,,,,,,,,,,,,,,,,,,,
x,353f0c6b-314d-cd2f-8b24-f19c46d18799,SSCChurches,1.0,2019-11-11,2019-11-11 08:54:03 UTC,1308.0,fa212768-32de-42dd-28e0-6170a6ebf668,0.0,https://x.com/SSCChurches/status/1193814131121504256,0.0,https://t.co/wDAJDuR5hC…eful-south-sudan/,,,,,,,,,,,,,,,South Sudan,Peace,Hate Speech,Peace,2026-01-15 15:40:46.723151 UTC,2325,,very_high,,,,,,,,,,,,,0.0,,,,0.0,0.0,0.0,0.0,,0.0,0.0,0.0,0.0,0.0,0.0,,0.0,0.0,0.0,0.0,0.0,0.0,0.0,0.0,0.0,0.0,0.0,0.0,0.0,0.0,0.0,0.0,0.0,0.0,0.0,0.0,0.0,0.0,0.0,0.0,0.0,0.0,0.0,,0.0,,,,0.0,0.0,,,,,,,,,,,0.9994367957115172,0.0003456842387095,0.00021754016052,Normal,0.9994367957115172,,,,,0.9963967204093932,0.0036033138167113,not_hate_speech,0.9963967204093932,,,,,,,,,,,,,,,,,,,,,,,,,,,,,,
x,93787f3d-7945-eb3a-88e6-186989c9f34d,Oikoumene,0.0,2019-11-11,2019-11-11 14:14:32 UTC,1308.0,e725d197-f381-ae38-8954-d1f6585716bc,6.0,https://x.com/Oikoumene/status/1193894781761409024,1.0,A message released 9 Nov from the #SouthSudan Council of Churches @SSCChurches reflected that the will for peace is not measured only by deadlines and technical arrangements. “Whether the government is formed on 12 November or a further extension is… https://t.co/rqc7qHpMoe #WCC,,,,,,,,,,,,,,,South Sudan,Peace,Hate Speech,Peace,2026-01-15 15:40:46.723151 UTC,2325,,very_high,low,low,low,low,low,low,medium,,,,,,0.0,,,,0.0,0.0,0.0,0.0,,0.0,0.0,0.0,0.0,0.0,0.0,,0.0,0.0,0.0,0.0,0.0,0.0,0.0,0.0,0.0,0.0,0.0,0.0,0.0,0.0,0.0,0.0,0.0,0.0,0.0,0.0,0.0,0.0,0.0,0.0,0.0,0.0,0.0,,0.0,,,,0.0,0.0,,,,,,,,,,,0.999698042869568,0.0002028888411587,9.919182048179208e-05,Normal,0.999698042869568,,,,,0.9990984201431274,0.0009016336407512,not_hate_speech,0.9990984201431274,,,,,,,,,,,,,,,,,,,,,,,,,,,,,,
x,24e4cb09-9095-ce68-398d-954a44d88fc3,CNewswire,0.0,2019-11-11,2019-11-11 16:23:07 UTC,1308.0,821a527b-229d-2f9d-36cb-3e0d583283a7,0.0,https://x.com/CNewswire/status/1193927143534845952,0.0,South Sudan Council of Churches: Peace 'Is a Question of the Heart' https://t.co/xYeVBqV3QY,,,,,,,,,,,,,,,South Sudan,Peace,Other,Peace,2026-01-15 15:40:46.723151 UTC,2325,,very_high,low,low,low,low,low,low,medium,,,,,,0.0,,,,0.0,0.0,0.0,0.0,,0.0,0.0,0.0,0.0,0.0,0.0,,0.0,0.0,0.0,0.0,0.0,0.0,0.0,0.0,0.0,0.0,0.0,0.0,0.0,0.0,0.0,0.0,0.0,0.0,0.0,0.0,0.0,0.0,0.0,0.0,0.0,0.0,0.0,,0.0,,,,0.0,0.0,,,,,,,,,,,0.9995781779289246,0.0002884238201659,0.0001334013650193,Normal,0.9995781779289246,,,,,0.9990718364715576,0.0009280779049731,not_hate_speech,0.9990718364715576,,,,,,,,,,,,,,,,,,,,,,,,,,,,,,
x,24e4cb09-9095-ce68-398d-954a44d88fc3,CNewswire,0.0,2019-11-11,2019-11-11 18:46:32 UTC,1308.0,a8f276e1-f1ab-3227-0bf1-ebdf76e2f0ec,0.0,https://x.com/CNewswire/status/1193963235470262273,0.0,South Sudan Council of Churches: Peace 'Is a Question of the Heart' https://t.co/bz5LrqVtLu,,,,,,,,,,,,,,,South Sudan,Peace,Hate Speech,Peace,2026-01-15 15:40:46.723151 UTC,2325,,very_high,low,low,low,low,low,low,medium,,,,,,0.0,,,,0.0,0.0,0.0,0.0,,0.0,0.0,0.0,0.0,0.0,0.0,,0.0,0.0,0.0,0.0,0.0,0.0,0.0,0.0,0.0,0.0,0.0,0.0,0.0,0.0,0.0,0.0,0.0,0.0,0.0,0.0,0.0,0.0,0.0,0.0,0.0,0.0,0.0,,0.0,,,,0.0,0.0,,,,,,,,,,,0.9995940327644348,0.0002760940988082,0.0001298883871641,Normal,0.9995940327644348,,,,,0.999078631401062,0.0009213796583935,not_hate_speech,0.999078631401062,,,,,,,,,,,,,,,,,,,,,,,,,,,,,,
x,93787f3d-7945-eb3a-88e6-186989c9f34d,Oikoumene,1.0,2019-11-12,2019-11-12 14:00:00 UTC,1308.0,c3658776-3535-486a-4678-5a4e2fb0e53d,6.0,https://x.com/Oikoumene/status/1194253513645154304,5.0,"#WCC A message released 9 November from the South Sudan Council of Churches reflected that the will for peace is not measured only by deadlines and technical arrangements. @SSCChurches
 🔗https://t.co/cdRUKNxKyB https://t.co/l2Rcqpp84v",,,,,,,,,,,,,,,South Sudan,Peace,Hate Speech,Peace,2026-01-15 15:40:46.723151 UTC,2325,,very_high,low,low,low,low,low,low,medium,,,,,,0.0,,,,0.0,0.0,0.0,0.0,,0.0,0.0,0.0,0.0,0.0,0.0,,0.0,0.0,0.0,0.0,0.0,0.0,0.0,0.0,0.0,0.0,0.0,0.0,0.0,0.0,0.0,0.0,0.0,0.0,0.0,0.0,0.0,0.0,0.0,0.0,0.0,0.0,0.0,,0.0,,,,0.0,0.0,,,,,,,,,,,0.9997275471687316,0.0001821761688916,9.022023004945368e-05,Normal,0.9997275471687316,,,,,0.9990910291671752,0.0009090170497074,not_hate_speech,0.9990910291671752,,,,,,,,,,,,,,,,,,,,,,,,,,,,,,
x,353f0c6b-314d-cd2f-8b24-f19c46d18799,SSCChurches,0.0,2019-11-19,2019-11-19 07:33:35 UTC,1308.0,f650ae96-cccf-514f-f26d-b3b918e9face,5.0,https://x.com/SSCChurches/status/1196692982700883968,0.0,"Church women leaders, a combination of women links and women coordinators from the member churches during an ongoing workshop on capacity and peace building leadership organized by South Sudan Council of Churches in partnership with Norwegian Church Aid (NCA) https://t.co/C1snnMVMFh",,,,,,,,,,,,,,,South Sudan,Peace,Hate Speech,Peace,2026-01-15 15:40:46.723151 UTC,2325,,very_high,low,low,low,low,low,low,medium,,,,,,0.0,,,,0.0,0.0,0.0,0.0,,0.0,0.0,0.0,0.0,0.0,0.0,,0.0,0.0,0.0,0.0,0.0,0.0,0.0,0.0,0.0,0.0,0.0,0.0,0.0,0.0,0.0,0.0,0.0,0.0,0.0,0.0,0.0,0.0,0.0,0.0,0.0,0.0,0.0,,0.0,,,,0.0,0.0,,,,,,,,,,,0.99973326921463,0.0001800060417735,8.680216706125066e-05,Normal,0.99973326921463,,,,,0.9990034699440002,0.0009964912896975,not_hate_speech,0.9990034699440002,,,,,,,,,,,,,,,,,,,,,,,,,,,,,,
x,2c37c49e-3f13-d3ae-297a-2c70ba6e604f,radiobakhita,0.0,2019-11-22,2019-11-22 07:18:27 UTC,1308.0,a627ae6b-aff4-b2ae-0a79-48971db4c0bf,0.0,https://x.com/radiobakhita/status/1197776337668366337,1.0,"#SouthSudan Council of Churches is preparing to dialogue between Toposa and Buya communities to live in peace and harmony.

The idea came after growing tensions mounted between the two communities in recent months, due to cattle raiding and revenge attacks. @SSCChurches https://t.co/qUjtoieGWG",,,,,,,,,,,,,,,South Sudan,Peace,Hate Speech,Peace,2026-01-15 15:40:46.723151 UTC,2325,,high,low,low,low,low,low,low,medium,,,,,,0.0,,,,0.0,0.0,0.0,0.0,,0.0,0.0,0.0,0.0,0.0,0.0,,0.0,0.0,0.0,0.0,0.0,0.0,0.0,0.0,0.0,0.0,0.0,0.0,0.0,0.0,1.0,0.0,0.0,0.0,0.0,0.0,0.0,0.0,0.0,0.0,0.0,0.0,0.0,,0.0,,,,0.0,0.0,,,,,,,,,,,0.9996806383132936,0.0001953164028236,0.0001240109122591,Normal,0.9996806383132936,,,,,0.9987221360206604,0.0012778479140251,not_hate_speech,0.9987221360206604,,,,,,,,,,,,,,,,,,,,,,,,,,,,,,
x,345de040-45ed-7faa-604b-574316fbe8cf,LokwiyaF,0.0,2019-12-03,2019-12-03 17:22:07 UTC,1308.0,4582afea-4341-6663-cd4a-0d774f73299d,0.0,https://x.com/LokwiyaF/status/1201914522715508741,0.0,Today we held a joint solidarity end of the year peace prayer Acholi Religious Leaders Peace Initiative and South Sudan Council of Churches with the South Sudanese refugees at Paluda Resettlement Camp in Lamwo. The theme was 'Way to Resolution' https://t.co/wCUAvOz8wf,,,,,,,,,,,,,,,South Sudan,Peace,Hate Speech,Peace,2026-01-15 15:40:46.723151 UTC,2325,high,,low,low,low,low,low,low,medium,,,,,,0.0,,,,0.0,0.0,0.0,0.0,,0.0,0.0,0.0,0.0,0.0,0.0,,0.0,0.0,0.0,0.0,0.0,0.0,0.0,0.0,0.0,0.0,0.0,0.0,0.0,0.0,0.0,0.0,0.0,0.0,0.0,0.0,0.0,0.0,0.0,0.0,0.0,0.0,0.0,,0.0,,,,0.0,0.0,,,,,,,,,,,0.9996912479400636,0.0002094967785524,9.922000026563182e-05,Normal,0.9996912479400636,,,,,0.9991269707679749,0.0008730623521842,not_hate_speech,0.9991269707679749,,,,,,,,,,,,,,,,,,,,,,,,,,,,,,
x,353f0c6b-314d-cd2f-8b24-f19c46d18799,SSCChurches,0.0,2019-12-05,2019-12-05 03:28:32 UTC,1308.0,aca74816-693f-a596-b188-9059a5c7e722,6.0,https://x.com/SSCChurches/status/1202429519480705030,3.0,A team from South Sudan Council of Churches joins the Acholi Religious Leaders Peace Initiative during the end of year Solidarity Peace Prayer that took place at Palabek Refugee Settlement. https://t.co/5DPyTsal9f,,,,,,,,,,,,,,,South Sudan,Peace,Hate Speech,Peace,2026-01-15 15:40:46.723151 UTC,2325,,very_high,low,low,low,low,low,low,low,,,,,,0.0,,,,0.0,0.0,0.0,0.0,,0.0,0.0,0.0,0.0,0.0,0.0,,0.0,0.0,0.0,0.0,0.0,0.0,0.0,0.0,0.0,0.0,0.0,0.0,0.0,0.0,0.0,0.0,0.0,0.0,0.0,0.0,0.0,0.0,0.0,0.0,0.0,0.0,0.0,,0.0,,,,0.0,0.0,,,,,,,,,,,0.9997119307518004,0.0002026951988227,8.5333755123429e-05,Normal,0.9997119307518004,,,,,0.999135434627533,0.0008646019850857,not_hate_speech,0.999135434627533,,,,,,,,,,,,,,,,,,,,,,,,,,,,,,
x,e46e98ef-1d06-b72e-3319-241352aaa3af,MTuralei,0.0,2019-12-06,2019-12-06 19:17:52 UTC,1308.0,fc0d04f5-5e83-8597-3eab-eaa7fd21535b,4.0,https://x.com/MTuralei/status/1203030814960865287,0.0,"Council of churches convene peace meeting in Turalei, Twic. #SouthSudan",,,,,,,,,,,,,,,South Sudan,Peace,Hate Speech,Peace,2026-01-15 15:40:46.723151 UTC,2325,,very_high,low,low,low,low,low,low,medium,,,,,,0.0,,,,0.0,0.0,0.0,0.0,,0.0,0.0,0.0,0.0,0.0,0.0,,0.0,0.0,0.0,0.0,0.0,0.0,0.0,0.0,0.0,0.0,0.0,0.0,0.0,0.0,0.0,0.0,0.0,0.0,0.0,0.0,0.0,0.0,0.0,0.0,0.0,0.0,0.0,,0.0,,,,0.0,0.0,,,,,,,,,,,0.9992758631706238,0.0004951916052959,0.0002289049734827,Normal,0.9992758631706238,,,,,0.9992121458053588,0.0007878157775849,not_hate_speech,0.9992121458053588,,,,,,,,,,,,,,,,,,,,,,,,,,,,,,
x,1c589d8e-18de-080c-6a17-3b92b05388df,jacqui_oneill,12.0,2019-12-14,2019-12-14 21:45:35 UTC,1308.0,ce22084e-8550-ae41-0b34-cd7b367c5c64,221.0,https://x.com/jacqui_oneill/status/1205967092165566469,31.0,"I’m in my happy place. 

Back in #Sudan for the first time since the revolution. Listening to amazing stories of courage and humanity &amp; trying to support women and men in their ongoing pursuit of a new, inclusive Sudan. #Canada 

@CanadaUN @ngowgwps @WPSNCanada @WomenPeaceSec https://t.co/IuZzHQ0XZX",,,,,,,,,,,,,,,South Sudan,Peace,Hate Speech,Peace,2026-01-15 15:40:46.723151 UTC,2325,,very_high,low,low,low,low,low,low,medium,,,,,,0.0,,,,0.0,0.0,0.0,0.0,,0.0,0.0,0.0,0.0,0.0,0.0,,0.0,0.0,0.0,0.0,0.0,0.0,0.0,0.0,0.0,0.0,0.0,0.0,0.0,0.0,0.0,0.0,0.0,0.0,0.0,0.0,0.0,0.0,0.0,0.0,0.0,0.0,0.0,,0.0,,,,0.0,0.0,,,,,,,,,,,0.9996557235717772,0.0002340861537959,0.0001102834794437,Normal,0.9996557235717772,,,,,0.9990224838256836,0.0009774629725143,not_hate_speech,0.9990224838256836,,,,,,,,,,,,,,,,,,,,,,,,,,,,,,
x,93787f3d-7945-eb3a-88e6-186989c9f34d,Oikoumene,0.0,2019-12-16,2019-12-16 17:36:31 UTC,1308.0,3a846484-58f7-c7e8-59d6-addf50433efc,3.0,https://x.com/Oikoumene/status/1206629190960742401,4.0,"The South Sudan Council of Churches in its Christmas message calls for peace among communities in South Sudan and respect towards the ethnic differences. Christmastime is a time for justice, peace, healing and reconciliation, the message reflects. https://t.co/kozalgfWby #WCC",,,,,,,,,,,,,,,South Sudan,Peace,Hate Speech,Peace,2026-01-15 15:40:46.723151 UTC,2325,very_high,,low,low,low,low,low,low,medium,,,,,,0.0,,,,0.0,0.0,0.0,1.0,,1.0,0.0,0.0,0.0,0.0,0.0,,0.0,0.0,0.0,0.0,0.0,0.0,0.0,0.0,0.0,0.0,0.0,1.0,1.0,0.0,0.0,0.0,0.0,0.0,0.0,0.0,0.0,0.0,0.0,0.0,0.0,0.0,0.0,,0.0,,,,0.0,0.0,,,,,,,,,,,0.9996542930603028,0.0002193635009462,0.0001263171579921,Normal,0.9996542930603028,,,,,0.9989640712738036,0.0010359471198171,not_hate_speech,0.9989640712738036,,,,,,,,,,,,,,,,,,,,,,,,,,,,,,
x,560e434e-f704-159b-9cfb-f7027e566169,MarianneEjder,0.0,2019-12-16,2019-12-16 17:39:35 UTC,1308.0,3e532581-6908-b7b0-fdc7-5165c4a256db,4.0,https://x.com/MarianneEjder/status/1206629959525163014,1.0,South Sudan Council of Churches shares Christmas message of peace #WCC https://t.co/D3UM9o5Pu7 https://t.co/N57DsBl368,,,,,,,,,,,,,,,South Sudan,Peace,Other,Peace,2026-01-15 15:40:46.723151 UTC,2325,,very_high,low,low,low,low,low,low,medium,,,,,,0.0,,,,0.0,0.0,0.0,0.0,,0.0,0.0,0.0,0.0,0.0,0.0,,0.0,0.0,0.0,0.0,0.0,0.0,0.0,0.0,0.0,0.0,0.0,0.0,0.0,0.0,0.0,0.0,0.0,0.0,0.0,0.0,0.0,0.0,0.0,0.0,0.0,0.0,0.0,,0.0,,,,0.0,0.0,,,,,,,,,,,0.9996384382247924,0.0002358962083235,0.0001256497926078,Normal,0.9996384382247924,,,,,0.9990322589874268,0.0009677334455773,not_hate_speech,0.9990322589874268,,,,,,,,,,,,,,,,,,,,,,,,,,,,,,
x,83a9419f-b5e7-97b2-77e5-bc435300c211,aahollas,0.0,2019-12-17,2019-12-17 12:14:53 UTC,1308.0,e7a8c817-204d-92af-77d7-36d4df87df02,0.0,https://x.com/aahollas/status/1206910634820018177,0.0,https://t.co/md8xHmA6LO,,,,,,,,,,,,,,,South Sudan,Peace,Hate Speech,Peace,2026-01-15 15:40:46.723151 UTC,2325,,very_high,,,,,,,,,,,,,0.0,,,,0.0,0.0,0.0,0.0,,0.0,0.0,0.0,0.0,0.0,0.0,,0.0,0.0,0.0,0.0,0.0,0.0,0.0,0.0,0.0,0.0,0.0,0.0,0.0,0.0,0.0,0.0,0.0,0.0,0.0,0.0,0.0,0.0,0.0,0.0,0.0,0.0,0.0,,0.0,,,,0.0,0.0,,,,,,,,,,,0.9987713694572448,0.0008397205383516,0.0003888277569785,Normal,0.9987713694572448,,,,,0.9985332489013672,0.0014667892828583,not_hate_speech,0.9985332489013672,,,,,,,,,,,,,,,,,,,,,,,,,,,,,,
x,fe53b37d-16c5-89ce-d709-3ac803bf6db3,RomanoAng,0.0,2020-01-15,2020-01-15 08:53:16 UTC,1308.0,9421c47d-887c-d1ef-62ae-ab2b187fb544,9.0,https://x.com/RomanoAng/status/1217369143441100800,13.0,"South Sudan Council of churches have worked hand in hand with Sant’Egidio as partners in dialogue and reconciliation since 2017.
https://t.co/ac6tKu3rRR",,,,,,,,,,,,,,,South Sudan,Peace,Hate Speech,Peace,2026-01-15 15:40:46.723151 UTC,2325,,very_high,low,low,low,low,low,low,medium,,,,,,0.0,,,,0.0,0.0,0.0,1.0,,0.0,0.0,0.0,0.0,0.0,0.0,,0.0,0.0,0.0,0.0,0.0,0.0,0.0,0.0,0.0,0.0,0.0,1.0,1.0,0.0,0.0,0.0,0.0,0.0,0.0,0.0,0.0,0.0,0.0,0.0,0.0,0.0,0.0,,0.0,,,,0.0,0.0,,,,,,,,,,,0.9996398687362672,0.0002365945110796,0.0001235880336025,Normal,0.9996398687362672,,,,,0.9990355968475342,0.0009644525125622,not_hate_speech,0.9990355968475342,,,,,,,,,,,,,,,,,,,,,,,,,,,,,,
x,0643e580-78fd-6900-f31c-c09b6712bb65,tpthompson,0.0,2020-01-15,2020-01-15 19:38:38 UTC,1308.0,af8acaf8-c20b-1891-6260-e5a3e34a48d6,0.0,https://x.com/tpthompson/status/1217531556643799040,0.0,New South Sudan peace declaration brokered by Sant’Egidio comes into force — World Council of Churches https://t.co/rQFfnoixoW,,,,,,,,,,,,,,,South Sudan,Peace,Hate Speech,Peace,2026-01-15 15:40:46.723151 UTC,2325,,very_high,low,low,low,low,low,low,medium,,,,,,0.0,,,,0.0,0.0,0.0,0.0,,0.0,0.0,0.0,0.0,0.0,0.0,,0.0,0.0,0.0,0.0,0.0,0.0,0.0,0.0,0.0,0.0,0.0,0.0,0.0,0.0,0.0,0.0,0.0,0.0,0.0,0.0,0.0,0.0,0.0,0.0,0.0,0.0,0.0,,0.0,,,,0.0,0.0,,,,,,,,,,,0.9997043013572692,0.0001921725925058,0.0001033924854709,Normal,0.9997043013572692,,,,,0.9991984963417052,0.0008015155326575,not_hate_speech,0.9991984963417052,,,,,,,,,,,,,,,,,,,,,,,,,,,,,,
x,8c759dff-6518-21c0-4745-ac2c50a31e4e,DSProudfoot,1.0,2020-01-20,2020-01-20 11:26:11 UTC,1308.0,6c3f031b-08ee-114c-c9ae-3b58b5e2f83e,23.0,https://x.com/DSProudfoot/status/1219219567362396166,9.0,South Sudan needs sustainable peace - meeting Bishop Arkanjelo Wani Lemi and Father James Oyet of the South Sudan Council of Churches to discuss their role in promoting peace at the local and national levels #SSOT https://t.co/e0FDEhEFb0,,,,,,,,,,,,,,,South Sudan,Peace,Hate Speech,Peace,2026-01-15 15:40:46.723151 UTC,2325,,very_high,low,low,low,low,low,low,medium,,,,,,0.0,,,,0.0,0.0,0.0,0.0,,0.0,0.0,0.0,0.0,0.0,0.0,,0.0,0.0,0.0,0.0,0.0,0.0,0.0,0.0,0.0,0.0,0.0,0.0,0.0,0.0,0.0,0.0,0.0,0.0,0.0,0.0,0.0,0.0,0.0,0.0,0.0,0.0,0.0,,0.0,,,,0.0,0.0,,,,,,,,,,,0.9997205138206482,0.0001907262048916,8.878317748894915e-05,Normal,0.9997205138206482,,,,,0.9990565180778505,0.0009434398380108,not_hate_speech,0.9990565180778505,,,,,,,,,,,,,,,,,,,,,,,,,,,,,,
x,8c759dff-6518-21c0-4745-ac2c50a31e4e,DSProudfoot,0.0,2020-02-26,2020-02-26 13:00:21 UTC,1308.0,13bed959-c674-a3ca-8e6b-9229c4d6fcca,13.0,https://x.com/DSProudfoot/status/1232651616689541121,7.0,"Through its Action Plan for Peace, the South Sudan Council of Churches has fostered inter-communal reconciliation, and built capacity for peace, contributing significantly to the recent progress towards sustainable peace in #SouthSudan. Canada is proud to support. https://t.co/HfVY9637m5",,,,,,,,,,,,,,,South Sudan,Peace,Hate Speech,Peace,2026-01-15 15:40:46.723151 UTC,2325,,very_high,low,low,low,low,low,low,medium,,,,,,0.0,,,,0.0,0.0,0.0,1.0,,0.0,0.0,0.0,0.0,0.0,0.0,,0.0,0.0,0.0,0.0,0.0,0.0,0.0,0.0,0.0,0.0,0.0,1.0,1.0,0.0,0.0,0.0,0.0,0.0,0.0,0.0,0.0,0.0,0.0,0.0,0.0,0.0,0.0,,0.0,,,,0.0,0.0,,,,,,,,,,,0.9997202754020692,0.0001800194731913,9.959726594388484e-05,Normal,0.9997202754020692,,,,,0.9991441965103148,0.0008557926048524,not_hate_speech,0.9991441965103148,,,,,,,,,,,,,,,,,,,,,,,,,,,,,,
x,353f0c6b-314d-cd2f-8b24-f19c46d18799,SSCChurches,1.0,2020-03-03,2020-03-03 13:01:18 UTC,1308.0,39e8554f-c664-d5a5-1c3d-d94a30eb6c7d,30.0,https://x.com/SSCChurches/status/1234826182232887297,7.0,Her Royal Highness The Countess of Wessex pays a visit to SSCC and meet with a group of women from the Women link to discuss women’s role in peace building in South Sudan and the role of the Church in preventing GBV. https://t.co/zRdRHrvo87,,,,,,,,,,,,,,,South Sudan,Peace,Hate Speech,Peace,2026-01-15 15:40:46.723151 UTC,2325,,very_high,low,low,low,low,low,low,medium,,,,,,0.0,,,,0.0,0.0,0.0,0.0,,0.0,0.0,0.0,0.0,0.0,0.0,,0.0,0.0,0.0,0.0,0.0,0.0,0.0,0.0,0.0,0.0,0.0,0.0,0.0,0.0,0.0,0.0,0.0,0.0,0.0,0.0,0.0,0.0,0.0,0.0,0.0,0.0,0.0,,0.0,,,,0.0,0.0,,,,,,,,,,,0.9997137188911438,0.0001731720985844,0.0001131167809944,Normal,0.9997137188911438,,,,,0.9991198182106018,0.0008802275406196,not_hate_speech,0.9991198182106018,,,,,,,,,,,,,,,,,,,,,,,,,,,,,,
x,1a70a639-ae9f-c317-a92e-b384e36d1db3,jpchauzy,0.0,2020-03-10,2020-03-10 14:23:31 UTC,1308.0,536d99d8-c177-5546-624e-314427a46697,8.0,https://x.com/jpchauzy/status/1237383589521772544,2.0,Supporting #SouthSudan Council of Churches healing &amp; reconciliation efforts at community grass root level is crucial to foster intercommunal reconciliation says Bishop Stephen Nyadho Ador in #Malakal. @IOMSouthSudan is ready to provide much needed support to #MHPSS @Oikoumene https://t.co/ShxRUlFN1j,,,,,,,,,,,,,,,South Sudan,Peace,Hate Speech,Peace,2026-01-15 15:40:46.723151 UTC,2325,,very_high,low,low,low,low,low,low,medium,,,,,,0.0,,,,0.0,0.0,0.0,1.0,,1.0,0.0,0.0,0.0,0.0,0.0,,0.0,0.0,0.0,0.0,0.0,0.0,0.0,0.0,0.0,0.0,0.0,1.0,1.0,0.0,0.0,0.0,0.0,0.0,0.0,0.0,0.0,0.0,0.0,0.0,0.0,0.0,0.0,,0.0,,,,0.0,0.0,,,,,,,,,,,0.999667763710022,0.0002248909149784,0.0001073870516847,Normal,0.999667763710022,,,,,0.999088168144226,0.0009118871530517,not_hate_speech,0.999088168144226,,,,,,,,,,,,,,,,,,,,,,,,,,,,,,
x,61153342-4ea9-2979-7d8e-186b32f9e2e4,211Check,4.0,2020-03-20,2020-03-20 16:18:25 UTC,1308.0,f8ddbae6-c43b-9d0d-5985-4ac5f304c547,18.0,https://x.com/211Check/status/1241036381494939649,10.0,"Hello #SSOT, I am your new fact-checking partner.
#211CHECK is a fact-checking &amp; info  verification platform that works on countering misinformation &amp; disinformation in South Sudan.
For the coming few weeks we will focus on info related to COVID-19 using the #tag #COVID19RSS https://t.co/AaJnZIZi9E",,,,,,,,,,,,,,,South Sudan,Peace,Hate Speech,Peace,2026-01-15 15:40:46.723151 UTC,2325,,very_high,low,low,low,low,low,low,medium,,,,,,0.0,,,,0.0,0.0,1.0,0.0,,0.0,0.0,0.0,0.0,0.0,0.0,,0.0,0.0,0.0,0.0,0.0,0.0,0.0,0.0,0.0,0.0,1.0,0.0,0.0,0.0,0.0,0.0,0.0,0.0,0.0,0.0,0.0,0.0,0.0,0.0,0.0,0.0,0.0,,0.0,,,,0.0,0.0,,,,,,,,,,,0.9997301697731018,0.0001639193651499,0.0001059623464243,Normal,0.9997301697731018,,,,,0.9991362690925598,0.0008638025028631,not_hate_speech,0.9991362690925598,,,,,,,,,,,,,,,,,,,,,,,,,,,,,,
x,b3a579e1-a5a8-1fd3-d80d-77b17812d949,nelsonkwaje,1.0,2020-03-21,2020-03-21 07:36:10 UTC,1308.0,cb1eb680-fd4c-88c5-0b0b-1e05cd5e12c3,4.0,https://x.com/nelsonkwaje/status/1241267342883131393,0.0,"Hey @biz we have started a #COVID19 fact-checking platform to counter misinformation about the virus in South Sudan.

Please help us verify the account @211Check 

Cheers 
Nelson",,,,,,,,,,,,,,,South Sudan,Peace,Hate Speech,Peace,2026-01-15 15:40:46.723151 UTC,2325,,very_high,low,low,low,low,low,low,low,,,,,,0.0,,,,0.0,0.0,1.0,0.0,,0.0,0.0,0.0,0.0,0.0,0.0,,0.0,0.0,0.0,0.0,1.0,0.0,0.0,0.0,0.0,0.0,1.0,0.0,0.0,0.0,0.0,0.0,0.0,0.0,0.0,0.0,0.0,0.0,0.0,0.0,0.0,0.0,0.0,,0.0,,,,0.0,0.0,,,,,,,,,,,0.9996662139892578,0.0001924737880472,0.0001413729478372,Normal,0.9996662139892578,,,,,0.999158501625061,0.0008415253832936,not_hate_speech,0.999158501625061,,,,,,,,,,,,,,,,,,,,,,,,,,,,,,
x,b901e68b-9c0c-93f8-d596-aa1ff6297ce9,Evalopa,0.0,2020-03-22,2020-03-22 11:26:44 UTC,1308.0,8a8b1ae3-b021-f5c0-a1a3-e90f8572f0b4,10.0,https://x.com/Evalopa/status/1241687751549947904,7.0,"Our own @KidenLulu of @211Check and @WHOSouthSudan’s Dr. Abraham are currently live on @cityfmjuba discussing fact checking, misinformation and other details concerning #COVID19RSS. Tune in #SouthSudan #SSOT",,,,,,,,,,,,,,,South Sudan,Peace,Peace,Peace,2026-01-15 15:40:46.723151 UTC,2325,,very_high,low,low,low,low,low,low,medium,,,,,,0.0,,,,0.0,0.0,1.0,0.0,,0.0,0.0,0.0,0.0,0.0,0.0,,0.0,0.0,0.0,0.0,0.0,0.0,0.0,0.0,0.0,0.0,1.0,0.0,0.0,0.0,0.0,0.0,0.0,0.0,0.0,0.0,0.0,0.0,0.0,0.0,0.0,0.0,0.0,,0.0,,,,0.0,0.0,,,,,,,,,,,0.9996041655540466,0.0002772507432382,0.0001186205918202,Normal,0.9996041655540466,,,,,0.9984538555145264,0.0015460985014215,not_hate_speech,0.9984538555145264,,,,,,,,,,,,,,,,,,,,,,,,,,,,,,
x,93787f3d-7945-eb3a-88e6-186989c9f34d,Oikoumene,0.0,2020-03-30,2020-03-30 16:09:32 UTC,1308.0,4ce82bf1-1010-2541-2dae-0a913a6fa67d,10.0,https://x.com/Oikoumene/status/1244658023714320390,4.0,"In a letter to the South Sudan Council of Churches and member churches in South Sudan, #WorldCouncilofChurches general secretary Rev. Dr @OlavTveit conveyed the WCC’s great relief and gratitude to God that the long-delayed establishment of the… https://t.co/sfKFYZ6jKl #WCC",,,,,,,,,,,,,,,South Sudan,Peace,Hate Speech,Peace,2026-01-15 15:40:46.723151 UTC,2325,,very_high,low,low,low,low,low,low,medium,,,,,,0.0,,,,0.0,0.0,0.0,0.0,,0.0,0.0,0.0,0.0,0.0,0.0,,0.0,0.0,0.0,0.0,0.0,0.0,0.0,0.0,0.0,0.0,0.0,0.0,0.0,0.0,0.0,0.0,0.0,0.0,0.0,0.0,0.0,0.0,0.0,0.0,0.0,0.0,0.0,,0.0,,,,0.0,0.0,,,,,,,,,,,0.9997245669364928,0.0001862320641521,8.920075197238475e-05,Normal,0.9997245669364928,,,,,0.9989640712738036,0.0010359664447605,not_hate_speech,0.9989640712738036,,,,,,,,,,,,,,,,,,,,,,,,,,,,,,
x,3f2b3e5d-b669-c903-5921-5ab46131fac0,NewsAyn,0.0,2020-03-31,2020-03-31 00:08:36 UTC,1308.0,dc2d68a6-14f9-b150-7f10-3dd3188f76c1,0.0,https://x.com/NewsAyn/status/1244778586126651393,0.0,"South Sudan: World Council of Churches (WCC) general secretary welcomes establishment of transitional unity government in South Sudan, expresses concern over threat of COVID-19 https://t.co/EHyflCGOuA https://t.co/LnBvpNgs1X",,,,,,,,,,,,,,,South Sudan,Peace,Other,Peace,2026-01-15 15:40:46.723151 UTC,2325,,very_high,low,low,low,low,low,low,medium,,,,,,0.0,,,,0.0,0.0,0.0,0.0,,1.0,0.0,0.0,0.0,0.0,0.0,,0.0,0.0,0.0,0.0,0.0,0.0,0.0,0.0,0.0,0.0,0.0,0.0,0.0,0.0,0.0,0.0,0.0,0.0,0.0,0.0,0.0,0.0,0.0,0.0,0.0,0.0,0.0,,0.0,,,,0.0,0.0,,,,,,,,,,,0.999711573123932,0.0001738713908707,0.0001144695779657,Normal,0.999711573123932,,,,,0.9992104768753052,0.0007895213202573,not_hate_speech,0.9992104768753052,,,,,,,,,,,,,,,,,,,,,,,,,,,,,,
x,61153342-4ea9-2979-7d8e-186b32f9e2e4,211Check,3.0,2020-04-07,2020-04-07 18:45:34 UTC,1308.0,2d5ff47b-3ad1-ea10-831d-763c341300f1,18.0,https://x.com/211Check/status/1247596396955475974,11.0,"#DEFYHATENOW &amp; #211CHECK's Statement on misinformation related to COVID-19 in South Sudan,
April 7th 2020
#211CHECK  #COVID19   #COVID19SS  

@defyhatenow 

https://t.co/bJfm6qrWxl https://t.co/xB6Curlj4C",,,,,,,,,,,,,,,South Sudan,Peace,Hate Speech,Peace,2026-01-15 15:40:46.723151 UTC,2325,,very_high,low,low,low,low,low,low,medium,,,,,,0.0,,,,0.0,0.0,1.0,0.0,,0.0,0.0,0.0,0.0,0.0,0.0,,0.0,0.0,0.0,0.0,0.0,0.0,0.0,0.0,0.0,0.0,1.0,0.0,0.0,0.0,0.0,0.0,0.0,0.0,0.0,0.0,0.0,0.0,0.0,0.0,0.0,0.0,0.0,,0.0,,,,0.0,0.0,,,,,,,,,,,0.9994705319404602,0.0003540018515195,0.0001754576660459,Normal,0.9994705319404602,,,,,0.9990399479866028,0.0009599937475286,not_hate_speech,0.9990399479866028,,,,,,,,,,,,,,,,,,,,,,,,,,,,,,
x,e5c2aeed-d2c6-29e2-c39b-5880bca0c1a4,JamesVener,0.0,2020-04-16,2020-04-16 23:58:06 UTC,1308.0,f5093a42-c72f-1812-ee88-ad3fb1af8cba,3.0,https://x.com/JamesVener/status/1250936538126585857,0.0,"Amazing stories - Nelson, Program Director for #DefyHateNow, a community organization based in South Sudan, helped to initiate the #211CHECK collective, a digital community of youth who collaborate to fight misinformation  on coronavirus prevention &amp; protection, #covid19ss",,,,,,,,,,,,,,,South Sudan,Peace,Other,Peace,2026-01-15 15:40:46.723151 UTC,2325,,very_high,low,low,low,low,low,low,medium,,,,,,0.0,,,,0.0,0.0,1.0,0.0,,0.0,0.0,0.0,0.0,0.0,0.0,,0.0,0.0,0.0,0.0,0.0,0.0,0.0,0.0,0.0,0.0,1.0,0.0,0.0,0.0,0.0,0.0,0.0,0.0,0.0,0.0,0.0,0.0,0.0,0.0,0.0,0.0,0.0,,0.0,,,,0.0,0.0,,,,,,,,,,,0.999642252922058,0.0002400858647888,0.0001176393489004,Normal,0.999642252922058,,,,,0.9987384676933287,0.0012614951701834,not_hate_speech,0.9987384676933287,,,,,,,,,,,,,,,,,,,,,,,,,,,,,,
x,206ec469-8515-48df-1af7-c2f412bd7335,AkauJambo,40.0,2020-05-22,2020-05-22 02:37:59 UTC,1308.0,bc62c1cf-6b8d-91cb-c581-6c0f1796f935,185.0,https://x.com/AkauJambo/status/1263660347497631746,39.0,"The hardest Part about Marrying a South Sudanese is the fact that her relatives feel like u are forever in debt to them. After dowry, They expect you to send money even to those u don’t know. It feels like a mortgage.This has to change

We got other plans &amp; dreams after marriage",,,,,,,,,,,,,,,South Sudan,Peace,Hate Speech,Peace,2026-01-15 15:40:46.723151 UTC,2325,very_high,,low,low,low,low,low,low,medium,,,,,,0.0,,,,0.0,0.0,0.0,0.0,,0.0,0.0,0.0,0.0,0.0,0.0,,0.0,0.0,0.0,0.0,0.0,0.0,0.0,0.0,0.0,0.0,0.0,0.0,0.0,0.0,0.0,0.0,0.0,0.0,0.0,0.0,0.0,0.0,0.0,0.0,1.0,0.0,1.0,,0.0,,,,0.0,0.0,,,,,,,,,,,0.0171019192785024,0.7073798179626465,0.2755182087421417,Abusive,0.7073798179626465,,,,,0.9989997744560242,0.0010002185590565,not_hate_speech,0.9989997744560242,,,,,,,,,,,,,,,,,,,,,,,,,,,,,,
x,426a4013-47c8-d764-e263-6969d2e06a60,LaCroixInt,2.0,2020-06-23,2020-06-23 23:31:40 UTC,1308.0,75c2dbe0-7672-694e-363b-669dbc1a6fe4,1.0,https://x.com/LaCroixInt/status/1275572261324537856,0.0,"Ecumenical body calls for #peace in world's youngest nation
https://t.co/AEPNDRDnG5",,,,,,,,,,,,,,,South Sudan,Peace,Other,Peace,2026-01-15 15:40:46.723151 UTC,2325,,high,low,low,low,low,low,low,medium,,,,,,0.0,,,,0.0,0.0,0.0,0.0,,0.0,0.0,0.0,0.0,0.0,0.0,,0.0,0.0,0.0,0.0,0.0,0.0,0.0,0.0,0.0,0.0,0.0,0.0,0.0,0.0,0.0,0.0,0.0,0.0,0.0,0.0,0.0,0.0,0.0,0.0,0.0,0.0,0.0,,0.0,,,,0.0,0.0,,,,,,,,,,,0.9990777969360352,0.0006673183524981,0.0002548955671954,Normal,0.9990777969360352,,,,,0.9991772770881652,0.0008226759382523,not_hate_speech,0.9991772770881652,,,,,,,,,,,,,,,,,,,,,,,,,,,,,,
x,8e03f802-29a8-6846-29a9-fff2916bf8f2,AlfredYouhanis,0.0,2020-06-26,2020-06-26 21:17:42 UTC,1308.0,f69bc1b6-0f7d-6b70-48af-4971250ed8cf,0.0,https://x.com/AlfredYouhanis/status/1276625710635982849,0.0,"The top South Sudan Council of Churches  paid a courtesy call to the the FVP H.E.Dr.Riek Machar, in his office today .
Also present was the Minister of Defense and Veterans Affairs, Madam Angelina Teny 
The church leaders prayed for peace in the country . https://t.co/31yGlDz6h1",,,,,,,,,,,,,,,South Sudan,Peace,Hate Speech,Peace,2026-01-15 15:40:46.723151 UTC,2325,,very_high,low,low,low,low,low,low,medium,,,,,,0.0,,,,0.0,0.0,0.0,0.0,,0.0,0.0,0.0,0.0,0.0,0.0,,0.0,0.0,0.0,0.0,0.0,0.0,0.0,0.0,0.0,0.0,0.0,0.0,0.0,0.0,0.0,0.0,0.0,0.0,0.0,0.0,0.0,0.0,0.0,0.0,0.0,0.0,0.0,,0.0,,,,0.0,0.0,,,,,,,,,,,0.9996674060821532,0.0002037726953858,0.0001288265775656,Normal,0.9996674060821532,,,,,0.9990071654319764,0.0009928225772455,not_hate_speech,0.9990071654319764,,,,,,,,,,,,,,,,,,,,,,,,,,,,,,
x,353f0c6b-314d-cd2f-8b24-f19c46d18799,SSCChurches,2.0,2020-07-09,2020-07-09 08:03:40 UTC,1308.0,2fc754d5-a9a9-174e-0172-ebebc0271195,6.0,https://x.com/SSCChurches/status/1281136927509544960,0.0,"SSCC wishes all South Sudanese across the globe a happy and blessed 9th celebration of Independence Day. May this day bring peace, love and hope to our beloved nation South Sudan. https://t.co/X22zvr39ux",,,,,,,,,,,,,,,South Sudan,Peace,Hate Speech,Peace,2026-01-15 15:40:46.723151 UTC,2325,,high,low,low,low,low,low,low,medium,,,,,,0.0,,,,0.0,0.0,0.0,0.0,,0.0,0.0,0.0,0.0,0.0,0.0,,0.0,0.0,0.0,0.0,0.0,0.0,0.0,0.0,0.0,0.0,0.0,0.0,0.0,0.0,0.0,0.0,0.0,0.0,0.0,0.0,0.0,0.0,0.0,0.0,0.0,0.0,0.0,,0.0,,,,0.0,0.0,,,,,,,,,,,0.9996883869171144,0.0002066081215161,0.0001049468264682,Normal,0.9996883869171144,,,,,0.9990874528884888,0.0009125873330049,not_hate_speech,0.9990874528884888,,,,,,,,,,,,,,,,,,,,,,,,,,,,,,
x,2c00e374-285e-d32a-d6d1-8e56ddea4bdd,FECCLAHA,1.0,2020-08-06,2020-08-06 12:51:20 UTC,1308.0,b5cdfefe-2425-21ed-91dd-20e4eeb5af82,16.0,https://x.com/FECCLAHA/status/1291356180477087746,2.0,"Happening now:

Regional Peace Programme (RPP) and South Sudan Council of Churches (SSCC) youth meeting on peace engagements in South Sudan.
@iphrdafrica 
@AaccCeta 
@ArigatouGNRC 
@NorChurchAid 
@SSCChurches https://t.co/NTNZBfBYxV",,,,,,,,,,,,,,,South Sudan,Peace,Hate Speech,Peace,2026-01-15 15:40:46.723151 UTC,2325,,very_high,low,low,low,low,low,low,medium,,,,,,0.0,,,,0.0,0.0,0.0,0.0,,0.0,0.0,0.0,0.0,0.0,0.0,,0.0,0.0,0.0,0.0,0.0,0.0,0.0,0.0,0.0,0.0,0.0,0.0,0.0,0.0,0.0,0.0,0.0,0.0,0.0,0.0,0.0,0.0,0.0,0.0,0.0,0.0,0.0,,0.0,,,,0.0,0.0,,,,,,,,,,,0.9996871948242188,0.000184621050721,0.0001282385201193,Normal,0.9996871948242188,,,,,0.999015212059021,0.000984798069112,not_hate_speech,0.999015212059021,,,,,,,,,,,,,,,,,,,,,,,,,,,,,,
x,353f0c6b-314d-cd2f-8b24-f19c46d18799,SSCChurches,7.0,2020-09-03,2020-09-03 09:44:30 UTC,1308.0,a8f8cd07-9a9b-761e-b1c4-1cf21f3e90a3,37.0,https://x.com/SSCChurches/status/1301456023551700993,19.0,South Sudan Council of churches has launched the first ever Ecumenical Trauma Healing  Manual in South Sudan aimed at offering a standard and coherent approach for Churches &amp; its partners to address Trauma &amp; healing among communities in the  country. https://t.co/TLqc85Yd8u,,,,,,,,,,,,,,,South Sudan,Peace,Peace,Peace,2026-01-15 15:40:46.723151 UTC,2325,,very_high,low,low,low,low,low,low,medium,,,,,,0.0,,,,0.0,0.0,0.0,0.0,,1.0,0.0,0.0,0.0,0.0,0.0,,0.0,0.0,0.0,0.0,0.0,0.0,0.0,0.0,0.0,0.0,0.0,0.0,0.0,0.0,0.0,0.0,0.0,0.0,0.0,0.0,0.0,0.0,0.0,0.0,0.0,0.0,0.0,,0.0,,,,0.0,0.0,,,,,,,,,,,0.9997476935386658,0.0001707653718767,8.148169581545517e-05,Normal,0.9997476935386658,,,,,0.9990140199661256,0.0009859804995357,not_hate_speech,0.9990140199661256,,,,,,,,,,,,,,,,,,,,,,,,,,,,,,
x,353f0c6b-314d-cd2f-8b24-f19c46d18799,SSCChurches,3.0,2020-09-18,2020-09-18 14:50:51 UTC,1308.0,8f3f9c0c-0696-8c52-eb14-cbc00833fbec,22.0,https://x.com/SSCChurches/status/1306968935682564096,9.0,"Don't forget to follow these amazing panelists as they discuss pertinent issues in the country, live on our Facebook page ""South Sudan Council of Churches"" on the International Day of Peace.
#IDP2020 #SSOT #shapingpeacetogether https://t.co/9Q7lArj4Rj",,,,,,,,,,,,,,,South Sudan,Peace,Other,Peace,2026-01-15 15:40:46.723151 UTC,2325,,very_high,low,low,low,low,low,low,low,,,,,,0.0,,,,0.0,0.0,0.0,0.0,,0.0,0.0,0.0,0.0,0.0,0.0,,0.0,0.0,0.0,0.0,0.0,0.0,0.0,0.0,0.0,0.0,0.0,0.0,0.0,0.0,0.0,0.0,0.0,0.0,0.0,0.0,0.0,0.0,0.0,0.0,0.0,0.0,0.0,,0.0,,,,0.0,0.0,,,,,,,,,,,0.9996943473815918,0.0001929137943079,0.0001127802461269,Normal,0.9996943473815918,,,,,0.9991447925567628,0.0008551787468604,not_hate_speech,0.9991447925567628,,,,,,,,,,,,,,,,,,,,,,,,,,,,,,
x,88a63ff5-e04d-6562-f84f-d1f9d85a835a,WVSouthSudan,0.0,2020-09-21,2020-09-21 05:52:40 UTC,1308.0,acb6970b-cb47-58e2-16bd-eb53461a36d3,14.0,https://x.com/WVSouthSudan/status/1307920663362052096,7.0,"🕊#DayofPeace: As we celebrate #InternationalDayofPeace2020, @WorldVision joins the #EcumenicalNetworkofSouthSudan &amp; #SouthSudan Council of Churches in an urgent call to ""End violence &amp; shape peace together""

Read full statement https://t.co/DALHN6KAva
#ShapingPeaceTogether https://t.co/uFQlDvIRkX",,,,,,,,,,,,,,,South Sudan,Peace,Other,Peace,2026-01-15 15:40:46.723151 UTC,2325,,very_high,low,low,low,low,low,low,medium,,,,,,0.0,,,,0.0,0.0,0.0,0.0,,0.0,0.0,0.0,0.0,0.0,0.0,,0.0,0.0,0.0,0.0,0.0,0.0,0.0,0.0,0.0,0.0,0.0,0.0,0.0,0.0,0.0,0.0,0.0,0.0,0.0,0.0,0.0,0.0,0.0,0.0,0.0,0.0,0.0,,0.0,,,,0.0,0.0,,,,,,,,,,,0.9997279047966005,0.000164911369211,0.0001071275619324,Normal,0.9997279047966005,,,,,0.9991482496261596,0.0008517749956808,not_hate_speech,0.9991482496261596,,,,,,,,,,,,,,,,,,,,,,,,,,,,,,
x,f1144a2e-4f6e-3900-0928-2f384cce1bea,MapuorP,1.0,2020-09-21,2020-09-21 08:51:14 UTC,1308.0,3b76c94f-b7f1-c7b2-2b09-ec90a61bea90,2.0,https://x.com/MapuorP/status/1307965601223192577,0.0,"With support of Her Majesty UK Government through Christian Aid, South Sudan Council of Churches- Women Link joins the world to celebrate international peace day in Lakes State-Rumbek. https://t.co/IFtAKyGGOF",,,,,,,,,,,,,,,South Sudan,Peace,Hate Speech,Peace,2026-01-15 15:40:46.723151 UTC,2325,,very_high,low,low,low,low,low,low,medium,,,,,,0.0,,,,0.0,0.0,0.0,0.0,,0.0,0.0,0.0,0.0,0.0,0.0,,0.0,0.0,0.0,0.0,0.0,0.0,0.0,0.0,0.0,0.0,0.0,0.0,0.0,0.0,0.0,0.0,0.0,0.0,0.0,0.0,0.0,0.0,0.0,0.0,0.0,0.0,0.0,,0.0,,,,0.0,0.0,,,,,,,,,,,0.999695897102356,0.0002024157001869,0.0001016198148136,Normal,0.999695897102356,,,,,0.999147653579712,0.0008522757561877,not_hate_speech,0.999147653579712,,,,,,,,,,,,,,,,,,,,,,,,,,,,,,
x,451c7100-106c-da04-6045-a2c3e18767d6,RadioMiraya,1.0,2020-09-21,2020-09-21 11:02:34 UTC,1308.0,79a02d20-3c31-1327-be79-a7474599aab9,8.0,https://x.com/RadioMiraya/status/1307998650992340995,2.0,"The #SouthSudan Council of Churches says slow pace of the peace implementation, inter-communal violence and floods have made worse the already dire humanitarian situation in the country 
The Council’s Secretary general Father Oyet Latansio acknowledged the progress made so far. https://t.co/rIkFAFArDO",,,,,,,,,,,,,,,South Sudan,Peace,Hate Speech,Peace,2026-01-15 15:40:46.723151 UTC,2325,,very_high,low,low,low,low,low,low,medium,,,,,,0.0,,,,0.0,0.0,0.0,0.0,,0.0,0.0,0.0,0.0,0.0,0.0,,0.0,0.0,0.0,0.0,0.0,0.0,0.0,0.0,0.0,0.0,0.0,0.0,0.0,0.0,0.0,0.0,0.0,0.0,0.0,0.0,0.0,0.0,0.0,0.0,0.0,0.0,0.0,,0.0,,,,0.0,0.0,,,,,,,,,,,0.999681830406189,0.0002260050096083,9.226658585248516e-05,Normal,0.999681830406189,,,,,0.9991342425346376,0.0008657334255985,not_hate_speech,0.9991342425346376,,,,,,,,,,,,,,,,,,,,,,,,,,,,,,
x,7bbdb11a-b15e-9b4d-64f0-60f8dd1b0bf6,AnglicanUnion,0.0,2020-09-21,2020-09-21 11:30:21 UTC,1308.0,2f09f4ea-201b-2d52-f438-cb68fd104f69,3.0,https://x.com/AnglicanUnion/status/1308005643194949633,4.0,"Today is the International Day of Peace and efforts  are underwayv exploring issues of peace in S.Sudan  with excellent panelists as they discuss pertinent issues on Facebook  ""South Sudan Council of Churches"" on 
#IDP2020 #SSOT #shapingpeacetogether https://t.co/DeBGcvOHKk",,,,,,,,,,,,,,,South Sudan,Peace,Hate Speech,Peace,2026-01-15 15:40:46.723151 UTC,2325,,very_high,low,low,low,low,low,low,medium,,,,,,0.0,,,,0.0,0.0,0.0,0.0,,0.0,0.0,0.0,0.0,0.0,0.0,,0.0,0.0,0.0,0.0,0.0,0.0,0.0,0.0,0.0,0.0,0.0,0.0,0.0,0.0,0.0,0.0,0.0,0.0,0.0,0.0,0.0,0.0,0.0,0.0,0.0,0.0,0.0,,0.0,,,,0.0,0.0,,,,,,,,,,,0.9996745586395264,0.0002109149936586,0.000114549533464,Normal,0.9996745586395264,,,,,0.9991402626037598,0.0008596664993092,not_hate_speech,0.9991402626037598,,,,,,,,,,,,,,,,,,,,,,,,,,,,,,
x,e14000e9-6f50-263a-06ea-ed1a9e2219e0,capahq,0.0,2020-09-21,2020-09-21 13:10:12 UTC,1308.0,f88a0c95-03a0-019f-14d3-0e62d2b1c264,0.0,https://x.com/capahq/status/1308030770083237888,0.0,"We join  the South Sudan Council of Churches @SSCChurches in urging commitment towards the Peace Process in South Sudan with an immediate stop to violence. 

https://t.co/wyL2bLHWnc",,,,,,,,,,,,,,,South Sudan,Peace,Hate Speech,Peace,2026-01-15 15:40:46.723151 UTC,2325,,very_high,low,low,low,low,low,low,medium,,,,,,0.0,,,,0.0,0.0,0.0,0.0,,0.0,0.0,0.0,0.0,0.0,0.0,,0.0,0.0,0.0,0.0,0.0,0.0,0.0,0.0,0.0,0.0,0.0,0.0,0.0,0.0,0.0,0.0,0.0,0.0,0.0,0.0,0.0,0.0,0.0,0.0,0.0,0.0,0.0,,0.0,,,,0.0,0.0,,,,,,,,,,,0.9995940327644348,0.0001912614097818,0.0002147063642041,Normal,0.9995940327644348,,,,,0.9992153644561768,0.0007846289081498,not_hate_speech,0.9992153644561768,,,,,,,,,,,,,,,,,,,,,,,,,,,,,,
x,803330d4-4d46-f5fc-bf1a-0a6b746af905,mission21Basel,0.0,2020-09-21,2020-09-21 14:32:25 UTC,1308.0,8f37afe2-7f2a-d536-342b-2b194cb04585,0.0,https://x.com/mission21Basel/status/1308051461440405504,0.0,"Join us today at 5 PM on Zoom for our webinar in English ""Hope for Lasting Peace"" with the General Secretary of the South Sudan Council of Churches: https://t.co/9pU6G40hA6
#InternationalPeaceDay",,,,,,,,,,,,,,,South Sudan,Peace,Hate Speech,Peace,2026-01-15 15:40:46.723151 UTC,2325,,very_high,low,low,low,low,low,low,medium,,,,,,0.0,,,,0.0,0.0,0.0,0.0,,0.0,0.0,0.0,0.0,0.0,0.0,,0.0,0.0,0.0,0.0,0.0,0.0,0.0,0.0,0.0,0.0,0.0,0.0,0.0,0.0,0.0,0.0,0.0,0.0,0.0,0.0,0.0,0.0,0.0,0.0,0.0,0.0,0.0,,0.0,,,,0.0,0.0,,,,,,,,,,,0.99969482421875,0.0002068874455289,9.829258488025516e-05,Normal,0.99969482421875,,,,,0.9990726709365844,0.0009273262112401,not_hate_speech,0.9990726709365844,,,,,,,,,,,,,,,,,,,,,,,,,,,,,,
x,532af643-e10c-5b55-0ad6-b27fb06c135e,trocaire,0.0,2020-09-21,2020-09-21 16:55:28 UTC,1308.0,b11085b5-e1eb-f997-5ea8-438aa38d0a31,17.0,https://x.com/trocaire/status/1308087462930063362,6.0,"On #PeaceDay Trocaire's partner, South Sudan Council of Churches, highlights the urgent need for peace in South Sudan. @SSCChurches call for a speeding up of the peace process. Read the statement by Ecumenical Network on #SouthSudan partners here: https://t.co/1odEnLQbtL",,,,,,,,,,,,,,,South Sudan,Peace,Hate Speech,Peace,2026-01-15 15:40:46.723151 UTC,2325,,very_high,low,low,low,low,low,low,medium,,,,,,0.0,,,,0.0,0.0,0.0,0.0,,0.0,0.0,0.0,0.0,0.0,0.0,,0.0,0.0,0.0,0.0,0.0,0.0,0.0,0.0,0.0,0.0,0.0,0.0,0.0,0.0,0.0,0.0,0.0,0.0,0.0,0.0,0.0,0.0,0.0,0.0,0.0,0.0,0.0,,0.0,,,,0.0,0.0,,,,,,,,,,,0.9996668100357056,0.0002133014495484,0.0001199364269268,Normal,0.9996668100357056,,,,,0.9992085099220276,0.0007915715686976,not_hate_speech,0.9992085099220276,,,,,,,,,,,,,,,,,,,,,,,,,,,,,,
x,353f0c6b-314d-cd2f-8b24-f19c46d18799,SSCChurches,2.0,2020-10-20,2020-10-20 06:46:36 UTC,1308.0,3ac17b3d-ae1e-4981-0865-1245c915f7c5,12.0,https://x.com/SSCChurches/status/1318443481384292353,2.0,"As SSCC embarks on a church led peace mediation process for a sustainable peace in Greater Jonglei, Church leaders from Jonglei have gathered at Kit, The Good Sheppard Peace Center for a 5 days healing retreat to mold the Church Leaders to become ambassadors of peace in the state https://t.co/WyIfzxA1WY",,,,,,,,,,,,,,,South Sudan,Peace,Hate Speech,Peace,2026-01-15 15:40:46.723151 UTC,2325,,very_high,low,low,low,low,low,low,low,,,,,,0.0,,,,0.0,0.0,0.0,0.0,,1.0,0.0,0.0,0.0,0.0,0.0,,0.0,0.0,0.0,0.0,0.0,0.0,0.0,0.0,0.0,0.0,0.0,0.0,0.0,0.0,0.0,0.0,0.0,0.0,0.0,0.0,0.0,0.0,0.0,0.0,0.0,0.0,0.0,,0.0,,,,0.0,0.0,,,,,,,,,,,0.9997151494026184,0.0001785937929525,0.0001061697475961,Normal,0.9997151494026184,,,,,0.9991757273674012,0.0008242008625529,not_hate_speech,0.9991757273674012,,,,,,,,,,,,,,,,,,,,,,,,,,,,,,
x,c64c3874-3084-5f09-01e7-9d4f63f09599,ayemojubar,23.0,2020-11-10,2020-11-10 21:51:47 UTC,1308.0,2c2e4994-e101-4dab-2bee-1780c4c98b27,244.0,https://x.com/ayemojubar/status/1326281423595188227,261.0,"#PassElectoralBill #EndSARS 
#PassElectoralBill #EndSARS 
#PassElectoralBill #EndSARS 
#PassElectoralBill #EndSARS 
#PassElectoralBill #EndSARS 
#PassElectoralBill #EndSARS 
#PassElectoralBill #EndSARS 

Just copy, paste and post.",,,,,,,,,,,,,,,South Sudan,Peace,Hate Speech,Peace,2026-01-15 15:40:46.723151 UTC,2325,,very_high,low,low,low,low,low,low,medium,,,,,,0.0,,,,0.0,0.0,0.0,0.0,,0.0,0.0,0.0,0.0,0.0,0.0,,0.0,0.0,0.0,0.0,0.0,0.0,0.0,0.0,0.0,0.0,0.0,0.0,0.0,0.0,0.0,0.0,0.0,0.0,0.0,0.0,0.0,0.0,0.0,0.0,0.0,0.0,0.0,,0.0,,,,0.0,0.0,,,,,,,,,,,0.99934059381485,0.0003358215326443,0.0003235412586946,Normal,0.99934059381485,,,,,0.9988595247268676,0.0011404510587453,not_hate_speech,0.9988595247268676,,,,,,,,,,,,,,,,,,,,,,,,,,,,,,
x,9eefabf9-4b92-f044-15d4-6dcd0ad64249,defyhatenow,1.0,2020-11-16,2020-11-16 18:57:01 UTC,1308.0,face84fd-8e3d-c579-4e89-b4d406e3b4ee,13.0,https://x.com/defyhatenow/status/1328411770592124928,6.0,"congratulations #defyhatenow South Sudan for your new partnership with UNDP South Sudan’s Communications and Innovations Unit on the fight against misinformation and hate speech using #211CHECK, while at the same time, building awareness during these unpre https://t.co/WVvhMYXjFd",,,,,,,,,,,,,,,South Sudan,Peace,Hate Speech,Peace,2026-01-15 15:40:46.723151 UTC,2325,,very_high,low,low,low,low,low,low,medium,,,,,,0.0,,,,0.0,0.0,1.0,0.0,,0.0,0.0,0.0,0.0,0.0,0.0,,0.0,0.0,0.0,0.0,0.0,0.0,0.0,0.0,0.0,0.0,1.0,0.0,0.0,0.0,0.0,0.0,0.0,0.0,0.0,0.0,0.0,0.0,0.0,0.0,0.0,0.0,0.0,,0.0,,,,0.0,0.0,,,,,,,,,,,0.9996045231819152,0.0002488066093064,0.0001466905378038,Normal,0.9996045231819152,,,,,0.9991732239723206,0.0008267214288935,not_hate_speech,0.9991732239723206,,,,,,,,,,,,,,,,,,,,,,,,,,,,,,
x,353f0c6b-314d-cd2f-8b24-f19c46d18799,SSCChurches,3.0,2020-11-18,2020-11-18 06:01:03 UTC,1308.0,a8e3853f-0d9e-51fc-f5ef-baa36c479f3a,18.0,https://x.com/SSCChurches/status/1328941267921874948,5.0,This morning SSCC is privileged to receive a team from the @AaccCeta as they pay a Peace and Solidarity visit to South Sudan. https://t.co/d72e5jZjsF,,,,,,,,,,,,,,,South Sudan,Peace,Hate Speech,Peace,2026-01-15 15:40:46.723151 UTC,2325,,very_high,low,low,low,low,low,low,medium,,,,,,0.0,,,,0.0,0.0,0.0,0.0,,0.0,0.0,0.0,0.0,0.0,0.0,,0.0,0.0,0.0,0.0,0.0,0.0,0.0,0.0,0.0,0.0,0.0,0.0,0.0,0.0,0.0,0.0,0.0,0.0,0.0,0.0,0.0,0.0,0.0,0.0,0.0,0.0,0.0,,0.0,,,,0.0,0.0,,,,,,,,,,,0.9996724128723145,0.0002266034862259,0.0001009326515486,Normal,0.9996724128723145,,,,,0.9990988969802856,0.0009010898647829,not_hate_speech,0.9990988969802856,,,,,,,,,,,,,,,,,,,,,,,,,,,,,,
